country,date,HICP_FoodNonAlcoholic_Index,HICP_Food_Index,HICP_CerealsCerealProducts_Index,HICP_Cereals_Index,HICP_Total_Index,Inflation_Total_MoM,Inflation_Total_YoY,Inflation_FoodNonAlcoholic_MoM,Inflation_FoodNonAlcoholic_YoY,Inflation_Food_MoM,Inflation_Food_YoY,Inflation_CerealsCerealProducts_MoM,Inflation_CerealsCerealProducts_YoY,Inflation_Cereals_MoM,Inflation_Cereals_YoY,ProducerPriceIndex,ProductionVolume_SA_BroadIndustry,ProductionVolume_SA_Manufacturing,ProductionVolume_SA_ElectricityGasSteamAC,UnemploymentPercentage_SA,UnemploymentThousandPersons_SA,TIME_PERIOD.x,NEER_HUF20,NEER_HUF21,NEER_HUF27,NEER_HUF37,NEER_HUF42,NEER42_Depreciation_MoM,NEER42_Depreciation_YoY,TIME_PERIOD.y,EURHUF_Average,EURHUF_EndOfPeriod,EURHUF_Depreciation_MoM,EA_HICP_Index,EA_Inflation_MoM,EA_Inflation_YoY,World_Energy_Index,World_Food_Index,World_Energy_Growth_MoM,World_Food_Growth_MoM,TIME_PERIOD,NEER_SK20,NEER_SK21,NEER_SK27,NEER_SK37,NEER_SK42,EURSKK_Average,EURSKK_Depreciation_MoM
Hungary,1996-01-01,29.75,NA,NA,NA,29.31,NA,NA,NA,NA,NA,NA,NA,NA,NA,NA,NA,NA,NA,NA,10.3,409,1996-01,166.25622,164.26927,154.85573,151.50147,134.16214,1.0227617548604684,24.33361573703401,1996-01,183.3,184.06,1.1081357565963401,70.97,NA,NA,26.4,67.4,1.1428695823622714,0.5952398527295344,NA,NA,NA,NA,NA,NA,NA,NA
Hungary,1996-02-01,30.33,NA,NA,NA,30.01,2.3601904729474654,NA,1.9308189708850954,NA,NA,NA,NA,NA,NA,NA,NA,NA,NA,NA,10.1,404,1996-02,163.82847,161.88279,152.95992,149.62676,132.5554,1.2048397242041986,24.977082164074726,1996-02,186.07,185.86,1.4998792153890328,71.29,0.4498812592645507,NA,28.4,68.7,7.302513501488983,1.910418131004299,NA,NA,NA,NA,NA,NA,NA,NA
Hungary,1996-03-01,30.77,NA,NA,NA,30.48,1.5540071366169972,NA,1.4402867633460659,NA,NA,NA,NA,NA,NA,NA,NA,NA,NA,NA,10,401,1996-03,162.89454,160.99153,152.14906,148.86388,131.96746,0.44452942038528676,18.72102150786894,1996-03,187.12,188.31,0.5627175276373464,71.54,0.3500668701334142,NA,28.5,68.6,0.35149421074445186,-0.14566644964641995,NA,NA,NA,NA,NA,NA,NA,NA
Hungary,1996-04-01,31.09,NA,NA,NA,30.99,1.6593840981211194,NA,1.0346034736711918,NA,NA,NA,NA,NA,NA,NA,NA,NA,NA,NA,10,398,1996-04,162.21729,160.34911,151.46292,148.0862,131.23956,0.5531021594111785,15.366699787724691,1996-04,188.1,188.55,0.522361403106153,71.66,0.16759780459363327,NA,28.9,72.2,1.393750784378156,5.114751116694105,NA,NA,NA,NA,NA,NA,NA,NA
Hungary,1996-05-01,31.34,NA,NA,NA,31.66,2.13894826532095,NA,0.8009012857212561,NA,NA,NA,NA,NA,NA,NA,NA,NA,NA,NA,10,397,1996-05,161.14962,159.54906,150.65791,147.12761,130.31305,0.7084722843174518,14.14900125748284,1996-05,189.38,190.42,0.6781842248368974,71.83,0.2369504209902118,NA,26.7,73.1,-7.9178029712182685,1.2388320856952184,NA,NA,NA,NA,NA,NA,NA,NA
Hungary,1996-06-01,31.43,NA,NA,NA,31.91,0.786538583728591,NA,0.2867613881601283,NA,NA,NA,NA,NA,NA,NA,NA,NA,NA,NA,10,398,1996-06,159.48751,158.02726,149.35339,146.03261,129.50235,0.6240604914625969,12.40414351683814,1996-06,191.43,192.41,1.0766627993011646,71.84,0.013920790723442877,NA,26.2,71,-1.8904154639152626,-2.9148489714417636,NA,NA,NA,NA,NA,NA,NA,NA
Hungary,1996-07-01,31.41,NA,NA,NA,32.04,0.4065681910006447,NA,-0.06365372589209883,NA,NA,NA,NA,NA,NA,NA,NA,NA,NA,NA,9.9,394,1996-07,156.82105,155.54827,147.19988,144.29407,128.22083,0.9945015905826082,11.7501580517688,1996-07,194.58,196.65,1.632118299891605,71.84,0,NA,27.6,70,5.205636195605345,-1.4184634991956102,NA,NA,NA,NA,NA,NA,NA,NA
Hungary,1996-08-01,31.14,NA,NA,NA,32.13,0.2805050927608743,NA,-0.8633147144702757,NA,NA,NA,NA,NA,NA,NA,NA,NA,NA,NA,9.8,388,1996-08,154.08453,152.88365,144.89334,142.28415,126.76241,1.1439464838553626,12.01827502707875,1996-08,197.56,198.49,1.5198946125142498,71.8,-0.05569479397662391,NA,28,69,1.4388737452099232,-1.4388737452099676,NA,NA,NA,NA,NA,NA,NA,NA
Hungary,1996-09-01,31.87,NA,NA,NA,32.58,1.3908430046131848,NA,2.3171962023392556,NA,NA,NA,NA,NA,NA,NA,NA,NA,NA,NA,9.7,384,1996-09,153.39755,152.29892,144.30821,141.56755,126.12437,0.5046063332009965,11.283886732292281,1996-09,198.81,198.87,0.6307259095820861,71.93,0.18089478250864488,NA,29.9,66.5,6.565397022143671,-3.690455693545136,NA,NA,NA,NA,NA,NA,NA,NA
Hungary,1996-10-01,32.44,NA,NA,NA,33.02,1.341483531808274,NA,1.7727100817967134,NA,NA,NA,NA,NA,NA,NA,NA,NA,NA,NA,9.5,378,1996-10,152.89679,151.79637,143.86302,140.94226,125.57145,0.43935643383861134,9.676439625939182,1996-10,200.15,202.03,0.6717490670337334,72,0.09726951367907688,NA,32.30000000000001,63.1,7.72087498319709,-5.248117811464059,NA,NA,NA,NA,NA,NA,NA,NA
Hungary,1996-11-01,32.65,NA,NA,NA,33.31,0.8744213713606452,NA,0.645262647522804,NA,NA,NA,NA,NA,NA,NA,NA,NA,NA,NA,9.4,374,1996-11,151.00809,150.07774,142.54816,139.68213,124.56452,0.8051104678134635,9.394842485640531,1996-11,203.55,203.84,1.6844589510405683,72.01,0.013887924472033575,NA,31.5,62.8,-2.507968439702424,-0.47656960730151354,NA,NA,NA,NA,NA,NA,NA,NA
Hungary,1996-12-01,32.96,NA,NA,NA,33.63,0.9560873546589743,NA,0.9449849318830861,NA,NA,NA,NA,NA,NA,NA,NA,NA,NA,NA,9.4,372,1996-12,150.38387,149.75484,142.42461,139.31564,123.98397,0.4671531545318963,8.91244029846412,1996-12,204.79,206.91,0.607338889923259,72.19,0.2496533890293584,NA,33.9,63.2,7.34274685548173,0.6349227678659197,NA,NA,NA,NA,NA,NA,NA,NA
Hungary,1997-01-01,34.25,NA,NA,NA,34.9,3.7068303456203378,17.45580744855806,3.8391859666963235,14.085743271659545,NA,NA,NA,NA,NA,NA,NA,NA,NA,NA,9.1,360,1997-01,152.91951,152.47797,145.5571,141.98768,126.07106,-1.6693433180257067,6.220335225577944,1997-01,201.94,201.86,-1.4014440272045903,72.42,0.318097218642599,2.0225251800603417,32.7,65.4,-3.6039936483196477,3.4217957310341163,NA,NA,NA,NA,NA,NA,NA,NA
Hungary,1997-02-01,34.73,NA,NA,NA,35.66,2.1542783226612627,17.249895298271856,1.3917302047748326,13.546654505549283,NA,NA,NA,NA,NA,NA,NA,NA,NA,NA,9.2,361,1997-02,153.23042,153.41108,147.11969,143.02909,126.36626,-0.23387994656385303,4.781615554809893,1997-02,202.03,202.95,0.04455776492759966,72.59,0.23446669592539493,1.807110616721186,28.4,66.2,-14.098593273604765,1.215820447980942,NA,NA,NA,NA,NA,NA,NA,NA
Hungary,1997-03-01,35,NA,NA,NA,36.29,1.7512608789984618,17.447149040653322,0.7744194733430909,12.880787215546308,NA,NA,NA,NA,NA,NA,NA,NA,NA,NA,9.1,359,1997-03,152.37186,152.36067,146.34988,142.00275,125.45945,0.720191690913552,5.057277825338158,1997-03,203.34,205.36,0.6463253621563858,72.65,0.08262187195429149,1.5396656185420632,26.3,67.5,-7.6820205983441525,1.944713493552186,NA,NA,NA,NA,NA,NA,NA,NA
Hungary,1997-04-01,35.51,NA,NA,NA,36.77,1.3140074088201725,17.101772351352373,1.4466285465582818,13.292812288433398,NA,NA,NA,NA,NA,NA,NA,NA,NA,NA,9.1,357,1997-04,150.90987,150.85023,144.88511,140.48909,124.14263,1.0551452272513195,5.559320893178299,1997-04,205.81,206.75,1.2073958237354354,72.6,-0.06884681855421348,1.3032209953942164,24.6,66.5,-6.682249624540182,-1.4925650216675912,NA,NA,NA,NA,NA,NA,NA,NA
Hungary,1997-05-01,36.55,NA,NA,NA,37.28,1.3774694504209872,16.34029353645241,2.886683924079092,15.378594926791234,NA,NA,NA,NA,NA,NA,NA,NA,NA,NA,9,356,1997-05,148.92521,148.86781,143.22731,138.78469,122.69413,1.1736636207420936,6.024512229602941,1997-05,208.53,209.57,1.3129502696135553,72.8,0.2751033371890088,1.3413739115930134,26.6,63.7,7.816477284933665,-4.301738508369102,NA,NA,NA,NA,NA,NA,NA,NA
Hungary,1997-06-01,38.16,NA,NA,NA,37.95,1.781251402424866,17.335006355148685,4.310666038429822,19.40249957706093,NA,NA,NA,NA,NA,NA,NA,NA,NA,NA,9,357,1997-06,147.88581,147.86393,142.36772,137.6076,121.53474,0.9494362474184115,6.349887985558755,1997-06,210.32,211.28,0.8547264641121544,72.83,0.041200302718369386,1.36865342358794,24.8,61.3,-7.006756261671709,-3.84047196359516,NA,NA,NA,NA,NA,NA,NA,NA
Hungary,1997-07-01,37.34,NA,NA,NA,37.88,-0.1846235523761397,16.743814611771903,-2.1722708466509033,17.29388245630212,NA,NA,NA,NA,NA,NA,NA,NA,NA,NA,9,357,1997-07,147.54174,147.54145,141.94759,136.51012,120.26696,1.0486209295726745,6.404007324548822,1997-07,211.98,212.1,0.7861750177482918,72.9,0.09606807847886145,1.4647215020668014,25.7,60,3.564733873023762,-2.1435280720065286,NA,NA,NA,NA,NA,NA,NA,NA
Hungary,1997-08-01,36.95,NA,NA,NA,37.95,0.1846235523761397,16.647933071387165,-1.04994907193654,17.10724809883586,NA,NA,NA,NA,NA,NA,NA,NA,NA,NA,9,357,1997-08,147.1151,147.1145,141.49711,135.92358,119.48837,0.649489408205195,5.909550248898654,1997-08,212.25,214.41,0.12728945923479174,73.02,0.16447372128780557,1.684890017331231,26.5,60,3.0653741091002384,0,NA,NA,NA,NA,NA,NA,NA,NA
Hungary,1997-09-01,37.51,NA,NA,NA,38.49,1.4128963454015597,16.66998641217554,1.5041916699584768,16.29424356645508,NA,NA,NA,NA,NA,NA,NA,NA,NA,NA,9,357,1997-09,144.45189,144.45099,139.1209,134.4163,118.441,0.8804098168425867,6.285353732540244,1997-09,215.52,217.67,1.5288887470597423,73.07,0.06845095756355946,1.5724461923861455,26.7,60.3,0.7518832414027177,0.4987541511039417,NA,NA,NA,NA,NA,NA,NA,NA
Hungary,1997-10-01,38.14,NA,NA,NA,38.93,1.136669432670967,16.465172313038234,1.665603607847732,16.1871370925061,NA,NA,NA,NA,NA,NA,NA,NA,NA,NA,9,357,1997-10,142.00804,142.00655,136.89257,132.56391,117.01548,1.2108712553123624,7.056868554013995,1997-10,219.42,222.86,1.7933988727290462,73.09,0.027367268917455334,1.502543947624524,28.4,60.6,6.172557976095661,0.4962789342129348,NA,NA,NA,NA,NA,NA,NA,NA
Hungary,1997-11-01,38.99,NA,NA,NA,39.44,1.301536811207038,16.892287752884627,2.2041602822232775,17.74603472720657,NA,NA,NA,NA,NA,NA,NA,NA,NA,NA,9.1,359,1997-11,139.84116,139.83982,135.13378,131.11233,115.97936,0.889398949789566,7.141157035990098,1997-11,223.51,223.83,1.8468454392658984,73.18,0.12306010987606086,1.6117161330285512,27.3,61.6,-3.9502442976246055,1.6366977464205235,NA,NA,NA,NA,NA,NA,NA,NA
Hungary,1997-12-01,39.65,NA,NA,NA,39.88,1.109441535920297,17.045641934145948,1.678574508635089,18.479624303958573,NA,NA,NA,NA,NA,NA,NA,NA,NA,NA,9.1,361,1997-12,139.68239,139.68092,134.94849,130.70217,115.83863,0.12141423302658438,6.795418114484786,1997-12,224.03,224.71,0.2323815676834151,73.26,0.10925977596070169,1.4713225199598945,24.2,60.6,-12.053406902827346,-1.6366977464205235,NA,NA,NA,NA,NA,NA,NA,NA
Hungary,1998-01-01,40.7,NA,NA,NA,41.09,2.988983780168075,16.327795368693685,2.6137144367692766,17.254152774031528,NA,NA,NA,NA,NA,NA,NA,NA,NA,NA,9.1,361,1998-01,139.70033,139.69816,134.92588,130.41559,115.47817,0.311659414073695,8.776420846584188,1998-01,224.2,225.58,0.0758539179221529,73.2,-0.08193363834019252,1.071291662977103,21.9,60.1,-9.986599634018578,-0.8285051534107524,NA,NA,NA,NA,NA,NA,NA,NA
Hungary,1998-02-01,41.39,NA,NA,NA,41.82,1.7609911105169296,15.934508156549354,1.6811213312091677,17.543543900465863,NA,NA,NA,NA,NA,NA,NA,NA,NA,NA,9.1,361,1998-02,138.5385,138.53599,133.77001,129.25705,114.49205,0.8576119499926094,9.86791274314065,1998-02,226.16,227.13,0.870420274727568,73.4,0.2728514653203895,1.1096764323720976,21,59.9,-4.196419909903204,-0.3333336419758304,NA,NA,NA,NA,NA,NA,NA,NA
Hungary,1998-03-01,41.92,NA,NA,NA,42.33,1.2121360532344472,15.39538333078534,1.2723734252145569,18.04149785233733,NA,NA,NA,NA,NA,NA,NA,NA,NA,NA,9.1,361,1998-03,137.58383,137.5807,132.60996,128.11546,113.42304,0.9380843009687112,10.08580535319581,1998-03,228.3,229.44,0.9417840150415024,73.46,0.08171047710510138,1.1087650375229074,19.9,59.1,-5.380270599297621,-1.3445580709350757,NA,NA,NA,NA,NA,NA,NA,NA
Hungary,1998-04-01,42.61,NA,NA,NA,42.77,1.034086770598508,15.115462692563675,1.632592749903372,18.22746205568242,NA,NA,NA,NA,NA,NA,NA,NA,NA,NA,9,358,1998-04,136.13613,136.13234,131.20655,127.02345,112.46833,0.8452874357988804,9.87594756174337,1998-04,230.79,232.06,1.084765260320264,73.61,0.20398456790937658,1.3815964239864975,20.4,60.2,2.4815169119723812,1.8441427902723184,NA,NA,NA,NA,NA,NA,NA,NA
Hungary,1998-05-01,43.79,NA,NA,NA,43.28,1.185371229940868,14.923364472083556,2.7316513301486545,18.07242946175198,NA,NA,NA,NA,NA,NA,NA,NA,NA,NA,8.9,357,1998-05,133.69953,133.69582,128.98728,125.53343,111.29372,1.0498838291137957,9.752167770115072,1998-05,233.69,237.89,1.2487244588762714,73.76,0.20356931777234522,1.310062404569834,21,59.5,2.8987536873252395,-1.1696039763191557,NA,NA,NA,NA,NA,NA,NA,NA
Hungary,1998-06-01,43.65,NA,NA,NA,43.38,0.23078708605024367,13.372900155708933,-0.32021985276959875,13.441543570552561,NA,NA,NA,NA,NA,NA,NA,NA,NA,NA,8.8,355,1998-06,131.72894,131.72562,127.19354,123.72191,109.62281,1.5127359312717914,10.315467453968452,1998-06,237.77,240.12,1.7308369136595836,73.8,0.05421523580881882,1.3230773376602833,18.6,57.4,-12.136085700426724,-3.593200922606332,NA,NA,NA,NA,NA,NA,NA,NA
Hungary,1998-07-01,42.39,NA,NA,NA,43.22,-0.36951543199883474,13.188008276086238,-2.9290796921065176,12.684734725096947,NA,NA,NA,NA,NA,NA,NA,NA,NA,NA,8.7,352,1998-07,131.06852,131.06542,126.46398,123.03229,108.98006,0.5880543583280939,9.854900882723872,1998-07,238.94,239.37,0.4908654524766298,73.83,0.04064214646479769,1.2676514056462196,18.4,56.8,-1.0810916104215806,-1.0507977598415152,NA,NA,NA,NA,NA,NA,NA,NA
Hungary,1998-08-01,41.41,NA,NA,NA,43.03,-0.440580422823178,12.56280430088692,-2.339008780707008,11.395675016326479,NA,NA,NA,NA,NA,NA,NA,NA,NA,NA,8.6,346,1998-08,128.07253,128.06918,123.83045,120.71364,107.49008,1.3766365474561226,10.5820480219748,1998-08,244.21,249.44,2.181603649004682,73.85,0.027085590631426015,1.13026327498984,17.7,54.3,-3.87860250351566,-4.5012098787216015,NA,NA,NA,NA,NA,NA,NA,NA
Hungary,1998-09-01,41.38,NA,NA,NA,43.28,0.5793087687717691,11.72921672425713,-0.07247252400786053,9.819010822360141,NA,NA,NA,NA,NA,NA,NA,NA,NA,NA,8.4,340,1998-09,122.73851,122.73452,119.02663,116.53353,109.41677,-1.7765604676507785,7.925077737481434,1998-09,254.39,256.44,4.084001163815554,73.79,-0.0812787907113588,0.9805335267149218,19.5,54.2,9.684982598991754,-0.18433184942892034,NA,NA,NA,NA,NA,NA,NA,NA
Hungary,1998-10-01,41.46,NA,NA,NA,43.69,0.9428608425118501,11.535408134098013,0.19314346902361557,8.346550683536025,NA,NA,NA,NA,NA,NA,NA,NA,NA,NA,8.3,334,1998-10,120.9351,120.93066,117.46606,115.31385,109.1771,0.21928345569639518,6.933489937865467,1998-10,257.56,256.33,1.2384180152702484,73.77,-0.02710761740640777,0.9260586403910587,18.4,54.8,-5.806380095476094,1.1009285508369437,NA,NA,NA,NA,NA,NA,NA,NA
Hungary,1998-11-01,41.48,NA,NA,NA,43.79,0.22862378499626246,10.462495107887237,0.048227635369313404,6.190618036682061,NA,NA,NA,NA,NA,NA,NA,NA,NA,NA,8.1,327,1998-11,122.95471,122.95059,119.32719,116.85023,110.66861,-1.3568905975644974,4.6872003905114035,1998-11,253.44,254.53,-1.6125594043921332,73.77,0,0.8029985305149978,16.9,56.5,-8.503704268591239,3.0550444198425453,NA,NA,NA,NA,NA,NA,NA,NA
Hungary,1998-12-01,41.52,NA,NA,NA,43.92,0.29643163879682355,9.649485210763764,0.09638554963067314,4.608429077677645,NA,NA,NA,NA,NA,NA,NA,NA,NA,NA,7.8,315,1998-12,122.57586,122.57163,119.20884,116.80111,112.00035,-1.1961755955048226,3.3696105619799965,1998-12,254.24,252.39,0.3151594162345006,73.81,0.05420788857497527,0.7479466431292714,15.2,54.7,-10.601819407679702,-3.2376928724460186,NA,NA,NA,NA,NA,NA,NA,NA
Hungary,1999-01-01,42.24,NA,NA,NA,45.06,2.562513780282316,9.223015210878005,1.7192400540372965,3.7139546949456648,NA,NA,NA,NA,NA,NA,NA,NA,NA,NA,7.2,293,1999-01,124.16375,124.15973,120.87275,118.31877,114.00888,-1.7774343807488435,1.280516767157458,1999-01,250.79,249.24,-1.366276723285953,73.76,-0.06776445336225123,0.7621158281072127,16.6,55,8.81072675102672,0.5469475804535939,NA,NA,NA,NA,NA,NA,NA,NA
Hungary,1999-02-01,42.52,NA,NA,NA,45.66,1.322770609755075,8.78479471011615,0.6606914075740988,2.693524771310596,NA,NA,NA,NA,NA,NA,NA,NA,NA,NA,7.2,292,1999-02,124.42441,124.42046,121.40134,118.35695,114.1311,-0.10714475533166734,0.3157600618331813,1999-02,250.3,253.91,-0.1955737117818046,73.94,0.24373742601477844,0.7330017888016016,15.6,51.6,-6.213178110700657,-6.381151274495389,NA,NA,NA,NA,NA,NA,NA,NA
Hungary,1999-03-01,42.48,NA,NA,NA,46.2,1.175715698604396,8.7483743554861,-0.09411765400639815,1.3270336920896408,NA,NA,NA,NA,NA,NA,NA,NA,NA,NA,7.1,288,1999-03,122.83823,122.8342,120.20818,116.74541,112.52307,1.4189520363170338,0.7966277971815039,1999-03,253.64,254.82,1.3255740394102489,74.15,0.28361150754552256,0.9349028192420228,18,49.8,14.310084364067333,-3.5506688456909963,NA,NA,NA,NA,NA,NA,NA,NA
Hungary,1999-04-01,42.47,NA,NA,NA,46.71,1.0978476426323436,8.812135227519935,-0.023543260850322767,-0.32910231866405404,NA,NA,NA,NA,NA,NA,NA,NA,NA,NA,7,286,1999-04,123.48077,123.47652,120.86613,117.12818,112.93957,-0.3694629618269829,-0.41812260044435945,1999-04,252.37,250.52,-0.5019674183099454,74.4,0.33658732551051784,1.067505576843164,21.4,49,17.301916413164122,-1.6194685919980856,NA,NA,NA,NA,NA,NA,NA,NA
Hungary,1999-05-01,42.67,NA,NA,NA,47.03,0.6827421442940018,8.309506141873069,0.4698152874728745,-2.590938361339834,NA,NA,NA,NA,NA,NA,NA,NA,NA,NA,6.9,283,1999-05,124.58759,124.58321,121.94133,118.06321,113.73012,-0.6975376420252033,-2.1655440715833585,1999-05,250.21,249.64,-0.8595699389041478,74.45,0.06718172909714326,0.9311179881679621,21.4,47.7,0,-2.6888900216330835,NA,NA,NA,NA,NA,NA,NA,NA
Hungary,1999-06-01,42.97,NA,NA,NA,47.22,0.40318357004101024,8.481902625863835,0.7006100586994801,-1.5701084498707552,NA,NA,NA,NA,NA,NA,NA,NA,NA,NA,6.9,279,1999-06,124.99727,124.99299,122.22998,117.98227,113.52519,0.18035227035868573,-3.497927732496464,1999-06,249.35,249.64,-0.34430332675583486,74.45,0,0.8769027523591433,22.2,46.6,3.670136685042813,-2.333085676269553,NA,NA,NA,NA,NA,NA,NA,NA
Hungary,1999-07-01,42.54,NA,NA,NA,47.57,0.7384778786823532,9.589895936545023,-1.0057388014812485,0.353232440754514,NA,NA,NA,NA,NA,NA,NA,NA,NA,NA,6.8,276,1999-07,124.45662,124.45234,121.60496,117.4481,113.02833,0.4386255367829328,-3.6473565540416253,1999-07,250.43,253.56,0.43219083640790856,74.58,0.17446156206570862,1.0107221679600542,25.7,44.5,14.639870302294034,-4.611135195940541,NA,NA,NA,NA,NA,NA,NA,NA
Hungary,1999-08-01,41.9,NA,NA,NA,47.76,0.398615864015639,10.42909222338384,-1.515898284399908,1.176342937061614,NA,NA,NA,NA,NA,NA,NA,NA,NA,NA,6.7,275,1999-08,122.93162,122.92731,120.33113,116.45576,112.3052,0.6418330041170428,-4.382160097380705,1999-08,253.52,253.89,1.2263275026454856,74.67,0.12060302969354453,1.1042396070221727,27.6,46.5,7.132478082193039,4.396312342111575,NA,NA,NA,NA,NA,NA,NA,NA
Hungary,1999-09-01,42.2,NA,NA,NA,48.01,0.5220853458502095,10.37186880046228,0.7134394113874176,1.9622548724568922,NA,NA,NA,NA,NA,NA,NA,NA,NA,NA,6.7,274,1999-09,122.05477,122.05057,119.51767,115.32836,111.32526,0.8763978504588543,-1.7292017792710723,1999-09,255.28,257.69,0.6918266587322641,74.71,0.05355469400996071,1.2390730917434922,29.7,47.6,7.333127308554932,2.338044864406408,NA,NA,NA,NA,NA,NA,NA,NA
Hungary,1999-10-01,42.66,NA,NA,NA,48.3,0.6022238115678036,10.031231769518234,1.0841492001238073,2.853260603557084,NA,NA,NA,NA,NA,NA,NA,NA,NA,NA,6.7,274,1999-10,120.95001,120.94571,118.65727,114.73764,110.91587,0.36842006973731856,-1.580065165230149,1999-10,257.63,255.32,0.916346510664301,74.74,0.040147206962792836,1.3063279161126928,29.6,47.1,-0.3372684478639254,-1.0559760215002267,NA,NA,NA,NA,NA,NA,NA,NA
Hungary,1999-11-01,43.01,NA,NA,NA,48.55,0.5162634078807127,10.318871392402684,0.817093375244049,3.6221263434318196,NA,NA,NA,NA,NA,NA,NA,NA,NA,NA,6.7,272,1999-11,122.18261,122.17839,119.85159,115.3962,111.43676,-0.46852690959404697,-0.6917014772596985,1999-11,254.96,254.15,-1.0417776967550196,74.84,0.13370773485510412,1.440035650967797,31.9,46.3,7.483164846078427,-1.7131039930184055,NA,NA,NA,NA,NA,NA,NA,NA
Hungary,1999-12-01,43.54,NA,NA,NA,48.93,0.7796510563698344,10.802090809975695,1.2247409010756716,4.750481694876818,NA,NA,NA,NA,NA,NA,NA,NA,NA,NA,6.6,271,1999-12,122.44683,122.44265,119.98085,115.13736,111.11889,0.2856545912428565,0.7901287094879805,1999-12,254.37,254.7,-0.23167701250601525,75.09,0.33348927059035915,1.7193170329831808,33.1,45.9,3.6927272592218507,-0.8676844025688801,NA,NA,NA,NA,NA,NA,NA,NA
Hungary,2000-01-01,44.39,NA,NA,NA,49.66,1.4809074778988407,9.72048450759222,1.9334163039542496,4.964657944793771,NA,NA,NA,NA,NA,NA,47.9,45.1,41.7,99.3,6.6,269,2000-01,122.20037,122.19612,119.74689,114.93683,111.04413,0.06730193244752769,2.6348650226843517,2000-01,254.91,255.36,0.2120641699538517,75.13,0.05325522692762874,1.8403367132730608,33.30000000000001,47.4,0.6024114603381037,3.215711163453161,NA,NA,NA,NA,NA,NA,NA,NA
Hungary,2000-02-01,44.59,NA,NA,NA,50.23,1.141267768193277,9.538981666030422,0.4495399793441379,4.75350651656381,NA,NA,NA,NA,NA,NA,48.5,45.3,41.9,100.9,6.6,268,2000-02,121.61893,121.61464,119.06283,113.98824,110.03977,0.9085843965704221,3.650594174586441,2000-02,256.12,256.81,0.473554296704215,75.37,0.31893714743098656,1.915536434689269,36.1,47.9,8.073546835243661,1.0493275715838468,NA,NA,NA,NA,NA,NA,NA,NA
Hungary,2000-03-01,44.48,NA,NA,NA,50.71,0.9510672044974466,9.314333171923472,-0.2469968697058622,4.600627300864346,NA,NA,NA,NA,NA,NA,49,47.6,44.3,98.1,6.5,266,2000-03,121.15166,121.14741,118.49529,113.11429,109.09711,0.8603442876190748,3.091986425888482,2000-03,257.08,258.38,0.37412358524839817,75.6,0.30469653301086197,1.9366214601546083,36.1,47.3,0,-1.2605208918982314,NA,NA,NA,NA,NA,NA,NA,NA
Hungary,2000-04-01,44.57,NA,NA,NA,51.12,0.8052680262351508,9.02175355552628,0.20213370161377142,4.82630426332844,NA,NA,NA,NA,NA,NA,49.3,46.7,43.1,99.2,6.5,264,2000-04,120.50622,120.50197,117.91909,112.17656,108.14339,0.8780371314183633,4.339486519133828,2000-04,258.44,258.45,0.527623818687939,75.67,0.09254975209431748,1.692583886738408,31.3,48,-14.267476779272759,1.4690715410003996,NA,NA,NA,NA,NA,NA,NA,NA
Hungary,2000-05-01,44.92,NA,NA,NA,51.38,0.5073181612458288,8.846329572478107,0.7822142911777963,5.138703267033362,NA,NA,NA,NA,NA,NA,49.9,47.9,44.6,96.8,6.4,261,2000-05,120.25374,120.24941,117.69318,111.52476,107.32085,0.7635085950180809,5.8005327561771125,2000-05,259.03,259.23,0.2280326417612777,75.76,0.118866817139196,1.7442689747804607,37.1,47.5,16.999887206728204,-1.047129986729578,NA,NA,NA,NA,NA,NA,NA,NA
Hungary,2000-06-01,45.3,NA,NA,NA,51.63,0.485390720981993,8.92853672341909,0.8423902618746038,5.280483470208486,NA,NA,NA,NA,NA,NA,50,49.5,46.1,97.8,6.3,257,2000-06,119.948,119.94361,117.59798,112.28419,108.20649,-0.8218400364675915,4.798340449350835,2000-06,259.73,260.15,0.26987447947206533,76.04,0.3689068742406043,2.113175849021065,40.5,46.5,8.768500449910377,-2.1277398447284934,NA,NA,NA,NA,NA,NA,NA,NA
Hungary,2000-07-01,46.94,NA,NA,NA,52.24,1.1745586076618242,9.36461745239856,3.5563157933888867,9.842538065078621,NA,NA,NA,NA,NA,NA,50.7,49.4,46.3,97.6,6.2,254,2000-07,119.7224,119.71801,117.34192,111.85882,107.71544,0.4548411053677093,4.814556017935612,2000-07,260.22,260.51,0.18847971730311386,76.14,0.13142333341225054,2.070137620367607,39.1,44.9,-3.517950712117335,-3.501451784510179,NA,NA,NA,NA,NA,NA,NA,NA
Hungary,2000-08-01,47.64,NA,NA,NA,52.46,0.42024894705519067,9.386250535438112,1.480255406422204,12.838691755900733,NA,NA,NA,NA,NA,NA,51.3,50.1,46.9,98.1,6.1,251,2000-08,119.40257,119.39822,116.94102,110.8303,106.58132,1.058467322079082,5.231190335897651,2000-08,260.88,261.36,0.2533104405734399,76.2,0.07877117382495413,2.0283057644990166,40.6,45.2,3.7645599616367154,0.6659292089977065,NA,NA,NA,NA,NA,NA,NA,NA
Hungary,2000-09-01,48.22,NA,NA,NA,53.09,1.1937612156852406,10.057926405273143,1.2101128265925798,13.335365171105895,NA,NA,NA,NA,NA,NA,51.9,51.4,47.8,100.2,6,248,2000-09,118.73761,118.73325,116.31394,109.76162,105.43377,1.0825278582203168,5.437320343659113,2000-09,262.35,263.75,0.5618958651656847,76.5,0.3929278139889192,2.367678884477975,45,46.1,10.289442316263253,1.971586316441698,NA,NA,NA,NA,NA,NA,NA,NA
Hungary,2000-10-01,48.36,NA,NA,NA,53.44,0.6570942632809995,10.11279685698634,0.28991529935669114,12.541131270338779,NA,NA,NA,NA,NA,NA,52.4,50.4,46.8,98.6,6,245,2000-10,118.49525,118.49084,116.16299,109.21613,104.85194,0.5533723473050145,5.622272621226809,2000-10,262.91,263.24,0.21322781562469473,76.52,0.02614037395618496,2.353672051471367,43.3,46.4,-3.8509854761875406,0.6486509229606696,NA,NA,NA,NA,NA,NA,NA,NA
Hungary,2000-11-01,48.6,NA,NA,NA,53.65,0.3921939848317457,9.988727433937372,0.4950505159856178,12.219088411080348,NA,NA,NA,NA,NA,NA,53.2,51.5,47.8,95.2,5.9,243,2000-11,117.96103,117.95663,115.64363,108.89275,104.56482,0.2742093611862728,6.365008892007129,2000-11,264.09,264.87,0.4478185851956695,76.68,0.2088773605391836,2.4288416771554466,45.7,46.9,5.3945662891714985,1.0718216220024335,NA,NA,NA,NA,NA,NA,NA,NA
Hungary,2000-12-01,48.9,47.55,47,NA,53.81,0.29778544246208405,9.506861820029622,0.6153865574378248,11.609734067442501,NA,NA,NA,NA,NA,NA,53,51.7,48.3,91.9,5.8,239,2000-12,117.62837,117.62383,115.43786,109.4616,105.31486,-0.714736360345114,5.3646179404191585,2000-12,264.95,265,0.32511747978460903,76.96,0.36448881800072996,2.4598412245658174,42.5,48.6,-7.259422196978793,3.5605855454214463,NA,NA,NA,NA,NA,NA,NA,NA
Hungary,2001-01-01,50.6,49.42,47.31,NA,54.63,1.5123858906298082,9.53834023276059,3.417417981259341,13.093735744747592,3.8573411569064575,NA,0.6574087932998296,NA,NA,NA,53.4,53,49.7,94.4,5.7,236,2001-01,117.63985,117.63518,115.66521,110.61522,106.66585,-1.2746521055213123,4.022663902450319,2001-01,265,265.18,0.01886970474513916,76.63,-0.42971613751383586,1.9768698601243528,42.2,48.6,-0.7083854888405128,0,NA,NA,NA,NA,NA,NA,NA,NA
Hungary,2001-02-01,51.37,50.28,48.98,NA,55.4,1.399641134561147,9.79671359912846,1.510276818575651,14.154472583979105,1.7252183161582835,NA,3.469036188096508,NA,NA,NA,53.8,52.3,48.7,95.8,5.7,233,2001-02,117.33875,117.3341,115.30772,110.18475,106.18491,0.4519042529792294,3.565983758859126,2001-02,265.69,266.22,0.26003896392108317,76.86,0.2996940154385008,1.9576267281318671,40.7,48.1,-3.6192128593416584,-1.0341353794732555,NA,NA,NA,NA,NA,NA,NA,NA
Hungary,2001-03-01,51.94,50.91,51.23,NA,55.92,0.9342504172316524,9.779896811862665,1.1034861755426117,15.50495562922758,1.2451984192197507,NA,4.491324642708916,NA,NA,NA,54.1,49.6,46.4,97.1,5.6,231,2001-03,116.98962,116.985,114.96458,109.99628,105.9486,0.2227937469641006,2.9284332182041517,2001-03,266.47,266.72,0.2931451287475184,77.27,0.5320196808795252,2.1849498760005304,36.9,47.8,-9.801654140206795,-0.6256537614305557,NA,NA,NA,NA,NA,NA,NA,NA
Hungary,2001-04-01,52.22,51.22,51.57,NA,56.36,0.7837589104925158,9.75838769612003,0.5376357036380508,15.840457631251859,0.6070712857134897,NA,0.6614810111756686,NA,NA,NA,54.3,51.3,47.9,97,5.6,230,2001-04,116.73895,116.73441,114.64073,109.63055,105.54835,0.3784929076483756,2.428888994434164,2001-04,266.99,267.32,0.19495376024325495,77.73,0.5935501296635337,2.6859502535697466,38.2,47.2,3.462396456604777,-1.263174690590052,NA,NA,NA,NA,NA,NA,NA,NA
Hungary,2001-05-01,53.52,52.61,51.76,NA,56.89,0.935989173207652,10.187058708081853,2.4589852548990265,17.51722859497309,2.6776134971336685,NA,0.36775421297772226,NA,NA,NA,54,52.3,49.1,97.8,5.6,229,2001-05,120.63603,120.63142,118.36399,112.66525,108.43333,-2.6966372299904506,-1.0312568305743675,2001-05,258.29,253.75,-3.3128219835838912,78.1,0.4748773603512113,3.041960796781762,39.9,47.8,4.3540808283288435,1.263174690590052,NA,NA,NA,NA,NA,NA,NA,NA
Hungary,2001-06-01,54.1,53.26,51.8,NA,57.04,0.2633197343484106,9.96498772144827,1.0778770032462415,17.75271533634473,1.2279364643070334,NA,0.07724990727924208,NA,NA,NA,53.3,49.7,46.4,97.9,5.6,228,2001-06,126.00023,125.99549,123.55223,117.24291,112.75037,-3.9040745903514917,-4.113491384458268,2001-06,247.25,243.63,-4.368301417667997,78.21,0.14074597678801481,2.8137998993291724,38.5,48.3,-3.5718082602079093,1.0405921161116716,NA,NA,NA,NA,NA,NA,NA,NA
Hungary,2001-07-01,54.07,53.2,51.74,NA,57.13,0.15765966303309398,8.94808877681954,-0.055468245852230424,14.14093129710361,-0.11271840381876785,NA,-0.11589725075542567,NA,NA,NA,53.3,49.5,46.1,97.5,5.6,228,2001-07,125.13632,125.13162,122.95378,116.94843,112.51205,0.2115932954255939,-4.356739194400383,2001-07,248.94,247.75,0.6811933070009601,78.03,-0.2304148484850721,2.4519617174318498,34,52.1,-12.429771667757716,7.573338810079466,NA,NA,NA,NA,NA,NA,NA,NA
Hungary,2001-08-01,53.52,52.59,51.74,NA,57.01,-0.2102681692880637,8.317571660476286,-1.022408757394011,11.638267133287394,-1.1532408746345535,NA,0,NA,NA,NA,53.4,52.3,49.1,96.5,5.5,226,2001-08,124.1678,124.16295,122.30859,117.17468,112.93677,-0.3767777559882113,-5.791984272467676,2001-08,251.02,253.75,0.8320713659468737,77.97,-0.07692308071609588,2.2962674628907997,35,51.8,2.898753687325195,-0.5774799493884153,NA,NA,NA,NA,NA,NA,NA,NA
Hungary,2001-09-01,53.34,52.34,51.75,NA,57.28,0.47248316088994713,7.596293605680993,-0.3368897066104992,10.091264600084315,-0.4765090499253333,NA,0.01932553875954035,NA,NA,NA,53.8,48.9,45.5,97,5.5,225,2001-09,121.79748,121.79267,120.1557,115.19156,111.12322,1.6188428871453553,-5.255669243542638,2001-09,255.94,257.35,1.9410424777150048,78.18,0.2689723043300063,2.172311953231887,33.80000000000001,49.4,-3.4887259000440096,-4.743972507156036,NA,NA,NA,NA,NA,NA,NA,NA
Hungary,2001-10-01,53.52,52.55,51.76,NA,57.45,0.2963481642374255,7.235547506637419,0.3368897066104992,10.138239007338123,0.40042002209603744,NA,0.019321804716643243,NA,NA,NA,53.7,52,48.9,95.1,5.5,225,2001-10,122.12818,122.12337,120.36686,115.47975,111.39356,-0.2429840419316598,-6.052025632779312,2001-10,255.23,255.24,-0.27779425889118414,78.25,0.08949690554542755,2.2356684848211295,28.6,46.8,-16.70540846631665,-5.4067221270275745,NA,NA,NA,NA,NA,NA,NA,NA
Hungary,2001-11-01,53.49,52.52,51.81,NA,57.46,0.017404925637887203,6.86075844744356,-0.05606952768144602,9.58711896367106,-0.05710478883647063,NA,0.09655306340521363,NA,NA,NA,53.2,50.4,47,100.3,5.5,224,2001-11,123.98717,123.98237,122.04557,116.69084,112.46518,-0.9574146497568492,-7.283649643722434,2001-11,251.36,251.78,-1.5278924913227243,78.19,-0.07670672838404613,1.9500843958978997,26.7,48.4,-6.874315241960316,3.361661079898459,NA,NA,NA,NA,NA,NA,NA,NA
Hungary,2001-12-01,53.33,52.37,51.57,NA,57.48,0.03480076596806825,6.597773770949544,-0.2995695930648079,8.672162813168427,-0.2860141143198991,9.655211929999696,-0.4643072763829359,9.279250635280922,NA,NA,52.9,49.9,45.8,104.9,5.5,224,2001-12,126.01393,126.00905,123.98768,118.71339,114.42512,-1.727697263611283,-8.296610546988603,2001-12,247.31,245.18,-1.6243564080943962,78.54,0.4466287013441317,2.0322242792413014,26.2,48.5,-1.8904154639152626,0.20639842208516335,NA,NA,NA,NA,NA,NA,NA,NA
Hungary,2002-01-01,54.85,54.04,51.67,NA,58.25,1.3307031234986333,6.416091003818369,2.8103162108728874,8.065061042781974,3.139060480060163,8.936931253153402,0.19372342362258266,8.815565265603675,NA,NA,52.9,50.3,46.9,98.7,5.5,225,2002-01,127.8001,127.7952,125.6693,120.21341,115.86783,-1.2529509687876583,-8.27490941025495,2002-01,243.84,243.32,-1.4130337928085268,78.63,0.11452568535608165,2.576466102111219,26.8,48.8,2.2642476749759943,0.6166514915664223,NA,NA,NA,NA,NA,NA,NA,NA
Hungary,2002-02-01,55.68,54.87,51.62,NA,58.81,0.9567816026054388,5.973231471862661,1.5018829304924708,8.056667154698793,1.524223797888613,8.735936734883731,-0.09681480086256578,5.249714276644601,NA,NA,53.1,53.3,50.2,94.8,5.5,226,2002-02,127.96216,127.95731,125.81183,120.08821,115.72471,0.12359639755166185,-8.603217265682517,2002-02,243.51,245.63,-0.13542630570881897,78.76,0.1651947767499884,2.4419668634227065,27.7,48.1,3.303052567648157,-1.4448135747386015,NA,NA,NA,NA,NA,NA,NA,NA
Hungary,2002-03-01,55.93,55.13,51.65,NA,59.25,0.7453871543376067,5.7843682089686155,0.44798928073319644,7.401170259889378,0.4727281530708005,7.963466468734781,0.05810012751799043,0.8164897614536759,NA,NA,53.3,52.4,49.3,96.1,5.5,227,2002-03,127.28532,127.28053,125.12742,119.50536,115.2161,0.4404685532243491,-8.385542459422268,2002-03,244.78,243.54,0.5201838512999046,79.21,0.5697299705263781,2.4796771530695594,32.2,48.9,15.053403935707,1.6495219369110803,NA,NA,NA,NA,NA,NA,NA,NA
Hungary,2002-04-01,56.63,55.89,52.08,NA,59.76,0.8570760809321065,5.857685379408206,1.2437971292217576,8.107331685473085,1.3691440680014821,8.725539251022774,0.8290802334665948,0.9840889837446021,NA,NA,53.5,52.5,49.3,99.6,5.5,226,2002-04,128.60383,128.599,126.39963,120.8062,116.53428,-1.1375983208925966,-9.90163368796324,2002-04,242.26,243.15,-1.034831836553618,79.56,0.44089005095830913,2.327017074364335,34.7,48.5,7.477323440245076,-0.8213598537389011,NA,NA,NA,NA,NA,NA,NA,NA
Hungary,2002-05-01,57.28,56.61,52.86,NA,60.05,0.48410077014304775,5.405796976343602,1.1412642526676287,6.789610683241687,1.280017476696127,7.327943230585232,1.4865911275829369,2.1029258983498167,NA,NA,53.5,51.6,48.6,101.2,5.5,227,2002-05,127.84517,127.84019,125.90008,120.90579,116.7972,-0.22536188539703517,-7.430358343369825,2002-05,243.8,242.6,0.6336687458515122,79.71,0.18835944540604999,2.0404991594191735,34.5,49.5,-0.5780362915499104,2.0408871631207415,NA,NA,NA,NA,NA,NA,NA,NA
Hungary,2002-06-01,56.17,55.42,53.22,NA,59.76,-0.48410077014304775,4.658376471852144,-1.956871610804889,3.7548620691905565,-2.1245108613736186,3.97549590490458,0.6787356373400222,2.704411628410597,NA,NA,53.2,52.1,49,99.6,5.6,228,2002-06,128.46182,128.45665,126.65339,122.43307,118.49649,-1.4444242379293648,-4.970707990947698,2002-06,242.71,244.93,-0.44809020320037973,79.67,-0.05019450475574061,1.849558677875418,32.80000000000001,51.2,-5.053080864721604,3.3766862470817394,NA,NA,NA,NA,NA,NA,NA,NA
Hungary,2002-07-01,55.97,55.19,53.2,NA,59.69,-0.11720386440030595,4.383512944418744,-0.3566973641072835,3.4536329509355035,-0.41587619834224654,3.6723381103811015,-0.037586920194465634,2.782721958971557,NA,NA,53.4,53.2,50,101.3,5.6,229,2002-07,126.39239,126.38726,124.85423,121.11776,117.43171,0.9026366745722214,-4.279664611801071,2002-07,246.72,245.2,1.6386775359796601,79.59,-0.10046465745165989,1.9795088689088303,34.2,52.6,4.179712867846153,2.6976587698201993,NA,NA,NA,NA,NA,NA,NA,NA
Hungary,2002-08-01,55.09,54.2,53.26,NA,59.5,-0.31881896289744915,4.274962150809358,-1.5847621418643598,2.8912795664651547,-1.8100869005809095,3.0154920844347455,0.11271840381876785,2.8954403627903247,NA,NA,53.4,52.3,49.1,102.8,5.6,230,2002-08,127.10408,127.09898,125.60163,121.63247,117.8977,-0.39603261577534354,-4.298919471588203,2002-08,245.3,245.2,-0.5772139110520769,79.64,0.06280223782377803,2.119234187448704,35.2,53.3,2.8820438535491544,1.3220211428134565,NA,NA,NA,NA,NA,NA,NA,NA
Hungary,2002-09-01,55,54.03,53.48,NA,59.91,0.6867123544249232,4.489191344344334,-0.16350262521536152,3.0646666478602924,-0.3141460589626277,3.177855075397451,0.41221718479560465,3.288332008826389,NA,NA,53.4,53.3,50.3,103,5.7,233,2002-09,127.80844,127.80341,126.23298,122.28939,118.59921,-0.5932526200544963,-6.5110149787880545,2002-09,243.89,243.8,-0.5764647293112546,79.84,0.2508152807212838,2.1010771638399817,37.7,55.1,6.861401184991367,3.321338498707016,NA,NA,NA,NA,NA,NA,NA,NA
Hungary,2002-10-01,55.01,54.03,53.95,NA,60.24,0.5493147395804421,4.742157919687351,0.01818016548957857,2.7459571067393718,0,2.7774350533014136,0.8749939470401369,4.144004151149883,NA,NA,53.3,51.5,48.5,103.5,5.7,233,2002-10,127.97376,127.96881,126.41079,122.53687,118.91789,-0.268342945606026,-6.536373882462421,2002-10,243.53,241.33,-0.14771657521670534,80.03,0.23769323757463212,2.2492734958691862,37.80000000000001,55.1,0.2649008171577538,0,NA,NA,NA,NA,NA,NA,NA,NA
Hungary,2002-11-01,54.99,53.97,53.95,NA,60.21,-0.04981320152817048,4.674939792521293,-0.036363636764402685,2.765662997656415,-0.1111111225422956,2.7234287195955886,0,4.047451087744669,NA,NA,52.6,53.5,50.5,102.8,5.7,235,2002-11,130.81172,130.80667,129.22717,125.55951,121.92852,-2.5001716434505106,-8.079130876156082,2002-11,238.25,237.72,-2.1919595684852133,79.97,-0.07500000351567948,2.250980220737553,34.2,54.7,-10.008345855698275,-0.7286006730933714,NA,NA,NA,NA,NA,NA,NA,NA
Hungary,2002-12-01,54.7,53.65,53.72,NA,60.27,0.09960160185968903,4.739740628412914,-0.5287641091787698,2.536468481542453,-0.594686755384366,2.4147560785311217,-0.4272320049107048,4.0845263592169,NA,NA,52.4,54.3,51.4,104.1,5.7,234,2002-12,132.02369,132.01857,130.53545,127.12734,123.5358,-1.3096021217400278,-7.661035734284827,2002-12,236.07,236.29,-0.9192171319310383,80.36,0.48649756029357505,2.2908490796869962,39.7,55.8,14.912554362458508,1.9910159959329654,NA,NA,NA,NA,NA,NA,NA,NA
Hungary,2003-01-01,55.82,54.87,53.79,NA,61.05,1.285873306176022,4.694910811090303,2.026851868024071,1.7530041386936368,2.2485281994176542,1.524223797888613,0.1302204630114545,4.021023398605772,NA,NA,53,53.7,50.3,106.3,5.7,235,2003-01,129.6665,129.66141,128.4352,125.76441,122.38155,0.9387369181473204,-5.469347847349848,2003-01,240.39,243.98,1.813423324308694,80.3,-0.07469189940181309,2.1016314949291015,43.6,55.7,9.370596266184394,-0.17937224540265362,NA,NA,NA,NA,NA,NA,NA,NA
Hungary,2003-02-01,56.56,55.63,53.98,NA,61.55,0.8156652073749271,4.553794415859791,1.3169793480141578,1.5681005562153238,1.3755873016317643,1.3755873016317643,0.3526031304707189,4.470441329939057,NA,NA,53.6,53.4,49.5,111.8,5.7,236,2003-02,127.1942,127.18912,126.03864,123.75596,120.50099,1.5485654757806167,-4.044378769120893,2003-02,245.12,243.64,1.9485282094137801,80.62,0.39771367363039545,2.3341503918095086,48.3,55.2,10.2374410303538,-0.9017193650188382,NA,NA,NA,NA,NA,NA,NA,NA
Hungary,2003-03-01,56.68,55.77,53.96,NA,62.07,0.841292779509839,4.649700041032023,0.21193932341621036,1.3320505988983378,0.2513466314260526,1.1542057799870165,-0.03705762503032339,4.375283577390743,NA,NA,53.9,54.5,51.3,105.1,5.7,238,2003-03,126.95094,126.94587,126.01092,123.9148,120.64456,-0.11907332891967215,-4.6039206512649145,2003-03,245.6,246.35,0.19563097207608848,81.08,0.5689563894779148,2.3333768107610453,43.4,54.9,-10.697211955216757,-0.5449604767565397,NA,NA,NA,NA,NA,NA,NA,NA
Hungary,2003-04-01,56.28,55.32,53.95,NA,62.08,0.016109544940245968,3.8087335050401627,-0.7082182576291451,-0.6199647879525649,-0.8101583604904761,-1.0250966485049418,-0.018533963541145226,3.527669380383003,NA,NA,53.6,54,50.8,104.2,5.8,239,2003-04,126.91324,126.90829,125.94127,123.98293,120.6537,-0.00757568662477226,-3.47389801699709,2003-04,245.59,245.73,-0.0040717441321724834,81.21,0.16020707105202092,2.052693830854757,37,54.3,-15.954152846213487,-1.098912157559484,NA,NA,NA,NA,NA,NA,NA,NA
Hungary,2003-05-01,56.58,55.66,53.82,NA,62.14,0.09660280899375095,3.421235543890866,0.531633362723305,-1.2295956778968886,0.6127249301187021,-1.6923891950823666,-0.24125464053841306,1.7998236122616529,NA,NA,53.2,53.9,50.7,102,5.8,240,2003-05,126.82603,126.82102,125.92877,124.84012,121.76626,-0.9178846586732625,-4.1664207902733175,2003-05,245.78,249.73,0.07733480247855695,81.15,-0.07390983337183243,1.7904245520768747,38.6,54.2,4.233436382656075,-0.18433184942892034,NA,NA,NA,NA,NA,NA,NA,NA
Hungary,2003-06-01,56.43,55.46,54.3,NA,62.38,0.3854807214755951,4.290817035509509,-0.26546338923720825,0.46181254367079205,-0.35997159101128773,0.0721500752799642,0.887908164113016,2.0089961390346467,NA,NA,54.5,55.3,52.4,103.7,5.8,239,2003-06,119.3503,119.34552,118.57249,117.54168,114.62086,6.047349325776086,3.325352773432133,2003-06,261.21,266.61,6.088785465218294,81.25,0.12315272492458007,1.9637717817571954,40.4,54,4.557750849631947,-0.3696861881326008,NA,NA,NA,NA,NA,NA,NA,NA
Hungary,2003-07-01,56.35,55.41,54.2,NA,62.52,0.22417943736190438,4.632200337271719,-0.14186914952638574,0.6766407582516898,-0.09019573083737242,0.3978305427848383,-0.18433184942892034,1.862251209800192,NA,NA,54.9,55.8,52.9,101.6,5.7,238,2003-07,118.22058,118.21582,117.47482,116.13009,113.10122,1.334664217088033,3.7573803159479446,2003-07,263.73,263.93,0.9601171022563193,81.13,-0.14780148028732398,1.9164349589215313,40.30000000000001,52.8,-0.2478316014467019,-2.2472855852058604,NA,NA,NA,NA,NA,NA,NA,NA
Hungary,2003-08-01,55.52,54.46,54.63,NA,62.33,-0.3043654732516998,4.646653826917468,-1.483892428723621,0.7775104713924286,-1.7293595633644632,0.47855788000128463,0.790227396202603,2.539760202184027,NA,NA,55.4,57.4,54.7,100.2,5.7,238,2003-08,120.12585,120.12099,119.38594,117.76204,114.6048,-1.320651824211705,2.8327611075115833,2003-08,259.56,257.46,-1.5937962778229675,81.25,0.14780148028732398,2.001434201385077,41.7,53.9,3.4149659852118486,2.0619287202735315,NA,NA,NA,NA,NA,NA,NA,NA
Hungary,2003-09-01,55.63,54.54,56.18,NA,62.67,0.5440013415825007,4.503942814075046,0.19793078886527482,1.138943885473065,0.14678901718290227,0.9394929561468146,2.7977639268470966,4.925306944235519,NA,NA,55.3,56.8,54.1,98.3,5.7,238,2003-09,122.03475,122.02987,121.29231,119.60457,116.46158,-1.6071744986615677,1.8188392289045119,2003-09,255.46,254.96,-1.5922048138336642,81.54,0.3562876181260499,2.1069065387898434,38.4,55.5,-8.244366921107504,2.925254283743728,NA,NA,NA,NA,NA,NA,NA,NA
Hungary,2003-10-01,56.31,55.3,57.35,NA,63.16,0.7788325150857034,4.733460589580307,1.2149515179324943,2.3357152379159807,1.3838531110846652,2.32334606723148,2.061202189928224,6.111515187123606,NA,NA,55.3,57.3,54.6,101.1,5.7,237,2003-10,121.89602,121.89113,121.22932,119.97049,116.98303,-0.44674483361344386,1.640437340897094,2003-10,255.77,259.26,0.12127615280617121,81.66,0.1470588500322556,2.016272151247467,41.1,59.7,6.795066190850818,7.294899964616786,NA,NA,NA,NA,NA,NA,NA,NA
Hungary,2003-11-01,56.87,55.92,57.86,NA,63.56,0.631315228107443,5.414589019215921,0.9895822052181202,3.3616610798985036,1.1149189397265502,3.5493761295003257,0.8853455972609225,6.996860784384529,NA,NA,56,57.9,55.4,97.4,5.7,237,2003-11,120.23177,120.22697,119.64353,118.37002,115.41325,1.3509716035820851,5.49158058792969,2003-11,259.31,264.74,1.3745654026600995,81.7,0.048971597452762694,2.140243752215909,40.2,62.2,-2.2141125877213508,4.102297934657706,NA,NA,NA,NA,NA,NA,NA,NA
Hungary,2003-12-01,56.79,55.84,57.82,NA,63.65,0.14149833349001995,5.456485750846252,-0.14077074293670222,3.749654446140571,-0.14316394714377623,4.000898937740915,-0.06915629597887829,7.354936493316355,NA,NA,55.9,60.5,58.3,101,5.7,237,2003-12,117.77667,117.77191,117.30484,116.64676,113.93934,1.2852963994085087,8.086479109078226,2003-12,264.74,262.5,2.0723955116331183,81.95,0.30553033238813754,1.9592765243104715,43.8,61.9,8.576682175742478,-0.4834820054583133,NA,NA,NA,NA,NA,NA,NA,NA
Hungary,2004-01-01,58.74,57.95,60.45,NA,65.11,2.2678822245355335,6.438494669205763,3.3760671881132964,5.098869766229797,3.7090111331644415,5.461381871487703,4.448184047260195,11.672900077565096,NA,NA,56.5,58.7,55.9,100.6,5.7,240,2004-01,117.9546,117.94986,117.64206,117.05705,114.41211,-0.414072847354241,6.733669343576665,2004-01,264.32,264.55,-0.15877219530118225,81.74,-0.2565827053707004,1.7773857183415842,45.2,63.9,3.146326945578526,3.1799181692938383,NA,NA,NA,NA,NA,NA,NA,NA
Hungary,2004-02-01,59.38,58.57,62.63,NA,65.87,1.1604955403830886,6.783325002213925,1.0836543565139856,4.865544774729624,1.0642050315929907,5.149999601448929,3.5427819476518962,14.863078894746273,NA,NA,56.4,59.2,56.4,102.4,5.8,241,2004-02,118.46793,118.46321,118.24521,117.55196,114.87356,-0.402511524612148,4.7825923431839,2004-02,263.15,257.05,-0.4436278532825355,81.94,0.2443793982593867,1.6240514429705755,44.1,66.2,-2.4637304385385583,3.5361101559473695,NA,NA,NA,NA,NA,NA,NA,NA
Hungary,2004-03-01,59.4,58.56,63.58,NA,66.22,0.5299429466498751,6.471975169353961,0.033675703298552406,4.687281154611966,-0.017075044863457123,4.881577925159419,1.5054558945335472,16.405592414310142,NA,NA,56,59.3,56.4,100.2,5.8,242,2004-03,123.02702,123.02221,122.74455,121.63343,118.68347,-3.262798805026712,1.6388668670768602,2004-03,253.33,249.25,-3.803122516882329,82.46,0.6326055160028154,1.687700569495476,47.6,69.8,7.637297878457439,5.295354682536413,NA,NA,NA,NA,NA,NA,NA,NA
Hungary,2004-04-01,59.33,58.41,63.61,NA,66.39,0.2563910611967479,6.712256685610463,-0.11791460980470347,5.277584802436408,-0.25647616008388496,5.4352601255660105,0.04717352080563231,16.471299898656923,NA,NA,56.3,59.8,57.2,99.8,5.8,241,2004-04,124.45301,124.44817,124.1324,122.68998,119.60787,-0.7758608744191875,0.870581679282445,2004-04,250.41,251.15,-1.1593412100209477,82.88,0.5080451232418959,2.035538621685351,47.8,69.1,0.41928782600355596,-1.0079278994702179,NA,NA,NA,NA,NA,NA,NA,NA
Hungary,2004-05-01,59.96,59.05,63.6,NA,66.99,0.8996911789107997,7.515345055527511,1.056259296384443,5.802210736097546,1.0897434591153221,5.9122786545626305,-0.015722034463649948,16.696832504731685,NA,NA,56.5,59.1,56.5,99.4,5.9,246,2004-05,123.2103,123.20554,122.79352,121.72163,118.71194,0.7518755748411543,2.540341912796862,2004-05,252.91,251.4,0.9934119684107401,83.14,0.3132155313318563,2.42266398638904,53.6,66.5,11.452342857934639,-3.8352783111816002,NA,NA,NA,NA,NA,NA,NA,NA
Hungary,2004-06-01,60.13,59.24,63.44,NA,67.02,0.04477277889884945,7.174637112950766,0.2831211817080792,6.350795307042834,0.32124467562271164,6.59349492119663,-0.25188930194834924,15.55703503867032,NA,NA,56.7,59.9,57.2,100.7,6,250,2004-06,123.14393,123.13922,122.63033,121.50828,118.59113,0.1018191719451167,-3.4051882410341072,2004-06,253.02,251.6,0.043484277166161434,83.18,0.04810004902742193,2.3476113104918817,50.8,64.2,-5.365271349232037,-3.519873696589304,NA,NA,NA,NA,NA,NA,NA,NA
Hungary,2004-07-01,60.14,59.22,62.88,NA,67.02,0,6.950457675588861,0.016629250890520808,6.50929370745974,-0.03376667261525412,6.649923979418748,-0.8866429205641957,14.854723967535044,NA,NA,56.8,59.9,57.3,99.6,6.1,251,2004-07,124.68857,124.68378,124.11642,123.08102,120.18801,-1.3375572150377657,-6.077409673159906,2004-07,249.89,248.3,-1.2447715952681015,83,-0.2166326518167061,2.2787801389624995,54,62.6,6.108769197983843,-2.5237932589862844,NA,NA,NA,NA,NA,NA,NA,NA
Hungary,2004-08-01,59.52,58.53,62.63,NA,66.81,-0.3138312371778973,6.940991911662664,-1.0362787035545828,6.956907432628778,-1.1719879370316377,7.207295605751574,-0.39837515836298465,13.666121412969456,NA,NA,56.9,59.2,56.6,99.6,6.2,256,2004-08,125.21742,125.21259,124.61802,123.58483,120.64011,-0.3754549353213399,-5.132212784269541,2004-08,248.85,249.25,-0.41705157292799555,83.17,0.2046098083997805,2.335588467074956,58.1,61.1,7.3181617293591295,-2.425341192850272,NA,NA,NA,NA,NA,NA,NA,NA
Hungary,2004-09-01,58.85,57.79,62.32,NA,66.86,0.07481110545670688,6.47180167553687,-1.132055681855082,5.6269209619084215,-1.2723692973442446,5.788137291224427,-0.4961994974828521,10.372157988639508,NA,NA,57.1,60.1,57.5,101.9,6.2,258,2004-09,125.83033,125.82546,125.14202,124.30654,121.33792,-0.5767564389004498,-4.101794724508423,2004-09,247.66,247.41,-0.4793467517610672,83.26,0.10815358862332758,2.0874544375722337,58.1,60.8,0,-0.49220772054283657,NA,NA,NA,NA,NA,NA,NA,NA
Hungary,2004-10-01,58.77,57.73,61.89,NA,67.18,0.47747031921945293,6.17043947967062,-0.1360313081726794,4.275938135803248,-0.10387812568444232,4.300406054455319,-0.6923785811222771,7.6185772175890065,NA,NA,57.3,61.2,58.5,102.6,6.4,265,2004-10,126.33649,126.33155,125.57716,125.01948,122.14133,-0.6599436427359606,-4.31499353363094,2004-10,246.69,246.04,-0.39243501360379796,83.59,0.3955653944235138,2.335960981963492,66.8,59.7,13.953741668473452,-1.825776857356498,NA,NA,NA,NA,NA,NA,NA,NA
Hungary,2004-11-01,58.75,57.66,61.98,NA,67.23,0.07439922967984458,5.613523481243021,-0.03403676002911027,3.2523191705560173,-0.1213276862586099,3.064159428470159,0.14531366083323505,6.878545281161319,NA,NA,57.1,61.5,58.6,106.9,6.4,267,2004-11,127.00788,127.00296,126.0658,125.84476,123.10805,-0.7883608161633582,-6.454325953376383,2004-11,245.36,245.74,-0.5405967844917647,83.53,-0.07180469432492842,2.2151846901858008,59.1,59.4,-12.247215613054774,-0.5037794029957077,NA,NA,NA,NA,NA,NA,NA,NA
Hungary,2004-12-01,58.72,57.62,61.62,NA,67.18,-0.07439922967984458,5.397625918073157,-0.05107687180077036,3.342013041691949,-0.06939625538739946,3.1379271202265357,-0.5825259191080789,6.365175658032118,NA,NA,56.8,60.6,58.2,99.8,6.5,271,2004-12,126.74622,126.7414,125.57475,125.6624,123.0132,0.07707583534184437,-7.662546517443047,2004-12,245.8,245.97,0.17916773259383234,83.85,0.38236395014026314,2.2920183079379264,56.1,59.8,-5.209511188340166,0.6711434587987064,NA,NA,NA,NA,NA,NA,NA,NA
Hungary,2005-01-01,59.18,58.06,61.19,NA,67.71,0.7858295313407204,3.9155732248783437,0.780326266580289,0.7462721201589417,0.7607228940101685,0.18963888107226268,-0.7002715694071959,1.2167200413647272,NA,NA,57.3,61,58.4,99.9,6.6,277,2005-01,126.38214,126.37739,125.11399,124.93601,122.17104,0.6869636579621918,-6.5615100121266146,2005-01,246.48,245.6,0.27626571564773883,83.32,-0.6340871876446386,1.9145138256639882,60.8,60,8.045397644347041,0.33389012655140604,NA,NA,NA,NA,NA,NA,NA,NA
Hungary,2005-02-01,59.4,58.32,61.27,NA,68.07,0.530270796230603,3.285348480725858,0.37105793965359624,0.033675703298552406,0.44681291039188054,-0.4277532401288475,0.13065492631136877,-2.1954069799758003,NA,NA,57.4,60.7,58.1,98.8,6.8,283,2005-02,127.80074,127.79607,126.28703,125.91972,123.0649,-0.7289828386699782,-6.887981326184445,2005-02,243.69,241.84,-1.1383928557440193,83.62,0.35941095356477604,2.0295453809693775,62,62.1,1.9544596072970322,3.4401426717332484,NA,NA,NA,NA,NA,NA,NA,NA
Hungary,2005-03-01,59.58,58.54,60.74,NA,68.4,0.4836237168644786,3.2390292509404617,0.3025720916537189,0.3025720916537189,0.3765193563337377,-0.034158838931652724,-0.8687867119959947,-4.569649586505342,NA,NA,57.8,61.9,59.2,101.5,6.9,291,2005-03,127.2134,127.20873,125.67201,125.49049,122.69795,0.29862143337684444,-3.326561087780888,2005-03,244.81,247.2,0.45854737460766515,84.25,0.7505843304051574,2.1475241953717195,71.1,65.3,13.695295176410305,5.024604734295224,NA,NA,NA,NA,NA,NA,NA,NA
Hungary,2005-04-01,59.79,58.78,61.12,NA,68.9,0.7283353391107639,3.7109735288544776,0.35184756076764856,0.7723342622260709,0.4091379727030997,0.631455293855332,0.6236685240661899,-3.9931545832447846,NA,NA,58.2,64.5,62.2,99.3,7.1,300,2005-04,125.51447,125.50968,124.20243,123.78314,120.87436,1.4973985127348044,-1.0533017006268963,2005-04,248.19,252.51,1.3712182393152972,84.6,0.41456973797071583,2.0540488101005394,70.3,63.3,-1.1315537992575564,-3.1106707132254385,NA,NA,NA,NA,NA,NA,NA,NA
Hungary,2005-05-01,61.03,60.19,60.85,NA,69.31,0.5933017910280114,3.4045841409716893,2.0527123663590885,1.7687873322007164,2.370456456890846,1.9121682916308558,-0.44273254247286786,-4.4201650912540025,NA,NA,58.5,64.9,62.6,99.7,7.2,303,2005-05,123.61607,123.61145,122.35636,121.70745,118.71873,1.799457711098551,-0.005719564369499608,2005-05,251.95,253.6,1.5036073256405658,84.78,0.21253993123133696,1.95337321000002,66,62.7,-6.311705679019397,-0.9523881511255716,NA,NA,NA,NA,NA,NA,NA,NA
Hungary,2005-06-01,61.96,61.28,60.89,NA,69.5,0.2737556640853178,3.6335670261581576,1.512346899226369,2.998013049719006,1.7947299872655975,3.3856536032737417,0.06571381869466819,-4.102561970610985,NA,NA,58.5,63.8,61.5,97.3,7.2,303,2005-06,125.03721,125.03265,123.66795,122.34006,119.15596,-0.36761413531998244,-0.47515287163459874,2005-06,249.04,247.24,-1.161712899325451,84.87,0.10610080570945257,2.0113739666820507,72.9,62.4,9.943389698818716,-0.4796172263493048,NA,NA,NA,NA,NA,NA,NA,NA
Hungary,2005-07-01,62.51,61.93,60.27,NA,69.46,-0.05757052548185371,3.575996500676304,0.8837528395053695,3.865136638333855,1.0551189517634008,4.4745392276523965,-1.0234490125530016,-4.239368062599791,NA,NA,58.3,64,61.6,99.2,7.3,306,2005-07,126.35827,126.35358,125.06299,123.86315,120.55604,-1.1681483787747915,-0.30574403537162453,2005-07,246.47,244.99,-1.0373243911078411,84.78,-0.10610080570945257,2.1219058127893042,77.2,61.9,5.731081801611815,-0.8045095684831693,NA,NA,NA,NA,NA,NA,NA,NA
Hungary,2005-08-01,61.07,60.24,60.15,NA,69.13,-0.47622573587542405,3.413602001978777,-2.3305796708678272,2.5708356710206104,-2.766813145833158,2.8797140188508763,-0.19930250742650202,-4.040295411663308,NA,NA,58.4,63.9,61.3,100.2,7.4,311,2005-08,127.38233,127.37763,125.85683,124.85669,121.59494,-0.8580649760718373,-0.7883540761221219,2005-08,244.49,244.48,-0.8065873939267831,84.98,0.23562687621740963,2.1529228806069334,86.8,61,11.720716463557412,-1.464631551723894,NA,NA,NA,NA,NA,NA,NA,NA
Hungary,2005-09-01,60.31,59.34,60.34,NA,69.25,0.17343551102744215,3.5122264075495124,-1.2522819772147642,2.450609375660928,-1.5052968628961771,2.646786453298944,0.3153791310227305,-3.2287167831577257,NA,NA,58.9,65.5,63.2,99.6,7.4,312,2005-09,126.68684,126.68217,125.01436,123.88947,120.62367,0.8019823132536352,0.5903846760319631,2005-09,245.83,249.61,0.5465831848896485,85.42,0.5164330726654676,2.5612023646490734,89.7,62,3.2864147398445454,1.6260520871780315,NA,NA,NA,NA,NA,NA,NA,NA
Hungary,2005-10-01,60.01,59.03,60.37,NA,69.27,0.028876696706614524,3.063632785036674,-0.49867124614735303,2.0879694376862545,-0.5237825610078239,2.226882017975562,0.049705907741959265,-2.4866322942934893,NA,NA,59.3,66.3,64,99.5,7.4,310,2005-10,123.67434,123.66971,122.20696,121.01983,117.69938,2.4541787068838694,3.704507025651793,2005-10,251.85,250.54,2.4193432059756326,85.63,0.24554236247809058,2.41117933270365,86,63.1,-4.2123472811242735,1.7586384502076058,NA,NA,NA,NA,NA,NA,NA,NA
Hungary,2005-11-01,60.24,59.24,60.3,NA,69.4,0.18749554782448996,3.1767291031813194,0.38253684902160856,2.5045430467369734,0.35512001470001664,2.7033297189341887,-0.1160189075195106,-2.747964862646235,NA,NA,59.5,66.1,63.9,99.5,7.4,314,2005-11,124.06161,124.05702,122.69872,121.32601,117.8645,-0.14019129506896988,4.352676546746181,2005-11,251.04,252.67,-0.32213832069372117,85.45,-0.21042794765007145,2.272556079378507,78.7,62,-8.87041408301501,-1.7586384502076058,NA,NA,NA,NA,NA,NA,NA,NA
Hungary,2005-12-01,60.45,59.46,60.01,NA,69.37,-0.04323701155488635,3.2078913213062776,0.3479993569164286,2.9036192754541723,0.37068281703538375,3.143408791356972,-0.48208887317180427,-2.6475278167099603,NA,NA,59.6,66.6,64.6,101.7,7.4,313,2005-12,123.21668,123.21229,121.66197,120.39682,117.01397,0.7242330194138447,4.999833730818182,2005-12,252.68,252.87,0.6511577045777983,85.74,0.33880516082307466,2.2289972900613186,83.2,63.7,5.560419240380554,2.7050177533025632,NA,NA,NA,NA,NA,NA,NA,NA
Hungary,2006-01-01,61.1,60.31,59.84,NA,69.36,-0.014416492492319577,2.4076452974732376,1.0695289116747553,3.1928219205486386,1.4194109892943452,3.8020968866411486,-0.283688133519977,-2.2309443808227414,NA,NA,59.9,66.6,64.3,101.7,7.5,316,2006-01,124.16058,124.1563,122.47953,121.4703,118.12757,-0.9471812811650437,3.365688791690946,2006-01,250.71,252.71,-0.7826973349045474,85.35,-0.45590119293814624,2.407183284767811,85.4,64.7,2.6098752967361527,1.557663892873773,NA,NA,NA,NA,NA,NA,NA,NA
Hungary,2006-02-01,61.86,61.15,59.91,NA,69.62,0.3741549911006281,2.2515294923432627,1.2361901079374071,4.0579540888324495,1.3831934670285762,4.738477443277844,0.1169102429611435,-2.2446890641729667,NA,NA,60,67.3,65,100.2,7.3,311,2006-02,123.71625,123.71209,121.87257,120.7195,117.21523,0.7753324685233487,4.870004098884273,2006-02,251.57,253.23,0.34243881516058394,85.59,0.2808004653068963,2.328572796509931,80.3,67.4,-6.1576479841808585,4.088381641140604,NA,NA,NA,NA,NA,NA,NA,NA
Hungary,2006-03-01,62.32,61.62,60.06,NA,70.02,0.5729033143226481,2.340809089801432,0.7408634305568818,4.496245427735612,0.7656631035340311,5.127621190478138,0.25006264593505634,-1.1258397062419156,NA,NA,61,70,67.6,104.7,7.3,311,2006-03,119.32324,119.31918,117.66075,116.72503,113.31166,3.386974214557892,7.95835688006532,2006-03,260.85,265.74,3.622424863534146,86.09,0.5824806776344893,2.160469143739263,82.1,66.2,2.216839550566707,-1.7964554975298697,NA,NA,NA,NA,NA,NA,NA,NA
Hungary,2006-04-01,62.85,62.17,60.32,NA,70.55,0.7540762772303644,2.3665500279210328,0.8468533473763529,4.991251214344317,0.8886075112724434,5.607090729047481,0.4319661144516651,-1.3175421158564404,NA,NA,61.6,69.1,66.9,100.8,7.2,308,2006-04,117.23607,117.23213,115.58418,114.97123,111.67399,1.4558252264081695,7.9167835937386855,2006-04,265.47,264.08,1.7556310478966886,86.66,0.6599155641899834,2.4058149699585307,91.3,65.8,10.621277114254024,-0.606062461169099,NA,NA,NA,NA,NA,NA,NA,NA
Hungary,2006-05-01,64.21,63.67,60.44,NA,71.31,1.0714891741389287,2.84473741103195,2.1408026769701216,5.07934152495535,2.3840925747688146,5.62072684692545,0.19874137048381257,-0.67606820289976,NA,NA,61.7,70.1,67.9,101,7.3,310,2006-05,118.62794,118.62393,116.91764,116.68485,113.5892,-1.7004608248939235,4.416865057746211,2006-05,262.37,262.09,-1.1746118681816853,86.89,0.265053453935149,2.4583284926623428,89.9,68.2,-1.5452846123348074,3.5824726518145056,NA,NA,NA,NA,NA,NA,NA,NA
Hungary,2006-06-01,65.09,64.63,60.69,NA,71.5,0.2660879659749149,2.837069712921547,1.361196577833823,4.928191203562804,1.4965205245870195,5.322517384246872,0.41278024432251925,-0.32900177727190894,NA,NA,63.1,71.6,69.5,102.1,7.5,317,2006-06,114.28943,114.28543,112.7994,112.83846,109.73188,3.454849552637018,8.239328745703212,2006-06,272.39,283.35,3.7479141616420186,86.96,0.08052919618393162,2.432756883136822,88.5,65.8,-1.5695389463691534,-3.5824726518145056,NA,NA,NA,NA,NA,NA,NA,NA
Hungary,2006-07-01,65.06,64.55,62.79,NA,71.63,0.1816530926398663,3.076293331043267,-0.046100653908975886,3.9983377101484585,-0.12385819821529864,4.143540234268173,3.401688527825364,4.0961357631064566,NA,NA,63.9,71.6,69.5,102.8,7.5,320,2006-07,112.20652,112.20251,110.73176,110.77213,107.70466,1.8647084254395097,11.272185549917513,2006-07,277.49,272.23,1.8550033619167294,86.85,-0.12657501258397374,2.4122826762623006,94,66.9,6.0292230256120405,1.657912880291157,NA,NA,NA,NA,NA,NA,NA,NA
Hungary,2006-08-01,65.66,65.12,65.12,NA,72.37,1.0277868251676203,4.580305892086312,0.9179991028240408,7.246916483840327,0.8791604401634068,7.789513820264737,3.6435896568267623,7.939027927359721,NA,NA,64.1,69.3,67,100.1,7.6,321,2006-08,113.43064,113.42676,111.77749,111.71708,108.69744,-0.9175391227604024,11.212711403228948,2006-08,274.41,274.65,-1.1161558164756613,86.93,0.09207044038586076,2.2687262404307518,94.7,66.6,0.7419217922028487,-0.44943895878395423,NA,NA,NA,NA,NA,NA,NA,NA
Hungary,2006-09-01,67.14,66.77,67.75,NA,73.35,1.3450655710954607,5.75193595215433,2.2290079478442415,10.728206408899332,2.502215617549197,11.797026300710112,3.959273806552499,11.58292260288949,NA,NA,64.3,71.7,69.9,98.1,7.6,322,2006-09,113.43685,113.43291,111.88857,111.80779,108.70106,-0.0033302897676890098,10.407398800207623,2006-09,274.42,273,0.003644115664602765,86.93,0,1.7522931677652842,80.3,66.4,-16.49443792393166,-0.30075210639548544,NA,NA,NA,NA,NA,NA,NA,NA
Hungary,2006-10-01,67.19,66.8,68.23,NA,73.68,0.44888873580601896,6.1719479912537345,0.07444353801702164,11.301321193063707,0.044920267282311244,12.365729129000247,0.7059891067521917,12.239205801899722,NA,NA,63.5,73.2,71.6,96.6,7.7,326,2006-10,116.50095,116.49714,114.82699,114.66639,111.41626,-2.467173165512637,5.486046927811117,2006-10,267.1,260.22,-2.7036659377113637,87,0.08049215636107832,1.587242961648272,77,69.3,-4.19641990990316,4.274784971346879,NA,NA,NA,NA,NA,NA,NA,NA
Hungary,2006-11-01,68.12,67.81,69.04,NA,73.84,0.21691982475458005,6.201372268183825,1.3746428862428495,12.293427230284948,1.5006596153150475,13.511268729615278,1.1801695947840862,13.535394304203319,NA,NA,62.8,73.8,72.5,97.4,7.6,324,2006-11,120.1513,120.14773,118.24443,118.31176,115.0721,-3.22856110851788,2.3976771143622067,2006-11,258.84,256.27,-3.1413009926850144,87.03,0.034476814683870316,1.8321477239822137,79.2,72.6,2.8170876966695957,4.652001563489261,NA,NA,NA,NA,NA,NA,NA,NA
Hungary,2006-12-01,68.36,68.12,69.57,NA,73.93,0.1218109374411469,6.366420217179858,0.3517002452903206,12.29712811865884,0.4561179098736545,13.596703822453549,0.7647393160376659,14.782222493412789,NA,NA,62.3,75.7,74.9,95.3,7.4,314,2006-12,122.39333,122.39001,120.30838,120.66167,117.48946,-2.078973900322012,-0.40552980537365,2006-12,253.97,251.77,-1.899396038231238,87.37,0.3899087508580479,1.883251314017187,82.2,72.9,3.7179003241754494,0.41237171838623965,NA,NA,NA,NA,NA,NA,NA,NA
Hungary,2007-01-01,69.78,69.57,70.36,NA,75.21,1.716550126930283,8.09738683660246,2.0559577511237492,13.283556958107834,2.1062584141062324,14.283551247265436,1.1291479933807302,16.195058620313496,NA,NA,62.4,74,72.6,97.9,7.1,304,2007-01,122.42057,122.41735,120.42838,120.5722,117.25936,0.1960393868580823,0.737690862649476,2007-01,253.88,257.22,-0.03544353684832302,86.92,-0.5163818921773533,1.8227706147779799,73.6,73.5,-11.051027632730381,0.8196767204178279,NA,NA,NA,NA,NA,NA,NA,NA
Hungary,2007-02-01,69.96,69.69,71.03,NA,75.87,0.8737148511672288,8.596946696669061,0.2576214391773135,12.30498828934774,0.1723395514877879,13.072697331724648,0.9477403140361496,17.025888691388502,NA,NA,62.4,74.5,73.1,98.4,7.1,304,2007-02,122.68247,122.6794,120.79055,120.97943,117.63455,-0.3194551268466128,-0.3570967327204855,2007-02,253.3,254.7,-0.22871574306400078,87.17,0.2872079635255709,1.8291781129966544,79.1,75.9,7.206784903877761,3.213127818279382,NA,NA,NA,NA,NA,NA,NA,NA
Hungary,2007-03-01,70.25,69.93,72.48,NA,76.32,0.59136777900477,8.615411161351183,0.41366580634543126,11.97779066513629,0.3437906265348012,12.650824854725418,2.0208338725005603,18.796659917954006,NA,NA,62.1,74.3,72.4,101.6,7.2,306,2007-03,124.31869,124.31593,122.39516,122.82002,119.52569,-1.5948542513409159,-5.338925198619293,2007-03,249.86,247.8,-1.3673796003946137,87.75,0.6631627322490452,1.9098601676112104,82.7,75.6,4.450672725603688,-0.3960401216096976,NA,NA,NA,NA,NA,NA,NA,NA
Hungary,2007-04-01,70.93,70.61,73.47,NA,76.67,0.45754704307716665,8.318881927197985,0.9633167000139942,12.094254017773931,0.9677035812480028,12.729920924700977,1.3566497897461893,19.72134359324853,NA,NA,61.6,75.1,73.3,102.8,7.2,306,2007-04,126.24998,126.24733,124.13093,124.78727,121.55709,-1.6852701620026167,-8.48002058703008,2007-04,246,247.18,-1.5569225071320858,88.31,0.6361489134735443,1.8860935168947712,88.8,75.5,7.116704796847895,-0.13236269305085813,NA,NA,NA,NA,NA,NA,NA,NA
Hungary,2007-05-01,71.34,71.04,74.11,NA,77.3,0.8183458022573475,8.065738555316404,0.5763704716749807,10.52982181247879,0.6071321155658893,10.952960465498052,0.867331633108126,20.389933855872844,NA,NA,61.9,74.4,72,107.1,7.1,302,2007-05,125.0207,125.01807,122.82971,123.49771,120.24903,1.08191865411289,-5.697641108023266,2007-05,248.42,250.25,0.9789326183684999,88.52,0.23751637021378613,1.8585564331734084,88.9,77.9,0.11254925217345502,3.129329662172342,NA,NA,NA,NA,NA,NA,NA,NA
Hungary,2007-06-01,71.39,71.02,74.52,NA,77.58,0.3615706418444553,8.161221231185944,0.07006235836239938,9.238687593007366,-0.02815711689727607,9.428282824013756,0.5517069770120564,20.52886058856238,NA,NA,61.8,76.2,74.1,106.4,7.1,303,2007-06,124.11081,124.10804,121.97307,122.44564,119.13584,0.930048773881964,-8.22244188677832,2007-06,250.29,246.15,0.7499383466045728,88.61,0.1016202876361838,1.8796475246256605,92.8,81.5,4.2934497272296035,4.517706737011462,NA,NA,NA,NA,NA,NA,NA,NA
Hungary,2007-07-01,71.51,71.15,74.47,NA,77.58,0,7.979568138546078,0.1679496545935244,9.452737901509867,0.1828797020920092,9.735020724321064,-0.06711860108339351,17.060053459653624,NA,NA,62,78,76.4,104.6,7.3,310,2007-07,125.74927,125.7469,123.348,124.00927,120.77619,-1.3674808737977884,-11.454631186015618,2007-07,246.9,250.45,-1.3636849230959314,88.39,-0.248587698635383,1.7576348385742513,98,83.4,5.452083887841752,2.304528911788406,NA,NA,NA,NA,NA,NA,NA,NA
Hungary,2007-08-01,72.39,72.18,75.72,NA,77.54,-0.05157297690381313,6.900208336474645,1.2230868244745174,9.757825623160343,1.4372674678781117,10.293127752035769,1.6645966618567876,15.081060464683649,NA,NA,62.6,78.2,76.2,106.1,7.3,310,2007-08,121.68692,121.68444,119.50687,120.03731,116.92014,3.244802578216799,-7.292289485038417,2007-08,255.2,253.91,3.306415511950078,88.45,0.06785795329378175,1.7334223514821723,91.4,84.7,-6.9722000210467705,1.54672922933079,NA,NA,NA,NA,NA,NA,NA,NA
Hungary,2007-09-01,74.11,74.07,80.94,NA,78.07,0.6811927889416758,6.23633555432086,2.348230765821757,9.877048441137859,2.5847592810555042,10.375671415542076,6.666581310659758,17.788367968790908,NA,NA,62.5,77.6,75.8,104.3,7.5,316,2007-09,122.60475,122.60211,120.47432,121.21035,118.14334,-1.0407495379435083,-8.329708733214236,2007-09,253.33,250.69,-0.7354564839670452,88.78,0.372397880009423,2.1058202314915953,98.1,89.4,7.074188811121296,5.40050805214598,NA,NA,NA,NA,NA,NA,NA,NA
Hungary,2007-10-01,75.52,75.6,83.65,NA,78.73,0.8418417064175898,6.629288524932431,1.8847045873977564,11.687309490518594,2.044569116028949,12.375320264288714,3.2933287985113857,20.375707660550102,NA,NA,62.7,77.9,76.1,103.3,7.6,322,2007-10,123.72081,123.71824,121.39349,122.39258,119.39068,-1.0502507938780603,-6.912786361579659,2007-10,251.02,251.41,-0.9160369398664159,89.21,0.48317415198031455,2.5085022271108315,105.7,92.8,7.461752630487428,3.732595761268609,NA,NA,NA,NA,NA,NA,NA,NA
Hungary,2007-11-01,76.66,76.91,85.48,NA,79.14,0.5194158760902567,6.931784576268107,1.4982538115163813,11.810920415792125,1.717962388347516,12.592623037321182,2.164100301811356,21.35963836757737,NA,NA,63.1,77.9,76.1,106.1,7.9,333,2007-11,121.99613,121.99382,119.73102,121.12454,118.3496,0.8758184811854974,-2.8084067718762817,2007-11,254.5,253,1.376821875827705,89.69,0.5366139204219245,3.0106393328488856,117.1,96.2,10.242337772747945,3.59827178795058,NA,NA,NA,NA,NA,NA,NA,NA
Hungary,2007-12-01,77.26,77.58,86.32,NA,79.4,0.3279932295812138,7.137966868408174,0.7796297285726617,12.238849899074467,0.867375494285838,13.003880621733366,0.9778890498932213,21.572788101432927,NA,NA,63.3,81.6,80.5,109.1,8,340,2007-12,122.64224,122.63985,120.3349,121.80135,118.9344,-0.49291244587719163,-1.2223453174314614,2007-12,253.18,253.73,-0.5200137781894654,90.05,0.400579149205349,3.0213097311961867,116.3,99.8,-0.6855211079052737,3.67388256457577,NA,NA,NA,NA,NA,NA,NA,NA
Hungary,2008-01-01,79.38,79.73,88.22,NA,80.74,1.6735747171704674,7.094991458648359,2.7070090116784407,12.889901159629158,2.733626450258342,13.631248657885475,2.177237372691465,22.620877480743662,NA,NA,65.1,79.5,78.2,106.8,7.8,327,2008-01,121.29062,121.28815,119.17307,120.82086,118.02338,0.7689340174771075,-0.6494506868124361,2008-01,256.03,259.46,1.1193926904961238,89.7,-0.38943025572146794,3.148261367652072,118.6,106.2,1.9583427039006729,6.215592549042004,NA,NA,NA,NA,NA,NA,NA,NA
Hungary,2008-02-01,79.34,79.75,88.48,NA,80.94,0.24740240229244037,6.46867900977357,-0.05040322687355214,12.581876493578292,0.025081515054914405,13.483990621452602,0.29428430972311403,21.967421476430626,NA,NA,65.6,81.5,80.3,106.7,7.6,317,2008-02,118.40707,118.40506,116.12949,117.79698,115.07397,2.5307601453709694,2.200764585405146,2008-02,262.15,264.15,2.3622233904897705,90.02,0.35610988000360777,3.217163284130109,124.4,116.1,4.774569374145354,8.912777989600773,NA,NA,NA,NA,NA,NA,NA,NA
Hungary,2008-03-01,79.57,79.89,88.55,NA,81.42,0.5912803627113661,6.468591593480166,0.28947223032593783,12.457682917558799,0.17539468289973215,13.315594677817533,0.07908264548177613,20.025670249411842,NA,NA,65.7,78.9,76.8,108.4,7.5,312,2008-03,119.36079,119.35922,117.07894,119.53749,117.12381,-1.765644144268208,2.029974692477854,2008-03,259.94,259.43,-0.8466023865098649,90.9,0.9728133318646748,3.5268138837457386,134,123.9,7.43376196458323,6.502289993125032,NA,NA,NA,NA,NA,NA,NA,NA
Hungary,2008-04-01,80.93,81.32,89.5,NA,81.89,0.5755940207263777,6.586638571129377,1.6947446118167342,13.189110829361539,1.7741300266195026,14.122021123189032,1.067126105196703,19.736146564862356,NA,NA,65.5,80.3,78.1,111.8,7.6,316,2008-04,122.2597,122.25819,119.64665,122.76055,120.30305,-2.678239552110817,1.0370053023696535,2008-04,253.75,253.32,-2.4101304797445877,91.19,0.3185240762141106,3.209189046486305,143.1,127.6,6.570388661149362,2.9425582275592888,NA,NA,NA,NA,NA,NA,NA,NA
Hungary,2008-05-01,82.39,82.88,89.62,NA,82.64,0.9116941529286215,6.679986921800651,1.7879486819888157,14.400689039675374,1.900178975102662,15.415067982725805,0.13398840771872145,19.00280333947295,NA,NA,64.8,78.5,76.4,107.9,7.7,320,2008-05,125.16125,125.16046,122.4531,125.38836,122.8571,-2.1007915412267764,-2.145704892970013,2008-05,247.69,241.33,-2.4171566092666907,91.76,0.6231230875541449,3.5947957638266637,159.8,127.3,11.037934676976935,-0.23538653473282878,NA,NA,NA,NA,NA,NA,NA,NA
Hungary,2008-06-01,82.71,83.17,90.19,NA,82.74,0.12093362218825732,6.439349902144453,0.38764433763160966,14.718271018944584,0.34929273694235263,15.792517836565434,0.6340046819619971,19.085101044422892,NA,NA,64.4,77.2,75,109.5,7.6,318,2008-06,127.76429,127.76447,124.85351,127.91266,125.23586,-1.9176948025396712,-4.993448469391648,2008-06,242.42,235.43,-2.1506205220964247,92.11,0.3807042179028386,3.8738796940933184,172.7,131.2,7.763295182045837,3.0176370946627173,NA,NA,NA,NA,NA,NA,NA,NA
Hungary,2008-07-01,82.51,82.75,90.65,NA,82.99,0.3016957577091084,6.741045659853562,-0.24210155875632466,14.308219805594735,-0.5062691623423987,15.103368972131026,0.5087381023243687,19.660957747830654,NA,NA,63.9,77,74.6,109.6,7.6,318,2008-07,133.60381,133.60402,130.11794,133.49787,130.74454,-4.304650361051365,-7.930617956645225,2008-07,231.82,231.26,-4.4710550581767095,91.97,-0.1521078085537475,3.970359584174954,173.5,128.1,0.46216142342814237,-2.3911667607299236,NA,NA,NA,NA,NA,NA,NA,NA
Hungary,2008-08-01,81.09,81.11,90.88,NA,82.49,-0.6043044737716663,6.188314162985709,-1.7359849159785945,11.349148065141623,-2.001775617491841,11.664325886761073,0.2534017771981034,18.24976286317197,NA,NA,64.4,77.3,74.7,111.6,7.8,327,2008-08,131.29517,131.29541,127.98543,130.60195,127.59496,2.438447129287624,-8.7369734055744,2008-08,235.88,237.68,1.7361992671705018,91.84,-0.14145043433497761,3.7610511965461946,147.6,116.1,-16.167168722054193,-9.835932019884286,NA,NA,NA,NA,NA,NA,NA,NA
Hungary,2008-09-01,80.28,80.11,90.8,NA,82.45,-0.04850248670322799,5.458618887340805,-1.0039125028328044,7.997004796487062,-1.240556785522795,7.839009820182774,-0.08806693655936115,11.49511461595285,NA,NA,65.2,75.1,72.5,112.5,7.9,330,2008-09,128.65672,128.65708,125.78273,127.91268,124.95399,2.0915282153772807,-5.604695652253611,2008-09,240.68,242.83,2.0145049219847166,92.01,0.1849334223013699,3.5735867388381415,131,108.7,-11.930858896522079,-6.586009457668229,NA,NA,NA,NA,NA,NA,NA,NA
Hungary,2008-10-01,80.21,79.93,90.74,NA,82.75,0.3631965251564395,4.9799737060796545,-0.0872328549304413,6.025067354158864,-0.22494385890983182,5.569496845243993,-0.06610113714300425,8.13568468029846,NA,NA,67.5,73.8,71.1,112.4,8,336,2008-10,119.05606,119.05619,116.98224,118.2512,115.24458,8.08889369729,3.53444883891445,2008-10,260.15,261.43,7.779013738416207,92.04,0.03259983728947091,3.123012424147298,100.5,91.2,-26.503959570202085,-17.55368970468778,NA,NA,NA,NA,NA,NA,NA,NA
Hungary,2008-11-01,79.9,79.6,90.86,NA,82.37,-0.4602721304014956,4.000285699587902,-0.38723426066047395,4.139579281982009,-0.4137158787590245,3.4378185781374526,0.1321586095439642,6.103742988031069,NA,NA,67.5,71.1,68.7,105.8,8.2,343,2008-11,116.72522,116.72543,115.10724,116.27563,113.10349,1.8753412277244585,4.533971585453411,2008-11,265.32,259.56,1.9678256921042525,91.59,-0.4901169752268508,2.0962815284985226,78.8,85.3,-24.324473063529695,-6.688044258265258,NA,NA,NA,NA,NA,NA,NA,NA
Hungary,2008-12-01,79.96,79.68,90.23,NA,82.07,-0.36487513115366355,3.307417338853025,0.07506568599708885,3.435015239406436,0.10045204260054064,2.670895126452155,-0.6957894324847835,4.430064505653064,NA,NA,67,62.9,59.1,104.3,8.4,349,2008-12,116.85581,116.85608,116.0913,118.29715,115.80211,-2.3579545749618624,2.6689294563687405,2008-12,265.02,266.7,-0.11313498208656014,91.47,-0.13110457466236625,1.5645978046308073,64.4,82.2,-20.179936375352536,-3.7019152435498803,NA,NA,NA,NA,NA,NA,NA,NA
Hungary,2009-01-01,81.99,81.82,90.85,NA,82.66,0.7163267441965715,2.350169365879129,2.507077897588683,3.2350841253166784,2.650309922491001,2.5875785986848143,0.6847828835770287,2.9376100165386276,NA,NA,68.9,62.4,59.2,105.4,8.6,371,2009-01,110.6784,110.67859,110.79399,112.72197,110.95306,4.277555705443614,6.177551144335247,2009-01,279.86,299.08,5.448418329107785,90.71,-0.8343445041419706,1.1196835562103047,66.3,88.6,2.907626408150854,7.497655554890059,NA,NA,NA,NA,NA,NA,NA,NA
Hungary,2009-02-01,82.98,82.89,90.86,NA,83.32,0.7952807309185239,2.8980476945052125,1.200232629663578,4.4857199818538085,1.2992715102182473,3.861768593848147,0.011006548907754876,2.6543322557232685,NA,NA,71.2,60.3,57.4,101.3,8.8,379,2009-02,103.85104,103.85114,104.71772,105.99843,104.7037,5.797277267319512,9.44406826628379,2009-02,298.3,300.46,6.381021339313531,91.08,0.40706365686853374,1.1706373330752307,61.8,87.7,-7.02865327281712,-1.0209958232898053,NA,NA,NA,NA,NA,NA,NA,NA
Hungary,2009-03-01,83.55,83.48,91,NA,83.73,0.49087198235691076,2.797639314150757,0.6845640136680764,4.880811765195947,0.7092654605565407,4.395639371504956,0.1539646185592325,2.729214228800725,NA,NA,71.7,63.2,60.5,104.3,9.3,400,2009-03,101.85989,101.85996,102.55446,104.50013,103.12286,1.5213363391695545,12.731048749721552,2009-03,304.14,308.18,1.938843019160963,91.42,0.37260317080596295,0.5704271720165188,64.1,87.3,3.654099946297862,-0.45714365325801865,NA,NA,NA,NA,NA,NA,NA,NA
Hungary,2009-04-01,83.6,83.55,90.85,NA,84.47,0.8799105523064732,3.1019558457308527,0.05982650492528663,3.2458936583044995,0.08381728324025062,2.705326628125704,-0.16497116746698737,1.4971169561370345,NA,NA,70.3,60.5,58.2,89.8,9.4,402,2009-04,104.91831,104.9184,105.19745,107.0275,105.47737,-2.25753346131512,13.151754840517249,2009-04,295.26,289.73,-2.963179760637047,91.75,0.36032140310817695,0.6122244989105852,66.5,90.6,3.675758373518434,3.710375020337686,NA,NA,NA,NA,NA,NA,NA,NA
Hungary,2009-05-01,86.99,87.26,91.67,NA,85.77,1.5272853262924713,3.7175470190947024,3.9749649428793887,5.4329099191950725,4.344691265406109,5.14983891842915,0.8985377131504713,2.2616662615687844,NA,NA,68.9,60.8,58.4,92.5,9.2,397,2009-05,109.86594,109.86611,110.01262,112.06103,110.42468,-4.583723204636314,10.668823177107711,2009-05,281.93,282.48,-4.619751093159152,91.8,0.05448106917649298,0.04358248053293323,74.2,96.6,10.956220251152615,6.412452816953884,NA,NA,NA,NA,NA,NA,NA,NA
Hungary,2009-06-01,86.32,86.5,91.38,NA,85.81,0.04662548166995961,3.6432388785764047,-0.7731848569570765,4.272080724606386,-0.874775375763015,3.925770805723783,-0.3168535838558917,1.3108079957508956,NA,NA,68.8,62.3,60.1,91.5,9.5,411,2009-06,110.42661,110.42689,110.7818,112.91355,111.35414,-0.8381913491187554,11.748326630528627,2009-06,280.46,271.55,-0.5227700875845898,91.98,0.19588644853332227,-0.1412352888365831,85.8,96.9,14.5254856320582,0.31007776782479013,NA,NA,NA,NA,NA,NA,NA,NA
Hungary,2009-07-01,85.62,85.3,91.04,NA,87.04,1.4232233288603346,4.764766449727631,-0.8142420233078873,3.6999402600548237,-1.396995944020052,3.0350440240461296,-0.37276657571050364,0.42930331771602326,NA,NA,67.8,62.4,60.3,94.4,9.9,427,2009-07,113.84316,113.84341,113.81103,116.02424,114.64982,-2.916686623196174,13.136290368383818,2009-07,272.06,266.53,-3.040848209322089,91.38,-0.6544525976652338,-0.6435800779480694,80.8,92.2,-6.0042040966866495,-4.971938833417244,NA,NA,NA,NA,NA,NA,NA,NA
Hungary,2009-08-01,83.35,82.74,90.47,NA,86.58,-0.5298941093798248,4.839176814119472,-2.6870291519997203,2.748896024033698,-3.0471293464367832,1.9896902951011874,-0.6280666340370722,-0.45216509351915235,NA,NA,67.4,61.5,59.3,93.1,10.1,434,2009-08,114.69145,114.69171,114.26278,116.62318,115.43365,-0.6813466715629879,10.016496567533206,2009-08,270.05,271.85,-0.7415503166384063,91.69,0.33866859266833416,-0.1634610509447576,88.6,95.6,9.21548920839852,3.6212689494807826,NA,NA,NA,NA,NA,NA,NA,NA
Hungary,2009-09-01,82.21,81.3,90.71,NA,86.36,-0.25442363672283363,4.633255664099867,-1.377166003276109,2.3756425235903933,-1.7557144479500408,1.4745326326739416,0.26493005892032073,-0.09916809803947046,NA,NA,67.4,63.5,61.8,84.8,10.5,451,2009-09,113.93191,113.93217,113.50997,116.20593,115.02519,0.35447581676804063,8.279444168923966,2009-09,271.84,269.7,0.6606530884721629,91.71,0.02181025090433053,-0.32658422234179696,83.2,92.5,-6.288450978387239,-3.2964175538976015,NA,NA,NA,NA,NA,NA,NA,NA
Hungary,2009-10-01,81.54,80.57,90.56,NA,86.22,-0.16224363276178266,4.107815506181645,-0.8183251772934774,1.6445502012273572,-0.9019644764660661,0.7975120151177073,-0.16549901719802307,-0.19856597809448928,NA,NA,67.5,65.3,63.2,97.2,10.1,438,2009-10,115.34341,115.34373,115.16853,118.13505,116.73679,-1.4770594540719273,-1.2865089824379616,2009-10,268.49,273.39,-1.2399988616133228,91.92,0.2287208969647736,-0.13046316266649427,90.9,93.5,8.851265335627012,1.0752791776261539,NA,NA,NA,NA,NA,NA,NA,NA
Hungary,2009-11-01,81.76,80.84,90.42,NA,86.67,0.5205633827265466,5.088651019309687,0.2694429064287185,2.3012273683165496,0.33455207463157777,1.5457799685083096,-0.15471325884135467,-0.48543784647980814,NA,NA,67.8,64.3,62.2,95.8,10.5,454,2009-11,114.31637,114.31662,114.07721,116.97316,115.55548,1.0170981442879423,-2.144752065874478,2009-11,270.92,273.88,0.9009905039214949,92.03,0.11959773102656612,0.4792515435869227,95,96.8,4.411689041710787,3.468555798789019,NA,NA,NA,NA,NA,NA,NA,NA
Hungary,2009-12-01,81.54,80.75,89.76,NA,86.5,-0.19633892084200966,5.257187229621341,-0.2694429064287185,1.9567187758907423,-0.11139304326546196,1.333934882642307,-0.7326040092072716,-0.5222524232022963,NA,NA,67.8,64,61.7,97.3,10.4,452,2009-12,113.35439,113.35464,113.08565,115.7179,114.35729,1.0423090876387597,1.2555115967261443,2009-12,273.22,270.42,0.8453757112637739,92.32,0.31461919090238766,0.9249753091516766,95,97.6,0,0.8230499136515412,NA,NA,NA,NA,NA,NA,NA,NA
Hungary,2010-01-01,83.59,82.87,90.07,NA,87.78,1.4689270322254089,6.009787517650178,2.4830198319957475,1.9326607102978066,2.5915152758185123,1.2751402359698183,0.3447704021264819,-0.862264904652843,NA,NA,68.4,65.8,63.7,97.9,10.6,459,2010-01,114.95089,114.95115,114.42719,116.60531,114.97801,-0.5413222611125867,-3.5633663698300566,2010-01,269.43,271.15,-1.396871510837272,91.57,-0.8157095640148881,0.943610249278759,98.5,98.5,3.617965657750233,0.9179054758996052,NA,NA,NA,NA,NA,NA,NA,NA
Hungary,2010-02-01,83.85,83.26,89.49,NA,87.98,0.22758316604853945,5.442089952780194,0.3105592558153347,1.0429873364495634,0.4695126905878588,0.44538141633942985,-0.6460258600884394,-1.5192973136490373,NA,NA,68.9,65.2,63.3,98.8,10.8,469,2010-02,114.19739,114.19763,113.49811,115.15875,113.26732,1.4990204035600918,-7.8616232335894765,2010-02,271.21,269.9,0.658481219181617,91.85,0.30531045414941005,0.8418570465596353,95.6,95.4,-2.988372812068718,-3.197796972380207,NA,NA,NA,NA,NA,NA,NA,NA
Hungary,2010-03-01,84.58,84.22,89.57,NA,88.55,0.6457848308269121,5.597002801250195,0.8668343775124931,1.2252577002939802,1.1464180966952675,0.8825340524781566,0.08935552923370338,-1.5839064029745664,NA,NA,68.8,65.6,63.6,96.2,10.9,473,2010-03,116.68976,116.69005,115.64158,117.42627,115.28585,-1.7664007761478473,-11.149360348906878,2010-03,265.4,265.75,-2.165530664467763,92.87,1.1043854126782549,1.5736392884319272,99.6,92.6,4.098934453319636,-2.978943680210744,NA,NA,NA,NA,NA,NA,NA,NA
Hungary,2010-04-01,85.05,84.76,89.71,NA,89.31,0.8546099466951951,5.571702195638917,0.5541486797527639,1.7195798751214575,0.6391310666316485,1.4378478358695546,0.15618030840878205,-1.262754927098797,NA,NA,69.9,67.1,65.3,96.6,10.8,468,2010-04,116.63031,116.6306,115.56803,116.93438,114.59478,0.6012442908448712,-8.290582596746887,2010-04,265.53,266.82,0.04897067507885211,93.25,0.4083392736007774,1.6216571589245277,104.9,91.7,5.184535081169894,-0.9766762389713968,NA,NA,NA,NA,NA,NA,NA,NA
Hungary,2010-05-01,85.11,84.86,89.21,NA,89.94,0.7029317646766842,4.74734863402313,0.07052186469991284,-2.1848632030580184,0.11791063740806962,-2.7889327921284846,-0.5589104645499887,-2.720203104799257,NA,NA,72.5,70.1,68.3,97.7,10.9,475,2010-05,111.88971,111.88999,111.20511,111.67353,109.10536,4.908823263354467,1.201963871243894,2010-05,276.78,275.53,4.1495138148889055,93.35,0.10718114638068599,1.6743572361287207,95.7,90.4,-9.178921694334274,-1.4278111864288512,NA,NA,NA,NA,NA,NA,NA,NA
Hungary,2010-06-01,85.46,85.3,88.7,NA,90.1,0.17773832717304927,4.878461479526219,0.4103892727009395,-1.0012890734000024,0.5171614723454176,-1.396995944020052,-0.5733251610157808,-2.976674681959146,NA,NA,73.5,70.2,68.6,96.8,11,476,2010-06,110.01255,110.01286,109.4718,109.33028,106.74526,2.186877255885822,4.227032476248471,2010-06,281.49,286,1.6873956172283933,93.35,0,1.4784707875953984,95.1,89.1,-0.6289328907564062,-1.448493292136721,NA,NA,NA,NA,NA,NA,NA,NA
Hungary,2010-07-01,86.09,86.08,88.03,NA,90.13,0.03329079540268509,3.48852894606857,0.7344830453984486,0.5474359953063335,0.910264191584087,0.910264191584087,-0.7582223842719671,-3.3621304905206095,NA,NA,73.6,69.8,68,94.9,10.6,459,2010-07,109.13346,109.13376,108.50308,108.78113,106.51822,0.21291979833915065,7.356638897783796,2010-07,283.75,285.62,0.799664582554449,92.95,-0.4294155820279144,1.7035078032327178,94.9,93.8,-0.2105263935462176,5.140552153541478,NA,NA,NA,NA,NA,NA,NA,NA
Hungary,2010-08-01,85.62,85.6,87.65,NA,89.71,-0.46708269971267313,3.5513403557357215,-0.5474359953063335,2.6870291519997203,-0.5591813265778178,3.3982122114430524,-0.43260541055714086,-3.166669267040678,NA,NA,73.5,71.3,70.1,95.2,10.9,476,2010-08,110.03167,110.03195,109.15923,109.34076,107.1581,-0.5989263693563451,7.439059199990439,2010-08,281.45,287.68,-0.8138756885577081,93.14,0.2042023386778169,1.5690415492422005,96.5,99.3,1.6719302729057972,5.69807150389483,NA,NA,NA,NA,NA,NA,NA,NA
Hungary,2010-09-01,85.44,85.35,89.7,NA,89.58,-0.14501647920379668,3.6607475132547584,-0.21045255049152445,3.853742604784305,-0.29248339072465157,4.861443268668442,2.3119157697506942,-1.1196835562103047,NA,NA,72.8,70.8,69.1,96.1,10.7,465,2010-09,109.7854,109.78564,108.82547,109.18575,107.16602,-0.007390675397189739,7.077192707825208,2010-09,282.1,275.75,0.2306806097915448,93.43,0.3108755250633699,1.85810682340124,97.2,104.7,0.7227703121452933,5.295354682536413,NA,NA,NA,NA,NA,NA,NA,NA
Hungary,2010-10-01,86.16,86.02,93.03,NA,89.93,0.38995091472706633,4.2129420607436074,0.8391657636248162,5.5112335457025985,0.7819378115140552,6.545345556648563,3.6451252715717253,2.6909407325594437,NA,NA,72.2,71.6,69.8,99.5,10.6,460,2010-10,113.03453,113.03475,112.05282,113.28773,111.61135,-4.064352650808267,4.489899511088868,2010-10,274.01,271.76,-2.90970159354913,93.71,0.2992414330867277,1.928627359523194,102.2,110.4,5.016096630321076,5.301101596650426,NA,NA,NA,NA,NA,NA,NA,NA
Hungary,2010-11-01,87.03,87.08,94.57,NA,90.11,0.19995563205217337,3.8923343100692342,1.0046853953289414,6.246476034602821,1.2247409010756272,7.435534383092612,1.6418279246953382,4.487481916096137,NA,NA,73.3,73.2,71.7,96.9,10.8,472,2010-11,112.43229,112.43245,111.50249,112.3873,110.68698,0.83165296635892,4.304454333159846,2010-11,275.51,284.18,0.5459323502419622,93.79,0.08533333851152847,1.8943629670081563,106.1,114,3.7450367850333066,3.2088314551500297,NA,NA,NA,NA,NA,NA,NA,NA
Hungary,2010-12-01,87.69,87.83,95.51,NA,90.49,0.42082011160955446,4.509493342520798,0.7554980989842086,7.2714170400157485,0.8575891562679239,8.404516582625998,0.9890653019225759,6.209151227225984,NA,NA,73.3,68.7,66.4,97.1,10.9,474,2010-12,111.58072,111.58088,110.72642,111.20627,109.18226,1.3687621719997267,4.630907417520813,2010-12,277.62,277.95,0.7629346572083584,94.36,0.605901401862674,2.1856451779684427,113.9,120.3,7.093882483319991,5.379017458613777,NA,NA,NA,NA,NA,NA,NA,NA
Hungary,2011-01-01,89.77,89.9,96.42,NA,91.3,0.8911440237881152,3.9317103340835047,2.3442975977332914,7.132694805753292,2.3294813548549342,8.14248266166242,0.9482694930829538,6.812650318182456,NA,NA,73.3,73.6,72,98.9,11.1,485,2011-01,112.50732000000001,112.50751,111.30539,111.98642,109.88745,-0.6438064265151588,4.528423252118241,2011-01,275.33,273.85,-0.828289390490955,93.68,-0.723253525001244,2.278101216982087,120.1,125.2,5.300385863280077,3.9923835685364395,NA,NA,NA,NA,NA,NA,NA,NA
Hungary,2011-02-01,91.01,91.33,97.42,NA,91.66,0.3935291480054559,4.097656316040421,1.3718546820666866,8.193990232004644,1.578137922601286,9.251107893675847,1.031787940092066,8.490464118362961,NA,NA,73.4,74.8,73.4,99.4,10.9,473,2011-02,114.24177,114.24194,112.98313,114.05312,111.94645,-1.856397179050262,1.1730056695078872,2011-02,271.15,270.72,-1.529820495498413,94.08,0.42607648608550264,2.3988672489181795,127.4,129.3,5.900701405212505,3.222282711181368,NA,NA,NA,NA,NA,NA,NA,NA
Hungary,2011-03-01,93.08,93.69,100.95,NA,92.6,1.0203062571155996,4.472177742329109,2.248994784482683,9.576150638974834,2.5512139259508793,10.655903722931459,3.5593816380449894,11.960490227174247,NA,NA,73.4,72.4,70.7,96.4,10.5,455,2011-03,114.34976,114.34993,113.15302,114.65869000000001,112.62106,-0.600810000784957,2.3385964448707774,2011-03,270.89,265.72,-0.09593388677604509,95.35,1.340884789611163,2.6353666258510877,138.4,123.6,8.281630004550689,-4.508474075422075,NA,NA,NA,NA,NA,NA,NA,NA
Hungary,2011-04-01,94.28,95.04,102.61,NA,93.26,0.710214972804124,4.327782768438038,1.2809739633839357,10.302975922606006,1.4306395651238368,11.447412221423647,1.6310049115270786,13.435314830292544,NA,NA,73.2,72.7,71,95.5,10.6,461,2011-04,116.76079,116.76098,115.40794,117.44413,115.5086,-2.5316254099643665,-0.7942732559384602,2011-04,265.29,264.5,-2.088926716355566,95.88,0.5543077519755357,2.781335104225846,148.3,125.1,6.90892059603172,1.2062872449274842,NA,NA,NA,NA,NA,NA,NA,NA
Hungary,2011-05-01,94.62,95.46,102.99,NA,93.44,0.19282276997421022,3.8176737737355637,0.35997921350716666,10.59243327141326,0.4409455963415354,11.770447180357113,0.3696502263593082,14.363875521201841,NA,NA,73.3,71.6,69.7,96.9,10.5,458,2011-05,116.0376,116.03776,114.68142,116.50963,114.51051,0.867837688955575,-4.835258830337352,2011-05,266.96,266.85,0.6275267187365152,95.89,0.010429159940628097,2.684583117785788,139.1,123.3,-6.404415021448973,-1.4493007302567307,NA,NA,NA,NA,NA,NA,NA,NA
Hungary,2011-06-01,93.49,94.13,102.82,NA,93.22,-0.23572281353221314,3.4042126330303013,-1.201439149977812,8.980604848734508,-1.4030506018621658,9.85023510614953,-0.16520095103516041,14.771999731182461,NA,NA,72.8,71.5,69.8,95,10.5,456,2011-06,116.0755,116.07565,114.89082,116.78376,114.78654,-0.24076204498673093,-7.262898131209905,2011-06,266.87,266.11,-0.03371859987364445,95.88,-0.010429159940628097,2.67415395784516,138.7,123.3,-0.28797716086108593,0,NA,NA,NA,NA,NA,NA,NA,NA
Hungary,2011-07-01,92.06,92.36,102.94,NA,92.96,-0.27929978409941825,3.091622053528198,-1.541394031412846,6.7047277719232135,-1.8982821072834,7.041688807282043,0.11664075972497301,15.646862875179401,NA,NA,73,72,70.3,90.7,10.6,463,2011-07,115.72904,115.72917,114.65516,116.34066,114.20757,0.5056647384273028,-6.970153191121753,2011-07,267.68,269.97,0.3030588794132427,95.33,-0.575285306069695,2.5282842338033795,141.9,124,2.2809256845210513,0.5661155434738774,NA,NA,NA,NA,NA,NA,NA,NA
Hungary,2011-08-01,90.81,90.79,102.83,NA,92.85,-0.11840053048857158,3.4403042227522995,-1.3671126687358814,5.8850510984936655,-1.714483710262904,5.8863864235969565,-0.1069154983508902,15.972552787385652,NA,NA,73.5,72.1,70.4,94.2,10.7,465,2011-08,113.74319,113.7433,112.85617,114.54652,112.67834,1.3480371325147011,-5.023189689250707,2011-08,272.37,272,1.7369198813261377,95.51,0.18863975411598233,2.512721649241545,134.6,125.5,-5.281516695536936,1.2024192966801905,NA,NA,NA,NA,NA,NA,NA,NA
Hungary,2011-09-01,90.37,90.04,102.38,NA,92.89,0.04307096007147848,3.6283916620275747,-0.48570577878725985,5.60979787019793,-0.8295131345134266,5.3493566798081815,-0.4385758211662427,13.222061196468715,NA,NA,75.9,73.3,72,90.5,10.5,461,2011-09,108.68882,108.6889,108.17639,109.40301,107.60623,4.605866523545643,-0.4099324903078738,2011-09,285.05,292.55,4.5503167425815505,96.21,0.7302348326526875,2.9320809568308626,135.4,123.3,0.592594326754714,-1.768534840154068,NA,NA,NA,NA,NA,NA,NA,NA
Hungary,2011-10-01,90.66,90.21,101.88,NA,93.38,0.5261192143361626,3.764559961636671,0.320389159883927,5.091021266457041,0.18862696300159243,4.756045831295719,-0.4895730918181407,9.08736283307885,NA,NA,77.3,73.4,72.2,90,10.6,468,2011-10,104.3855,104.38559,103.99331,105.21769,103.54247,3.8496678975824317,7.504088058082825,2011-10,296.79,303.55,4.036021452564942,96.55,0.35277065013499254,2.9856101738791274,133.6,117,-1.338309937562876,-5.244647537254199,NA,NA,NA,NA,NA,NA,NA,NA
Hungary,2011-11-01,91.85,91.46,101.67,NA,93.96,0.6191970247920509,4.183801354376548,1.304056614843141,5.39039248597124,1.376143256136153,4.907448186356245,-0.2063375824185698,7.239197325964941,NA,NA,79.2,75.6,73.9,97.6,10.4,454,2011-11,100.2111,100.21121,100.05275,101.00256,99.16315,4.321539320009116,10.99397441173302,2011-11,309.15,307.63,4.080177800133722,96.63,0.08282431366941623,2.983101149037015,134,116.1,0.2989538848365392,-0.7722046093910251,NA,NA,NA,NA,NA,NA,NA,NA
Hungary,2011-12-01,91.93,91.7,100.73,NA,94.19,0.2444859044014258,4.00746714716842,0.087060621452828,4.72195500843986,0.2620661032510796,4.3119251333394,-0.9288604332480688,5.3212715907942965,NA,NA,78.8,73.2,71.6,94.8,10.9,479,2011-12,101.84784,101.84795,101.67898,102.27177,100.27198,-1.1119820520921309,8.513230187641163,2011-12,304.19,314.58,-1.617408982951396,96.96,0.34092703097865495,2.718126778152996,131.1,114,-2.187940918125708,-1.8253440309350388,NA,NA,NA,NA,NA,NA,NA,NA
Hungary,2012-01-01,94.76,94.43,101.81,NA,96.41,2.329591184156321,5.445914307536626,3.0319961414921437,5.409653552198712,2.933644001255864,4.91608777974033,1.0664661164515365,5.439468214162879,NA,NA,79,72.5,71.3,91.1,11,480,2012-01,100.8132,100.81327,100.50819,100.63592,98.44754,1.8362476555076945,10.993284269664017,2012-01,307.33,293.91,1.026958266761735,96.17,-0.8181063596613747,2.6232739434928654,134.1,116,2.2625399517978373,1.739174271186883,NA,NA,NA,NA,NA,NA,NA,NA
Hungary,2012-02-01,96.6,96.31,102.09,NA,96.96,0.5688591644714691,5.621244324002639,1.9231361927888102,5.960935062920836,1.971333629779437,5.309283486918481,0.27464460618196185,4.682324880252775,NA,NA,78,72.5,70.6,107.7,10.8,476,2012-02,106.59286,106.59292,105.95841,106.32544,103.96378,-5.451875178104348,7.39780627060993,2012-02,290.68,288.71,-5.569908309424587,96.65,0.49787469299493736,2.6950721504023,142.8,119.1,6.28592596178521,2.6373285254889467,NA,NA,NA,NA,NA,NA,NA,NA
Hungary,2012-03-01,97.44,97.26,101.94,NA,97.73,0.7910052029740378,5.391943269861077,0.8658062743114314,4.577746552749584,0.9815649402867166,3.7396345012543186,-0.14703722690283527,0.9759060153049504,NA,NA,78.1,72.7,71.4,90.1,10.8,478,2012-03,106.00921,106.00931,105.29715,105.83061,103.36532,0.5773059952828952,8.575922266677782,2012-03,292.26,294.92,0.5420811298071371,97.9,1.2850343882124804,2.6392217490036174,147.9,122.5,3.509131981126945,2.8147553623528054,NA,NA,NA,NA,NA,NA,NA,NA
Hungary,2012-04-01,98.22,97.99,102.18,NA,98.51,0.794949151684321,5.476677448741274,0.7973056649511534,4.094078254316802,0.7477627672087372,3.056757703339219,0.23515589907558976,-0.4199429971465385,NA,NA,78.4,70.9,69.4,90.4,10.7,469,2012-04,105.08778,105.0879,104.46437,104.84038,102.42399,0.9148546787455025,12.022402355387651,2012-04,294.81,286.75,0.868726399593811,98.36,0.46876678115275183,2.5536807781808335,142.4,123.1,-3.7896370738878637,0.4886003205625933,NA,NA,NA,NA,NA,NA,NA,NA
Hungary,2012-05-01,98.9,98.82,102.56,NA,98.44,-0.07108403447322331,5.21277064429384,0.6899378017568125,4.424036842566448,0.8434580769876909,3.4592701839853746,0.3712029269707706,-0.4183902965350761,NA,NA,79,73.5,72.3,89.5,10.6,469,2012-05,105.49865,105.49874,105.20694,105.08958,102.71325,-0.2820162655154057,10.87254840091667,2012-05,293.67,301.65,-0.387439310099591,98.22,-0.14243567368934507,2.4008159445508603,132.3,120.6,-7.35679278569652,-2.051774889732272,NA,NA,NA,NA,NA,NA,NA,NA
Hungary,2012-06-01,98.25,98.22,102.3,NA,98.45,0.010157956227896392,5.45865141405395,-0.6593987879296215,4.966077204614638,-0.60901528065056,4.25330550519698,-0.2538320214778622,-0.5070213669777779,NA,NA,77.7,71.4,69.7,90.9,10.5,464,2012-06,105.53605,105.53615,105.29659,104.9477,102.76038,-0.04587450061253051,11.067435945290871,2012-06,293.57,287.77,-0.03405762583161831,98.15,-0.07129398886283056,2.339951115628658,116,119.9,-13.148188001454564,-0.5821222259617009,NA,NA,NA,NA,NA,NA,NA,NA
Hungary,2012-07-01,97.5,97.3,102.76,NA,98.27,-0.18300127107986341,5.554949927073505,-0.7662872745568983,5.741183961470586,-0.9410871419139433,5.210500470566437,0.44864992841020523,-0.17501219829254566,NA,NA,77.4,70.9,69.1,93.3,10.3,458,2012-07,108.21512,108.21525,107.81559,107.0268,104.57373,-1.7492502688757128,8.812520937987856,2012-07,286.28,278.94,-2.5145758812736396,97.63,-0.5312097484890366,2.3840266732093163,124.6,132.1,7.15184152469881,9.69011494948111,NA,NA,NA,NA,NA,NA,NA,NA
Hungary,2012-08-01,96.36,95.99,102.89,NA,98.39,0.12203805033381698,5.795388507895893,-1.1761200257130788,5.932176604493389,-1.3554969816513385,5.569487199178003,0.12642841460355214,0.05833171466189668,NA,NA,77.1,73.9,72.3,91.1,10.3,458,2012-08,111.06402,111.06418,110.33501,109.61763,107.12935,-2.41446100007634,5.050022805396814,2012-08,278.93,283.65,-2.600949858605972,98.01,0.3884691043508859,2.58385602344422,135.4,132.4,8.31247541248219,0.22684319746284487,NA,NA,NA,NA,NA,NA,NA,NA
Hungary,2012-09-01,97.19,96.92,104.39,NA,98.84,0.45632082427351506,6.20863837209793,0.857664776870859,7.275547160151508,0.9641876572879404,7.36318799097937,1.4473429032488383,1.9442504390769777,NA,NA,77.7,72.6,71.2,89.5,10.3,462,2012-09,108.99125,108.99144,108.3287,108.14756,105.91299,1.1419074886903857,1.586063770541557,2012-09,284.22,284.89,1.8787731879378988,98.72,0.7218045875989176,2.57542577839045,135.2,131.1,-0.14781968693107217,-0.9867252733253729,NA,NA,NA,NA,NA,NA,NA,NA
Hungary,2012-10-01,97.9,97.78,105.63,NA,99,0.16174690141808057,5.844266059179848,0.7278724021085203,7.683030402376101,0.8834161202174506,8.057977148195228,1.1808536414863902,3.6146771723815085,NA,NA,77.4,71.1,69.8,89,10.4,462,2012-10,109.8272,109.82733,109.26805,109.29658,106.97929,-1.0017356352144624,-3.265339762255337,2012-10,282.09,284.05,-0.7522417206620169,98.95,0.23271118914971467,2.455366317405172,134.2,126.5,-0.7423939071282248,-3.5718082602079093,NA,NA,NA,NA,NA,NA,NA,NA
Hungary,2012-11-01,98.74,98.65,106.34,NA,98.93,-0.07073207994583441,5.154336954441963,0.8543583294252421,7.233332116958202,0.8858175318124495,7.567651423871524,0.6699086241121144,4.490923378912193,NA,NA,76.9,70.6,69.4,88.7,10.5,465,2012-11,109.76412,109.76423,109.26743,109.16827,106.70692,0.2549253388920647,-7.331953743372388,2012-11,282.26,281.03,0.0602463028765321,98.76,-0.19220075715962182,2.180341246576134,132.3,123.8,-1.4259153416671388,-2.1574947917079257,NA,NA,NA,NA,NA,NA,NA,NA
Hungary,2012-12-01,98.82,98.95,105.68,NA,98.97,0.04042445734686595,4.950275507387403,0.0809880586887246,7.227259554194099,0.30364395799509225,7.609229278615537,-0.6225847862122436,4.797199025948018,NA,NA,77.3,71.5,69.9,91.6,10.8,484,2012-12,108.40663,108.40675,107.81086,108.14961,105.77758,0.8747423232127183,-5.345229368067539,2012-12,285.79,292.3,1.2428643394610361,99.11,0.35376799416386717,2.1931822097613463,132.4,122.7,0.07555723819976379,-0.8925008533630319,NA,NA,NA,NA,NA,NA,NA,NA
Hungary,2013-01-01,100.57,100.76,106.08,NA,99.12,0.15144634122865597,2.7721306644597377,1.7553989038784579,5.950662316580413,1.8126779435834628,6.488263220943136,0.377786622348264,4.108519531844745,NA,NA,78.3,71.6,70,92.2,11.4,504,2013-01,105.38156,105.38163,104.78465,105.5786,103.16642,2.4995175204966635,-4.68195950307857,2013-01,294.01,292.27,2.835650498520348,98.08,-1.0446872230716053,1.9666013463511156,135.9,121.3,2.6091677654190626,-1.1475535766861,NA,NA,NA,NA,NA,NA,NA,NA
Hungary,2013-02-01,100.55,100.67,105.7,NA,99.74,0.6235562797090033,2.826827779697272,-0.019888623772779113,4.007637500018824,-0.08936107430779217,4.4275685168559065,-0.35886335613604103,3.4750115695267425,NA,NA,78.6,71.4,70,91.3,11,485,2013-02,105.84629,105.84632,105.23472,106.46116,104.00795,-0.812392602696832,-0.04247692767105349,2013-02,292.73,295.8,-0.43630978988051794,98.44,0.36637533349539453,1.8351019868515728,139.8,120.8,2.8293508642611265,-0.4130530449289793,NA,NA,NA,NA,NA,NA,NA,NA
Hungary,2013-03-01,100.66,100.74,105.76,NA,100.01,0.2703380870448413,2.3061606637680754,0.10933851295531483,3.251169738662707,0.0695099576172531,3.515513534186443,0.056748322718469524,3.6787971191480473,NA,NA,79.9,71.4,69.9,92.7,10.1,449,2013-03,102.25888,102.25891,101.64393,102.54679,99.98424,3.9454764959594435,3.325693573005495,2013-03,303.01,304.42,3.4515125798233015,99.6,1.171493906769694,1.7215615054087863,132.5,120,-5.363018437343303,-0.6644542718668767,NA,NA,NA,NA,NA,NA,NA,NA
Hungary,2013-04-01,101.49,101.59,105.68,NA,100.29,0.2795808111692111,1.7907923232529654,0.8211770112512617,3.2750410849628153,0.8402164785949573,3.607967245572663,-0.07567158893069248,3.367969631141765,NA,NA,79,72.3,71.1,91.1,10.4,464,2013-04,103.74581,103.74582,103.13635,104.07961,101.61506,-1.6179178938195982,0.7929210004403942,2013-04,298.67,300.12,-1.4426523306275918,99.51,-0.09040229634811325,1.1623924279079212,126.6,116.4,-4.555013571620048,-3.0459207484708095,NA,NA,NA,NA,NA,NA,NA,NA
Hungary,2013-05-01,102.09,102.39,105.29,NA,100.17,-0.1197246476444036,1.7421517100817852,0.5894505720197785,3.1745538552257813,0.784394648327158,3.54890381691213,-0.3697212345401546,2.62704546963084,NA,NA,78,72,70.7,86.3,10.1,455,2013-05,105.97249,105.97254,105.39961,106.49946,103.8399,-2.1658537429183333,-1.0909164769625335,2013-05,292.38,296.11,-2.128495887535653,99.62,0.11048060180662844,1.4153087034038947,126.3,116.7,-0.23724803536309125,0.25740039951722693,NA,NA,NA,NA,NA,NA,NA,NA
Hungary,2013-06-01,102.4,102.89,104.72,NA,100.41,0.23930612676714702,1.9712998806210358,0.3031935424482768,4.1371461856036795,0.487140480099324,4.645059577662014,-0.5428326267023387,2.3380448644063634,NA,NA,78.3,71.7,70.3,87.7,9.9,446,2013-06,104.76856,104.76866,104.5148,105.88414,103.65902,0.17434312025939036,-0.8706988560906126,2013-06,295.7,294.85,1.1291100774961649,99.73,0.11035867686395306,1.5969613691306783,125.7,117.6,-0.4761913760243708,0.7682496172016329,NA,NA,NA,NA,NA,NA,NA,NA
Hungary,2013-07-01,100.71,100.95,104.2,NA,99.99,-0.4191622903586989,1.7351388613422003,-1.6641612945353934,3.2392721656251844,-1.903511162887206,3.6826355566887514,-0.4977992282378274,1.3915957077583307,NA,NA,78.4,72.3,71.1,85.8,9.9,444,2013-07,105.05727,105.05735,104.74858,106.23389,103.9644,-0.29416741157213266,0.5843840012129675,2013-07,294.9,299.67,-0.2709111037201062,99.2,-0.5328520122949598,1.595319105324755,129.9,114.4,3.286680808035225,-2.758795651882906,NA,NA,NA,NA,NA,NA,NA,NA
Hungary,2013-08-01,99.53,99.58,104.15,NA,99.93,-0.060024011405968025,1.5530767996024153,-1.1785993402081196,3.2367928511301436,-1.3664003544810122,3.6717321838590777,-0.047996161228525125,1.2171711319262535,NA,NA,79,74.4,73.6,83.8,9.8,442,2013-08,103.46049,103.46054,103.10813,104.79286,102.81527,1.111465000241818,4.110310001531126,2013-08,299.46,300.78,1.5344536888342475,99.32,0.12089463491387065,1.3277446358877398,133,110.3,2.358420454519994,-3.649715268624032,NA,NA,NA,NA,NA,NA,NA,NA
Hungary,2013-09-01,98.96,98.92,102.76,NA,100.4,0.4692266383931276,1.5659826137220278,-0.5743378173739266,1.804790256885358,-0.6649898560820766,2.0425546704890607,-1.3435995465298056,-1.5737713178523904,NA,NA,79,74.8,73.7,86.2,9.6,430,2013-09,103.37153,103.37153,103.04594,104.753,102.64685,0.1639426651706799,3.1323451780114198,2013-09,299.75,298.15,0.09679411980503261,99.8,0.48212226774522193,1.0880623160340441,133.8,109.8,0.5997019472374632,-0.4543397184026965,NA,NA,NA,NA,NA,NA,NA,NA
Hungary,2013-10-01,99,99.07,102.25,NA,100.08,-0.31923410989733725,1.08500160240661,0.04041220503570031,1.117330059812538,0.15152283317227955,1.3106613834438896,-0.49753773187717343,-3.252162691215954,NA,NA,77.5,75.3,74.3,86.8,9.7,438,2013-10,105.12421,105.1242,104.71161,106.67064,104.62212,-1.9060545354759206,2.2280262777499615,2013-10,294.76,294.89,-1.6787328008824431,99.68,-0.12031282782754005,0.7350382990567894,131.7,110.1,-1.5819538944892741,0.2728514653203895,NA,NA,NA,NA,NA,NA,NA,NA
Hungary,2013-11-01,98.86,98.79,101.8,NA,99.32,-0.7622905518689826,0.3934431304834618,-0.1415142255776658,0.12145750480963002,-0.28302859285558313,0.141815258775857,-0.441069080648937,-4.363140395977005,NA,NA,77.3,74.3,73.3,84.6,8.8,398,2013-11,104.09553,104.09551,103.92181,105.77908,103.72297,0.8631406502589201,2.836241589116817,2013-11,297.68,301.1,0.9857618139568203,99.6,-0.08028904485906097,0.8469500113573503,130.3,109.2,-1.068712461843635,-0.8207980417829219,NA,NA,NA,NA,NA,NA,NA,NA
Hungary,2013-12-01,98.44,98.42,101.37,NA,99.56,0.24135168594252576,0.5943703590791216,-0.4257482355957798,-0.3852787894748744,-0.37523496185505323,-0.5370636610742885,-0.4232914722114067,-4.163847081976169,NA,NA,77.7,74.6,73.8,81.8,8.3,375,2013-12,103.20974,103.20971,103.15479,105.35168,103.42094,0.29161389686542805,2.2531131627695267,2013-12,300.24,297.04,0.8563070788397908,99.95,0.3507896355857021,0.8439716527791852,134.2,108.6,2.9491740406782263,-0.550965581096996,NA,NA,NA,NA,NA,NA,NA,NA
Hungary,2014-01-01,99.91,99.86,101.35,NA,99.93,0.3709463374306665,0.8138703552811322,1.4822555222071543,-0.658422171146178,1.4525169634630686,-0.8972246411946827,-0.019731649629850523,-4.561365353954283,NA,NA,78.3,76.4,76,82.7,8,362,2014-01,102.44577,102.44574,102.42255,104.73335,102.88136,0.5230976391264797,0.2766932813993428,2014-01,302.48,313.26,0.7433004755912798,98.83,-1.1268858558317163,0.7617730200190742,131.2,106.5,-2.2608348027593372,-1.9526422350354622,NA,NA,NA,NA,NA,NA,NA,NA
Hungary,2014-02-01,100.16,100.14,100.85,NA,100.01,0.08002401147271243,0.2703380870448413,0.2499126606861246,-0.38862088668727424,0.28000018293354856,-0.527863383953342,-0.49456084977883563,-4.697062847597078,NA,NA,78.8,77.1,76.8,82.3,7.7,352,2014-02,99.89974,99.8997,99.84295,102.05176,100.60647,2.2359909973656222,3.325076881461797,2014-02,310.2,310.45,2.5202091159760798,99.14,0.3131790204335516,0.7085767069572313,134,108.3,2.1116923440922974,1.6760168857464564,NA,NA,NA,NA,NA,NA,NA,NA
Hungary,2014-03-01,100.19,100.26,101,NA,100.23,0.21973640483494705,0.21973640483494705,0.029947591938306317,-0.46801180770428275,0.11976049335586936,-0.4776128482147257,0.14862524410386158,-4.605185926211686,NA,NA,78.3,77.8,77.4,81.4,7.6,347,2014-03,99.48338,99.48334,99.45075,101.82691,100.69576,-0.0887123862024275,-0.709112000700074,2014-03,311.49,307.18,0.4149984241033522,100.07,0.9336948509936605,0.47077765118119785,130.7,113.8,-2.49351793207353,4.953736768528572,NA,NA,NA,NA,NA,NA,NA,NA
Hungary,2014-04-01,100.48,100.71,101.06,NA,100.12,-0.10980784732010918,-0.1696522536543732,0.28903194487170936,-1.0001568740838351,0.4478287824696281,-0.8700005443400549,0.05938830225025171,-4.4701260350307415,NA,NA,77.7,79,78.3,82.3,7.5,342,2014-04,100.81318,100.81316,100.77873,102.98456,101.76897,-1.0601550716952346,-0.1513491785757104,2014-04,307.37,307.63,-1.3315001354532896,100.22,0.14978284292146427,0.7109627904507754,130.7,112.3,0,-1.326865994783244,NA,NA,NA,NA,NA,NA,NA,NA
Hungary,2014-05-01,100.77,100.92,101.39,NA,100.19,0.06989167075976965,0.01996406474980006,0.2881989572422583,-1.3014084888613553,0.20830241128040328,-1.4460927813868096,0.3260067100725905,-3.7743980904179963,NA,NA,77.1,78.5,77.7,84,8,360,2014-05,101.7325,101.7325,101.64614,103.65638,102.23444,-0.45633630119832347,1.5581682631442995,2014-05,304.58,302.81,-0.9118455205394227,100.11,-0.10981881001868032,0.4906633786254666,132.3,112.1,1.216745049073431,-0.17825316662838375,NA,NA,NA,NA,NA,NA,NA,NA
Hungary,2014-06-01,100.53,100.76,101.43,NA,100.29,0.09976058289460354,-0.11958147912274342,-0.2384501874981737,-1.8430522188078058,-0.15866722884476658,-2.0919004903309,0.039443842341668756,-3.192121621373989,NA,NA,77.8,80.4,80,82.9,8.2,374,2014-06,101.30008,101.30009,101.1402,102.9845,101.38888,0.8305186854652646,2.2143438283501737,2014-06,305.87,309.3,0.4226396658892462,100.22,0.10981881001868032,0.49012351178019387,134.3,109,1.5004032408281631,-2.8043447848970615,NA,NA,NA,NA,NA,NA,NA,NA
Hungary,2014-07-01,99.79,99.9,101.22,NA,100.45,0.15941021608263384,0.4589910273185893,-0.7388212521107995,-0.9177121763832119,-0.8571765829901601,-1.0455659104338544,-0.20725396019729558,-2.901576353333457,NA,NA,78.1,81.2,80.5,86.1,7.5,345,2014-07,100.01759,100.01758,99.92357,101.61156,100.03175,1.3475784853557826,3.856089725278089,2014-07,309.81,312.96,1.2799031268984962,99.57,-0.6506855131585887,0.372290010916565,127.9,105.7,-4.88273949443947,-3.074298935295161,NA,NA,NA,NA,NA,NA,NA,NA
Hungary,2014-08-01,98.93,98.86,100.88,NA,100.22,-0.22923217293646658,0.28978286578809076,-0.8655448561089685,-0.6046576922840607,-1.0464977775694884,-0.7256633335223306,-0.3364674129267442,-3.190047605031676,NA,NA,78.7,76.5,75.5,86.5,7.3,334,2014-08,98.71452,98.71449,98.7325,100.30933,98.77795,1.2613233887408093,4.00594811377708,2014-08,313.91,315.02,1.314711426844184,99.68,0.11041406391498754,0.3618094399176819,122.4,103.8,-4.395433850657149,-1.8138922144403935,NA,NA,NA,NA,NA,NA,NA,NA
Hungary,2014-09-01,98.79,98.77,100.44,NA,99.87,-0.3498429276535653,-0.5292867002586021,-0.141614427874881,-0.1719343027850151,-0.09107929587770514,-0.1517527733179591,-0.43711573672799986,-2.2835637952298704,NA,NA,78.7,78.6,77.4,86.7,6.9,317,2014-09,98.93665,98.93664,98.90548,100.2359,98.66202,0.11743317558536859,3.959438624191769,2014-09,313.2,310.57,-0.2264356503216547,100.12,0.4404411524430607,0.32012832461552065,117.4,100.3,-4.170746268422931,-3.4300275763897936,NA,NA,NA,NA,NA,NA,NA,NA
Hungary,2014-10-01,98.6,98.65,100.28,NA,99.79,-0.08013623588221108,-0.290188826243476,-0.19251234477932755,-0.40485885260004295,-0.12156824514120146,-0.4248438516314401,-0.1594260999291386,-1.9454521632818356,NA,NA,78,76.8,76,83.7,7.1,326,2014-10,100.66197,100.66193,100.65212,101.89558,100.59556,-1.9408051550415806,3.924688004626109,2014-10,307.85,308.26,-1.7229312759428517,100.06,-0.05994605035146705,0.38049510209159365,106.8,99.5,-9.462898086790172,-0.8008050803343103,NA,NA,NA,NA,NA,NA,NA,NA
Hungary,2014-11-01,98.23,98.06,100.33,NA,99.4,-0.3915864233692723,0.08051530225623438,-0.3759593921810911,-0.6393040192034682,-0.5998696245536728,-0.7416848833295298,0.04984796474287734,-1.4545351178900212,NA,NA,77.7,79.2,78.6,83.5,7.3,337,2014-11,100.97833,100.97828,101.01413,102.23986,101.49233,-0.8875107621300948,2.174036592237094,2014-11,306.89,306.81,-0.3123274165947265,99.88,-0.18005406484862263,0.280730082102032,97.3,101.2,-9.31589373341355,1.6941112688818372,NA,NA,NA,NA,NA,NA,NA,NA
Hungary,2014-12-01,97.41,97.14,99.74,96.97,98.72,-0.6864553505450566,-0.847291734231348,-0.8382792903914194,-1.0518350739991078,-0.9426299305488328,-1.3090798520233093,-0.5897952819545083,-1.6210389276331227,NA,NA,77.7,77.9,77.7,83.7,7.2,329,2014-12,99.69634,99.69629,99.80295,101.09156,101.56081,-0.0674503261523185,1.8149723692193476,2014-12,310.83,315.54,1.275676174049778,99.78,-0.10017029786810738,-0.17022985135177748,79.8,99.7,-19.827548473619583,-1.4933079885572909,NA,NA,NA,NA,NA,NA,NA,NA
Hungary,2015-01-01,98.78,98.5,100.25,97.15,98.56,-0.16220603718677395,-1.3804441088487884,1.3966280329614555,-1.1374625632448065,1.3903311260444084,-1.3712656894419695,0.5100266068701842,-1.091280671133088,0.18545235069939991,NA,77.4,82.4,82.2,86.2,7.2,330,2015-01,97.91441,97.91435,98.15656,98.45537,99.02539,2.5281450485991286,3.8200197786919965,2015-01,316.5,312.03,1.807710265246154,98.24,-1.55542980340595,-0.5987737989260111,63.7,97.1,-22.53389418776459,-2.6424301670513017,NA,NA,NA,NA,NA,NA,NA,NA
Hungary,2015-02-01,99.43,99.31,99.99,97.6,99.06,0.5060227374881876,-0.9544453828333133,0.655872387950307,-0.7315028359806242,0.8189722737224514,-0.8322935986530666,-0.2596885198920873,-0.8564083412463397,0.4621317595598029,NA,76.3,80.5,79.7,90.6,7.2,333,2015-02,100.98644,100.98636,101.03711,100.99879,101.42712,-2.396422911888685,-0.8123941305623106,2015-02,306.88,303.03,-3.0866449889157543,98.85,0.619008521779385,-0.2929442975801777,73.8,94.3,14.717416902830927,-2.926018565786759,NA,NA,NA,NA,NA,NA,NA,NA
Hungary,2015-03-01,99.84,99.82,99.93,98.08,99.7,0.6439949807700351,-0.5301868068982252,0.41150256291357934,-0.34994786500535113,0.5122293126195387,-0.43982477938939724,-0.060024011405968025,-1.0650575967561693,0.49059787688543466,NA,76.4,83.6,83.3,89.2,7.1,330,2015-03,102.12001,102.11999,102.02436,101.49899,101.16106,0.2626610821660158,-0.4610206621938673,2015-03,303.45,299.43,-1.1239939413209221,100,1.1566636371465933,-0.0699755114272449,71.1,92.4,-3.727139479723185,-2.035421099177359,NA,NA,NA,NA,NA,NA,NA,NA
Hungary,2015-04-01,100.54,100.74,99.87,98.37,100.1,0.40040093533821874,-0.019978024239897252,0.6986753643311694,0.0596955544541089,0.917437627604123,0.02978406574509762,-0.06006006186547452,-1.1845059608718955,0.29524073367648285,NA,76.4,82.1,81.9,88.4,7,322,2015-04,103.48012,103.48014,103.25318,102.64011,101.4728,-0.3076882076293863,0.291446201871981,2015-04,299.43,302.81,-1.3336184915259786,100.43,0.42907814171559977,0.2093197873668906,73.4,91.5,3.183659881127543,-0.9788006366162172,NA,NA,NA,NA,NA,NA,NA,NA
Hungary,2015-05-01,101.63,101.86,99.88,99.66,100.81,0.7067870744675631,0.6169173794678962,1.0783108885245696,0.8498074857364202,1.105638113895413,0.9271197683601073,0.01001251565293515,-1.500500155291551,1.302851332859234,NA,77.8,82.5,82.3,85.6,6.7,310,2015-05,101.14498,101.14503,101.02596,100.81767,99.78626,1.6760283784543972,2.4238108815247017,2015-05,306.33,308.9,2.278228486895184,100.71,0.2784132254805449,0.5975518228661159,79.3,89.7,7.731419302033249,-1.9868203216725888,NA,NA,NA,NA,NA,NA,NA,NA
Hungary,2015-06-01,101.5,101.65,100.2,100.59,100.99,0.1783944972615359,0.6955512938348285,-0.1279968667833309,0.960260806451263,-0.2063781382102725,0.8794088589946014,0.3198723239191459,-1.2200716737140738,0.9288456292988023,NA,78.8,84.2,84.1,89,6.6,304,2015-06,99.32071,99.32075,99.29983,99.33537,98.75193,1.0419550594554572,2.6352472555148942,2015-06,311.96,314.93,1.8212022226740565,100.72,0.009929007603837192,0.4976620204512727,76.7,88.9,-3.3336420267592537,-0.8958626544891324,NA,NA,NA,NA,NA,NA,NA,NA
Hungary,2015-07-01,100.29,100.34,100.04,100.95,100.97,-0.019805902223613003,0.5163351755285817,-1.1992809381724534,0.4998011203896091,-1.2971121018249043,0.4394733401598572,-0.1598082641345755,-1.1726259776513537,0.35724956125999796,NA,78.3,85.4,85.4,88.5,6.4,298,2015-07,99.45975,99.45977,99.40132,99.18332,98.72716,0.0250862003970731,1.3127549705561847,2015-07,311.53,308.3,-0.13793326859294908,100.11,-0.607480830469953,0.5408667031399084,70,89.9,-9.140646632385074,1.1185798957716209,NA,NA,NA,NA,NA,NA,NA,NA
Hungary,2015-08-01,99.4,99.39,99.77,101.11,100.35,-0.6159367773882707,0.12963057107677756,-0.8913875437588814,0.4739584327396962,-0.951291407619248,0.5346797101100975,-0.27025690840023486,-1.1064154731248443,0.15836883444615424,NA,78,83.3,83.1,89.8,6.1,284,2015-08,99.42843,99.42848,99.42887,99.657,100.18431,-1.4651503673349886,-1.4137187855196132,2015-08,311.61,314.7,0.025676413146236143,100.12,0.009988513218139872,0.4404411524430607,60.3,84.7,-14.916313831621952,-5.958233981956607,NA,NA,NA,NA,NA,NA,NA,NA
Hungary,2015-09-01,99.17,99.09,99.89,100.95,99.76,-0.5896773870565752,-0.1102038883262324,-0.23165644644942418,0.383916414165153,-0.3022976909106134,0.3234613150771892,0.1202043618642179,-0.5490953745326266,-0.15836883444615424,NA,77.6,85.8,85.9,89.5,6.1,285,2015-09,98.94764,98.94767,98.95276,99.54876,100.27026,-0.08575509679547011,-1.6169070579004519,2015-09,313.14,313.45,0.4897968975546618,100.32,0.19956103210372333,0.19956103210372333,60.3,82.9,0,-2.1480539516759656,NA,NA,NA,NA,NA,NA,NA,NA
Hungary,2015-10-01,100.03,100.02,100.15,102.31,100.02,0.26028646189768523,0.2302188094536639,0.8634591799054903,1.4398879388499708,0.9341637919949797,1.3791933522133704,0.2599481567768791,-0.1297211178266089,1.3382075132001958,NA,77,85.6,85.4,89.8,6,279,2015-10,99.54802,99.54802,99.58359,100.08863,100.50083,-0.22968456401200044,0.09421353312912828,2015-10,311.27,309.9,-0.5989672140740865,100.45,0.1295014376332837,0.3890085200884741,60.5,84.2,0.331126130365611,1.5559859107032281,NA,NA,NA,NA,NA,NA,NA,NA
Hungary,2015-11-01,100.03,99.95,100.19,101.88,100,-0.019998000266596705,0.6018072325563395,0,1.8158473310310619,-0.07001050443484758,1.9090524723321955,0.039932115934426804,-0.13963696663505942,-0.42117697795927,NA,77.1,85.7,85.4,92.2,6.1,288,2015-11,99.22823,99.22823,99.2689,99.04319,99.18279,1.3201474834660942,2.3018717787253173,2015-11,312.27,311.58,0.3207495452850928,100.01,-0.4389910272518449,0.1300715576852518,55.9,82.9,-7.907898487574272,-1.5559859107032281,NA,NA,NA,NA,NA,NA,NA,NA
Hungary,2015-12-01,99.35,99.34,99.83,101.34,99.66,-0.3405793134833246,0.9476832696180715,-0.6821171999263242,1.972009421496157,-0.61217512672051555,2.239507276160513,-0.3599643922837181,0.0901939230357307,-0.5314450063492515,4.407954773130829,76.7,84.7,84.8,88.7,5.9,274,2015-12,98.56145,98.56143,98.69097,98.81738,99.56475,-0.38436749481389754,1.9849546100637383,2015-12,314.4,315.98,0.679786235956481,100.03,0.019996000866395747,0.25023785641975493,48.3,83,-14.613281950252643,0.12055456553490274,NA,NA,NA,NA,NA,NA,NA,NA
Hungary,2016-01-01,99.8,99.54,100.36,102.33,99.52,-0.1405763862389442,0.9693129205659012,0.4519214319592457,1.0273028204939472,0.20112637512044174,1.050302525236546,0.5294982149887772,0.10966553115432376,0.9721685050900319,5.194670927521461,76.1,84.6,84.7,88,5.8,269,2016-01,98.47643,98.47639,98.77766,99.18979,100.427,-0.862290912178576,-1.4054813507139663,2016-01,314.68,312.03,0.08901889059904633,98.56,-1.4804641211878966,0.32520353863780826,40.9,83.1,-16.630149760977098,0.1204094064804373,NA,NA,NA,NA,NA,NA,NA,NA
Hungary,2016-02-01,100.34,100.22,100.53,101.97,99.38,-0.1407742816694757,0.32251590140823794,0.5396235738688304,0.9110540064124706,0.6808196101170338,0.9121498616311285,0.16924689191073483,0.5386009429571459,-0.3524232722528886,4.380115895708769,75,84.4,84.5,88.7,5.6,265,2016-02,99.84134,99.84132,100.11818,100.81969,102.26967,-1.818205265324302,-0.8272637041495834,2016-02,310.37,311.26,-1.3791115307376423,98.73,0.17233518381480906,-0.12146979932676771,42.8,83.8,4.54080395389953,0.8388305626634285,NA,NA,NA,NA,NA,NA,NA,NA
Hungary,2016-03-01,100.07,99.89,100.24,102.03,99.53,0.15082200837976956,-0.17065707098202765,-0.2694477953742336,0.23010364812465767,-0.3298188987520767,0.07010165025951309,-0.28888798295163554,0.3097369714114784,0.058823531107865534,3.9483415499312002,75.1,81.2,81.1,90.1,5.5,259,2016-03,99.57528,99.57533,99.68618,100.25895,101.2681,0.9841692617889919,-0.1057555245266073,2016-03,311.15,314.12,0.25099768615612916,99.96,1.238125434339299,-0.04000800213406208,48.7,85.8,12.914092750079309,2.3585999005879543,NA,NA,NA,NA,NA,NA,NA,NA
Hungary,2016-04-01,101.01,100.88,100.78,101.6,100.37,0.8404251567736942,0.26936715045344783,0.9349580738728491,0.4663863576663374,0.9862111112606264,0.13887513391601658,0.5372612664639398,0.9070582997408927,-0.4223352542831904,3.230765561971527,75.2,85.7,86.1,89.7,5.3,247,2016-04,99.46594,99.46604,99.57858,100.34944,101.27779,-0.009568202057685937,0.19236448104509307,2016-04,311.46,312.23,0.09958080519654189,100.17,0.20986366569220039,-0.25922247815746147,52.3,88.5,7.131734098233311,3.098354551996696,NA,NA,NA,NA,NA,NA,NA,NA
Hungary,2016-05-01,101.15,101.07,100.79,102.14,100.66,0.2885143522505018,-0.1489055717636134,0.13850417726617437,-0.4734203535920578,0.18816544299067317,-0.7785975369887232,0.0099221114334469,0.9069678955214044,0.5300886075116473,2.4580028366239404,76.1,84.9,85,94.1,4.9,230,2016-05,98.4803,98.4804,98.74658,99.52128,100.41591,0.8546476624033517,-0.6290162350059525,2016-05,314.58,314.11,0.9967496745304061,100.59,0.4184106522573394,-0.11922505138066697,57.7,92.5,9.826080244317659,4.4206092504496475,NA,NA,NA,NA,NA,NA,NA,NA
Hungary,2016-06-01,100.52,100.39,100.79,102.15,100.87,0.20840577185303744,-0.11889429717211186,-0.6247850938363442,-0.9702085806450711,-0.6750745383135914,-1.2472939370920422,0,0.5870955716022586,0.009790004413279263,1.5389472117384173,76.8,83.9,84.1,90.5,4.7,220,2016-06,98.67129,98.67138,98.97035,99.62981,100.471,-0.05484678059017867,-1.7258180750515884,2016-06,313.98,317.06,-0.19091262003243514,100.77,0.1787843146064283,0.049630255621924135,60.2,96.8,4.2415178800721876,4.543834976415173,NA,NA,NA,NA,NA,NA,NA,NA
Hungary,2016-07-01,100.02,99.76,100.74,102.07,100.69,-0.17860691392206363,-0.2776953088705625,-0.4986546684633275,-0.2695823109359452,-0.6295299331654292,-0.579711768432567,-0.04962040492824116,0.6972834308085929,-0.07834688482235563,1.1033507656560637,76.5,86.5,86.6,92.9,4.7,221,2016-07,98.55091,98.55102,98.84036,99.63721,100.29972,0.17062253056883137,-1.58028174487983,2016-07,314.35,312.19,0.11777252168982955,100.28,-0.4874419002217856,0.1696691858700916,57.3,93.3,-4.937172859408179,-3.6826886429233596,NA,NA,NA,NA,NA,NA,NA,NA
Hungary,2016-08-01,99.71,99.37,100.78,101.94,100.28,-0.40802166374307447,-0.06978019522536627,-0.3104193150056389,0.3113859178172973,-0.39170441285092394,-0.020124773664242923,0.03969829349479426,1.007238632703622,-0.12744475035111336,0.8175371808587961,75.8,84.8,85,90.1,4.6,216,2016-08,99.8675,99.86762,100.02408,101.01684,101.80392,-1.4885706912410868,-1.6037020687859282,2016-08,310.21,310.34,-1.3257527339961328,100.34,0.05981457660135803,0.21949524925330977,58.4,91.5,1.901526611348725,-1.9481135571822072,NA,NA,NA,NA,NA,NA,NA,NA
Hungary,2016-09-01,99.63,99.36,100.35,101.86,100.45,0.1693817970850553,0.6892789889162643,-0.08026487839360996,0.4627774858731115,-0.010063905810309137,0.27210901143606137,-0.42758480101054985,0.45944946982885426,-0.07850834554377073,0.8973976697611796,75.6,83.2,83.2,89.3,4.5,214,2016-09,100.36409,100.36419,100.55484,101.57543,102.34846,-0.533465533344124,-2.051412505334582,2016-09,308.68,309.79,-0.49443458997062706,100.72,0.3779970679985034,0.39793128514808984,59.1,90.5,1.1915034577871353,-1.0989121575595284,NA,NA,NA,NA,NA,NA,NA,NA
Hungary,2016-10-01,100.03,99.77,101.01,101.72,101.1,0.6450034765482116,1.0739960035667906,0.40068169403237874,0,0.41179187402473616,-0.25026290653418215,0.6555446598746073,0.8550459729265825,-0.13753809025391917,-0.5783479336929354,76,84.2,84.3,89.2,4.4,210,2016-10,100.91382,100.91392,101.16721,102.33346,102.84027,-0.4793742247094279,-2.3011021660320097,2016-10,307,308.44,-0.5457394002205795,100.96,0.23800090568109056,0.5064307531958967,64.4,89.4,8.588270869825543,-1.2229168526411982,NA,NA,NA,NA,NA,NA,NA,NA
Hungary,2016-11-01,100.43,100.14,100.84,101.77,101.06,-0.03957261626634789,1.0544213875670394,0.3990826408158732,0.3990826408158732,0.3701669976382327,0.1899145955388981,-0.1684419521373215,0.6466719048548342,0.04914246499208019,-0.10802849074158516,76.7,86.5,87,86,4.3,201,2016-11,100.32273,100.32281,100.72368,101.7501,102.27593,0.5502650926430874,-3.0709845568550165,2016-11,308.82,311.51,0.5910835305521722,100.6,-0.3572141127263784,0.5882076677213632,60.9,89.9,-5.588045839445677,0.5577259298106263,NA,NA,NA,NA,NA,NA,NA,NA
Hungary,2016-12-01,100.42,100.38,100.73,100.55,101.46,0.3950232274781307,1.7900239285284947,-0.009957679868843883,1.0712421608733536,0.23937773249889105,1.0414674547583047,-0.10914323651300961,0.8974930606255427,-1.20602489851791,-0.7826083829102437,77.1,87,87.5,89,4.2,201,2016-12,99.22736,99.22743,99.64742,100.54923,100.71338,1.5395696096666356,-1.1470474523744834,2016-12,312.24,309.83,1.1013539979640719,101.13,0.5254560248440399,1.0936676916990073,69.6,90.3,13.353139262452274,0.443951894536454,NA,NA,NA,NA,NA,NA,NA,NA
Hungary,2017-01-01,100.99,100.67,101.5,100.96,101.87,0.4032858463431488,2.3338861611105877,0.5660111431906145,1.1853318721047224,0.28848565145445093,1.128826731092314,0.7615128527252324,1.1295076983619978,0.40692825742416616,-1.3478486305761095,77.8,85.6,85.1,98.9,4.2,198,2017-01,100.26881,100.26889,100.55007,101.83106,101.87306,-1.144886762620434,-1.4296433028163413,2017-01,308.99,310.64,-1.0463208957836478,100.26,-0.8640006078722173,1.7101312050146866,70.2,92.1,0.858374369139181,1.973748283832144,NA,NA,NA,NA,NA,NA,NA,NA
Hungary,2017-02-01,102.1,101.87,102.02,100.7,102.22,0.34298627381588176,2.817646716595945,1.0931223132153889,1.7388306114512808,1.1849649860643297,1.6329721070396097,0.5110074012939059,1.4712682077451689,-0.2578599068385756,-1.2532852651617965,78,87.1,87.3,87.8,4.2,198,2017-02,100.41257,100.41272,100.62722,101.72267,101.68098,0.1887263519917859,0.5772883144997465,2017-02,308.5,308.25,-0.158707056908014,100.66,0.3981689512857045,1.935964972485582,70.1,91.7,-0.14255169912216203,-0.4352563998841319,NA,NA,NA,NA,NA,NA,NA,NA
Hungary,2017-03-01,102.03,101.88,102.66,101.76,102.21,-0.009783299914900567,2.657041408301275,-0.06858374834060044,1.939694658484914,0.009815950928082628,1.972606956719769,0.6253684637376189,2.3855246544344233,1.0471299867295336,-0.2649788095401284,78.2,87.7,88,85.7,4.4,206,2017-03,100.01553,100.01571,100.2491,101.4739,101.4423,0.23501009815509732,-0.17187084913414807,2017-03,309.71,307.62,0.39145324246634416,101.49,0.8211770112512617,1.519016549397545,65.9,90.4,-6.178435253208292,-1.4278111864288512,NA,NA,NA,NA,NA,NA,NA,NA
Hungary,2017-04-01,102.69,102.46,102.62,100.2,102.63,0.4100767316637999,2.2266929831913806,0.6447853522990599,1.6495219369111247,0.5676828399800549,1.5540786854391975,-0.03897116183377847,1.809292226136705,-1.5448910941048055,-1.3875346493617435,78.6,89.3,89.5,91.4,4.4,208,2017-04,99.42568,99.42583,99.56852,100.67125,100.61441,0.8194675969103393,0.6571649498338772,2017-04,311.57,312.38,0.598765631297038,102.07,0.5698580954680565,1.879010979173401,67.4,89.4,2.2506576409799806,-1.1123585218662413,NA,NA,NA,NA,NA,NA,NA,NA
Hungary,2017-05-01,103.83,103.91,103.36,101.62,102.79,0.15577843672076597,2.093957067661645,1.104020510515813,2.6150382701607633,1.4052661353498586,2.771179377798383,0.7185194520472393,2.5178895667504975,1.4072177514822037,-0.5104055053911871,78.2,89.9,90,91.4,4.2,198,2017-05,99.99945,99.99962,100.11337,101.69531,101.9161,-1.2854437821244957,-1.4829264946939702,2017-05,309.77,307.2,-0.5793945458099969,101.98,-0.08821367883973252,1.3723866480763292,64.9,91.8,-3.7797394208216595,2.649161544697609,NA,NA,NA,NA,NA,NA,NA,NA
Hungary,2017-06-01,103.83,103.79,103.44,101.29,102.85,0.05835440741357445,1.9439057032221818,0,3.2398233639971075,-0.11555128873572684,3.3307026273762474,0.077369442931019,2.5952590096815165,-0.3252676466880544,-0.8454631564925208,78,89.1,89.2,91.2,4.1,195,2017-06,100.47709,100.47728,100.59023,102.39842,102.77733,-0.8414877624363548,-2.2695674765401463,2017-06,308.28,308.97,-0.4821625715184297,102.08,0.09801039694696811,1.291612730416869,60.6,91.5,-6.855273063477529,-0.3273325344968825,NA,NA,NA,NA,NA,NA,NA,NA
Hungary,2017-07-01,103.49,103.43,103.84,101.59,102.92,0.06803713145773216,2.1905497486019776,-0.32799566352803566,3.4104823689323993,-0.3474571587485542,3.6127754017931224,0.385951849217836,3.0308312638275936,0.29574154047482537,-0.4713747311953398,77.4,87.2,87.3,88.2,4,189,2017-07,100.99156,100.99174,101.06834,103.30289,103.95763,-1.1418608873766445,-3.582050894485622,2017-07,306.71,304.62,-0.5105785169508437,101.62,-0.45164534308934634,1.3274092875493082,62.9,91.7,3.7251270631125877,0.21834069809436585,NA,NA,NA,NA,NA,NA,NA,NA
Hungary,2017-08-01,102.84,102.58,103.67,101.49,102.95,0.029144606025521824,2.627716018370574,-0.6300607282392789,3.0908409556987593,-0.8252073428590023,3.179272471785044,-0.1638475620759472,2.827285408256852,-0.09848336427271676,-0.4424133451169432,77.6,90,90.3,88.9,3.9,187,2017-08,101.76995,101.77014,101.88852,104.56113,105.33735,-1.3184644819428826,-3.411944685187418,2017-08,304.37,306.63,-0.7658609143078365,101.89,0.26534338206074537,1.5329380930086955,66.4,88.5,5.41508927759935,-3.5519827248536195,NA,NA,NA,NA,NA,NA,NA,NA
Hungary,2017-09-01,102.62,102.34,103.97,101.23,103.01,0.05826374218029784,2.5165979634658164,-0.21415368838697546,2.9569521457053938,-0.23423785841760747,2.9550985191777457,0.28896186548577063,3.5438320747531726,-0.25651158500661353,-0.620416584579786,78.6,90.1,90.5,86.6,3.9,184,2017-09,100.45907,100.4592,100.59106,103.24234,103.88385,1.389460900077566,-1.489018251765728,2017-09,308.37,310.67,1.3056294095735055,102.29,0.39181164827226667,1.5467526732824588,70.7,89.2,6.274851642013868,0.7878487572080317,NA,NA,NA,NA,NA,NA,NA,NA
Hungary,2017-10-01,103.2,103.15,104.56,101.77,103.34,0.31984519634367103,2.191439683261276,0.5636007533643017,3.1198712050373167,0.7883636140315176,3.331670259184527,0.5658673326087715,3.454154747487337,0.532020959317947,0.04914246499208019,79.4,90.6,91.1,88.6,3.8,178,2017-10,99.95322,99.95331,100.04247,102.75708,103.29994,0.5636652809480225,-0.4459787461082776,2017-10,309.95,311.64,0.5110633454988189,102.34,0.048868690802983394,1.3576204584043516,73.3,88.6,3.611503599007815,-0.6749181974928575,NA,NA,NA,NA,NA,NA,NA,NA
Hungary,2017-11-01,103.76,103.73,105.38,101.29,103.66,0.3091789902522457,2.5401912897798695,0.5411686960726136,3.261957260294057,0.5607129926475274,3.522216254193822,0.7811795465173965,4.403776246142055,-0.4727675505134421,-0.4727675505134421,80.2,89.5,89.6,89.1,3.7,175,2017-11,99.33854,99.33859,99.44583,102.2972,102.85195,0.4346219723688094,-0.5616218663825556,2017-11,311.89,312.77,0.623956739365461,102.14,-0.1956182157448083,1.5192163553859217,79,89.2,7.488724357441612,0.6749181974928575,NA,NA,NA,NA,NA,NA,NA,NA
Hungary,2017-12-01,103.79,103.85,105.32,101.97,103.68,0.019291984240332738,2.1644600465420716,0.02890869690093112,3.300823637063832,0.11561808783850935,3.39845660953344,-0.05695301530312946,4.455966467351935,0.6690962677429191,1.402353615747387,80.1,91.9,92.8,86.2,3.6,173,2017-12,98.93333,98.93339,99.04718,101.95448,102.52764,0.31581548054901987,-1.7853759955001713,2017-12,313.16,310.33,0.40636804981302177,102.49,0.3420811623973563,1.3358414929392382,80.8,88.2,2.252911306002847,-1.1274076573218217,NA,NA,NA,NA,NA,NA,NA,NA
Hungary,2018-01-01,105.49,105.48,106.51,101.81,104.01,0.31778157610773405,2.078955776306657,1.6246534716519712,4.359465965525189,1.557381116296419,4.667352074375408,1.1235542826965705,4.818007897323273,-0.15703212570299385,0.838393232620227,80.4,91.9,92.8,80.9,3.6,171,2018-01,100.15848,100.15866,100.18181,103.37358,103.95306,-1.3807030336472792,-2.0211922665270166,2018-01,309.27,310.65,-1.249956026331045,101.56,-0.911547600699425,1.2882945001120305,87.4,90.6,7.851831713443946,2.6847250036188264,NA,NA,NA,NA,NA,NA,NA,NA
Hungary,2018-02-01,105.95,106.08,106.93,102.41,104.18,0.16331239520042118,1.8992818976911963,0.4351123020590819,3.701455954368882,0.5672164952466474,4.049603583557726,0.39355373134908334,4.700554227378451,0.587603296824124,1.6838564362829267,81,90.4,90.3,89.7,3.7,175,2018-02,99.36686,99.36703,99.40787,102.64441,103.29379,0.6362192948153655,-1.573699323703437,2018-02,311.74,313.93,0.7954825284501865,101.78,0.21638643242090083,1.1065119812472268,82.1,92.9,-6.255726620310664,2.506943277085938,NA,NA,NA,NA,NA,NA,NA,NA
Hungary,2018-03-01,106.15,106.43,107.3,102.58,104.29,0.10553078160757678,2.0145959792136736,0.18859034349567594,3.9586300462051582,0.3293965615401184,4.369184194169762,0.3454234868087269,4.420609250449559,0.16586178737760804,0.8025882369310011,81,91,91.3,90.4,3.6,172,2018-03,99.22038,99.22056,99.39104,102.65865,103.30921,-0.014927179207102625,-1.8236366010656369,2018-03,312.19,312.13,0.1442469757911624,102.91,1.1041198687314235,1.3894548387273886,82.8,94,0.8490044932830898,1.1771136450210662,NA,NA,NA,NA,NA,NA,NA,NA
Hungary,2018-04-01,106.88,107.1,107.31,102.48,105.06,0.7356135392694085,2.3401327868192823,0.6853521639070159,3.9991968578131143,0.6275485400749403,4.429049894264647,0.009319230238347131,4.468899642521684,-0.09753243726429162,2.249946893771515,80.7,90.9,91.1,86,3.4,164,2018-04,99.36771,99.36791,99.55453,102.86563,103.72763,-0.4041991460727701,-3.0473033440487463,2018-04,311.72,313.55,-0.1506627843456343,103.32,0.39761483796389996,1.217211581223232,88.4,96.1,6.544390825238455,2.2094533706242814,NA,NA,NA,NA,NA,NA,NA,NA
Hungary,2018-05-01,107.69,108,107.81,101.64,105.75,0.6546202400572021,2.8389745901557184,0.7550019552454046,3.650178302542706,0.8368249670517081,3.8606087259664967,0.46485766119905847,4.215237851673503,-0.82304991365163,0.019679228637681234,82.3,92.6,92.9,84,3.3,158,2018-05,97.72842,97.72864,98.04246,101.15851,101.79153,1.8841623107487493,0.12230274882449876,2018-05,316.93,318.89,1.6575580328278328,103.97,0.6271427762238879,1.9325680362868525,94.6,96.8,6.7785506414233865,0.7257678306284987,NA,NA,NA,NA,NA,NA,NA,NA
Hungary,2018-06-01,106.99,107.16,108.03,101.73,106.11,0.3398473959110859,3.12046757865323,-0.6521357190274024,2.9980425835153035,-0.7808182447812229,3.1953417699210007,0.20385477778672723,4.341723186529212,0.088508635369422,0.43345551069515764,83.8,92.8,93.1,85.2,3.3,157,2018-06,95.98025,95.98048,96.33719,99.38127,100.02539,1.7502844536408269,2.7140749649016804,2018-06,322.7,329.77,1.8042169754277637,104.09,0.1153513537498263,1.9499089930897107,93.7,93.4,-0.9559286813455969,-3.575564904773465,NA,NA,NA,NA,NA,NA,NA,NA
Hungary,2018-07-01,106.84,106.88,108.12,101.68,106.44,0.31051542239897145,3.362945869594469,-0.140298390875504,3.185739856167835,-0.2616334888072558,3.281165439862299,0.0832755079352765,4.039046845246652,-0.04916179244585095,0.08855217777448132,84,90,90.2,86,3.6,171,2018-07,95.42139,95.4216,95.80604,98.9455,99.80357,0.2220099540223508,4.077945806300676,2018-07,324.6,320.43,0.5870556022574469,103.85,-0.23083592052550728,2.1707184156535497,93,90,-0.7498696091119861,-3.708167490453196,NA,NA,NA,NA,NA,NA,NA,NA
Hungary,2018-08-01,106.79,106.84,108.06,101.03,106.49,0.046963791780374464,3.380765055349322,-0.04680990583061373,3.7689906785765004,-0.037432154657501826,4.0689406280638,-0.05550929923270331,4.147385108089896,-0.6413124441557727,-0.45427690210857463,83.9,93.7,94.1,88.6,3.5,169,2018-08,95.89236,95.89254,96.23862,99.79177,100.84358,-1.0366649253833238,4.3597453628602345,2018-08,323.02,326.25,-0.48794142701238385,104.01,0.15394980429199734,2.0593248378848017,92,88.7,-1.0810916104215806,-1.4549781014730812,NA,NA,NA,NA,NA,NA,NA,NA
Hungary,2018-09-01,107.25,107.49,108.58,102.22,106.82,0.30940908843319903,3.631910401602223,0.4298268624672197,4.4129712294306955,0.606543174321228,4.909721660802635,0.4800600061384941,4.3384832487426195,1.1709850900492924,0.9732197729473313,84,92.1,91.8,90.5,3.6,169,2018-09,95.36258,95.36275,95.71343,99.52141,100.72776,0.11491714322673374,3.0852016060094023,2018-09,324.82,324.37,0.5556941936090354,104.42,0.39341796173646415,2.060931151348999,98.7,85.6,7.029636939039552,-3.557460616783814,NA,NA,NA,NA,NA,NA,NA,NA
Hungary,2018-10-01,107.79,108.12,109.35,102.63,107.35,0.49493494131658267,3.8070001465751346,0.5022331985411022,4.351603674607496,0.5843901423274289,4.705748189098546,0.7066518645472364,4.479267780681084,0.4002934317488993,0.8414922453782836,84.5,92.9,93.1,85.5,3.4,164,2018-10,95.6486,95.64879,96.03861,99.46164,100.45445,0.27170411154973095,2.7932404366111108,2018-10,323.84,325.1,-0.30216160874108056,104.68,0.24868496795393824,2.260747428499954,100.2,86.4,1.5083242211328063,0.9302392662314141,NA,NA,NA,NA,NA,NA,NA,NA
Hungary,2018-11-01,108.07,108.29,110.31,103.03,106.98,-0.34526232216860464,3.1525588341542843,0.2594275521537348,4.069862530688617,0.15710922320417708,4.302144419655196,0.8740836858513568,4.572171920015045,0.3889920299354088,1.7032518258271345,84.3,92.9,93,85.7,3.4,162,2018-11,96.09853,96.09871,96.47848,99.63085,100.60518,-0.1499356466911017,2.2086828175511997,2018-11,322.33,323.62,-0.4673701188966817,104.1,-0.5556102041022193,1.900755440142543,84.4,84.8,-17.16007870488525,-1.8692133012153,NA,NA,NA,NA,NA,NA,NA,NA
Hungary,2018-12-01,108.36,108.82,111.27,102.93,106.58,-0.3746024234467349,2.7586644264672167,0.2679851901819852,4.308939023969671,0.48823274174907283,4.67475907356576,0.8665096188318344,5.4956345541500085,-0.09710624185084171,0.9370493162333737,83.9,98.3,98.9,87.9,3.4,161,2018-12,95.97219,95.9724,96.31459,99.54069,100.5512,0.05366968852360543,1.9465370255257852,2018-12,322.74,320.98,0.1271180043127096,104.05,-0.0480422781279799,1.5106319996172068,74.9,86.1,-11.941351107873732,1.521386863582741,NA,NA,NA,NA,NA,NA,NA,NA
Hungary,2019-01-01,109.47,109.66,111.97,104.03,106.88,0.2810832919698747,2.7219661423293573,1.0191521899571399,3.70343774227484,0.7689528918123578,3.8863308490816983,0.6271298102496381,4.999210081703076,1.0630173544335264,2.157098796369894,83.5,96.3,96.6,90.8,3.3,159,2019-01,96.85956,96.85973,97.22391,100.37469,101.32714,-0.7687241940790734,2.558515865093991,2019-01,319.8,315.88,-0.9151245113352857,102.97,-1.043386917098399,1.378792683218233,76.2,87,1.7207572169426477,1.0398707220899084,NA,NA,NA,NA,NA,NA,NA,NA
Hungary,2019-02-01,111.18,111.4,113.66,105.51,107.47,0.5505029064726941,3.10915665360163,1.5499970408857422,4.8183224811015,1.574265751728099,4.89338010556315,1.4980557596870447,6.103712110041037,1.4126416071197134,2.9821371066654834,83.2,95.4,96,85.6,3.4,162,2019-02,97.43315,97.43334,97.93215,100.93319,101.7256,-0.39246996762063446,1.529826602657991,2019-02,317.91,315.96,-0.5927476544999699,103.3,0.31996924569330787,1.48237549649064,80.1,87.4,4.991439138171305,0.45871640069057307,NA,NA,NA,NA,NA,NA,NA,NA
Hungary,2019-03-01,111.64,112.08,113.89,107.61,108.23,0.7046853453992696,3.708311217393323,0.4128899142798126,5.042622051885637,0.6085574535568128,5.172540997579844,0.202153441728381,5.9604420649606915,1.9707845058300144,4.78705982511789,83.3,98,98.2,84.8,3.4,163,2019-03,98.04609,98.04627,98.52074,101.51829,102.23045,-0.49505864727663607,1.0496951345884575,2019-03,315.92,321.05,-0.6279306876460389,104.35,1.0113257397616593,1.3895813675208757,82.2,86.2,2.5879447987820825,-1.3825104991841641,NA,NA,NA,NA,NA,NA,NA,NA
Hungary,2019-04-01,112.13,112.8,115.09,109.01,109.2,0.8922471003749877,3.864944778498902,0.4379503804668339,4.795220268445455,0.6403437035206849,5.185336161025589,1.0481360694139852,6.99925890413633,1.292604092796612,6.177196355178793,84.1,97.2,97.2,89.8,3.3,160,2019-04,96.44328,96.44345,96.89713,99.90293,100.52974,1.6775974476889388,3.1314917283501664,2019-04,321.18,322.97,1.6512696654951142,105.1,0.716164435969624,1.7081309655265997,86.4,86,4.983237374787564,-0.23228814161404543,NA,NA,NA,NA,NA,NA,NA,NA
Hungary,2019-05-01,113.15,113.88,114.81,108.01,110,0.7299302481611925,3.9402547866028925,0.9055459606757132,4.9457642738757635,0.9528923345878404,5.301403528561721,-0.24358428746786842,6.290816955469403,-0.9215805709883895,6.078665697842034,84.5,98.9,99,93.3,3.3,157,2019-05,95.31413,95.31431,95.84427,98.91356,99.6502,0.8787550439960157,2.126084461597433,2019-05,324.98,324.34,1.1761928341285532,105.24,0.13311782891864965,1.2141060182213614,85.2,85,-1.3986241974739855,-1.1696039763190669,NA,NA,NA,NA,NA,NA,NA,NA
Hungary,2019-06-01,112.93,113.63,115.25,107.18,109.75,-0.22753138371358617,3.3728760069782204,-0.19462143439676893,5.403278558506397,-0.2197706479919681,5.862451125350976,0.38250937710371247,6.469471554786388,-0.7714151363678923,5.21874192610472,84,97.3,97,91.1,3.2,155,2019-06,96.0266,96.02679,96.44342,99.61425,100.41853,-0.768069829981588,-0.39226982202498206,2019-06,322.56,323.39,-0.7474476531680985,105.41,0.1614052095005647,1.2601598739720998,76.3,88.1,-11.032849554485935,3.582127645181732,NA,NA,NA,NA,NA,NA,NA,NA
Hungary,2019-07-01,113.01,113.74,115.29,108.3,109.98,0.20934791243876205,3.271708497018011,0.07081526364807189,5.614392213029973,0.09675859487359162,6.220843209031823,0.0347011368104333,6.420897183661545,1.039548994024031,6.307452712574602,84.3,98.1,98.2,90.8,3.3,156,2019-07,95.22247,95.22269,95.61153,98.63019,99.29819,1.121940868934157,0.5076610928868242,2019-07,325.27,326.48,0.8366441219807008,104.91,-0.47546685237032094,1.0155289421272862,77,86.9,0.9132483563273119,-1.3714500670787722,NA,NA,NA,NA,NA,NA,NA,NA
Hungary,2019-08-01,112.36,113.07,115.81,107.5,109.89,-0.08186656208355458,3.142878143154082,-0.576830813601692,5.084371305258895,-0.5908045931499295,5.667470770539396,0.45002239514237985,6.926428878036628,-0.741430643922758,6.207334512807616,84.7,97,97.4,88.7,3.3,156,2019-08,94.74543,94.74565,95.3098,98.2883,99.2232,0.07554853768327874,1.6198745559534267,2019-08,326.91,331.07,0.5029296994147892,105.06,0.14287757824211766,1.0044567160774065,71.6,84.7,-7.27103478870843,-2.5642430613337375,NA,NA,NA,NA,NA,NA,NA,NA
Hungary,2019-09-01,112.34,112.87,115.73,108.08,109.91,0.018198362197630047,2.851667416918513,-0.01780151317563039,4.6367429296160445,-0.17703819796190956,4.883889398256258,-0.06910253362999441,6.377266338268139,0.5380846084226398,5.574434031180964,85.8,99.3,99.5,87.8,3.3,156,2019-09,93.16851,93.16871,93.74115,96.45561,97.26514,1.9931206299593995,3.4980780426860925,2019-09,332.45,334.83,1.680456919155926,105.29,0.21868323428524405,0.8297219886261864,75.6,84.2,5.436120921888765,-0.5920680409727375,NA,NA,NA,NA,NA,NA,NA,NA
Hungary,2019-10-01,113.2,113.89,115.69,107.69,110.58,0.6077391828977596,2.96447165849969,0.762617866479598,4.89712759755454,0.899635631872453,5.199134887801282,-0.03456918191888647,5.6360452918020165,-0.36149643111542673,4.812644168316638,85.8,98.5,98.8,87.8,3.2,153,2019-10,93.45365,93.4538,93.97756,96.72958,97.51894,-0.26059639333011475,2.9657775378062468,2019-10,331.46,328.7,-0.298233415306548,105.44,0.14236228855288857,0.7233993092251367,72.7,86.3,-3.911489864601414,2.4634676841100323,NA,NA,NA,NA,NA,NA,NA,NA
Hungary,2019-11-01,113.68,114.66,115.92,107.81,110.66,0.07231965601768309,3.3820536366859777,0.4231318019762398,5.060831847377045,0.6738157193977301,5.715841383994835,0.1986097971629519,4.960571403113612,0.11136892102374674,4.535021059404976,86.1,98.8,99.6,84.7,3.1,150,2019-11,92.85081,92.85095,93.31184,95.95048,96.6552,0.8896608961959984,4.005374080693347,2019-11,333.62,333.82,0.6495482030511646,105.1,-0.3229792871291437,0.9560302261982123,76.6,89.9,5.225569220707182,4.086834338819312,NA,NA,NA,NA,NA,NA,NA,NA
Hungary,2019-12-01,114.53,115.87,117.26,108.83,110.96,0.270733853661298,4.027389913794011,0.7449313620780273,5.537778019273087,1.0497645528734445,6.277373195119207,1.1493393523642759,5.243401136646053,0.9416613156943754,5.573788616950193,86,95.5,95.7,86.3,3,145,2019-12,93.66852,93.66867,94.08438,96.78312,97.49111,-0.8611187772755713,3.09058561489417,2019-12,330.71,330.53,-0.8760762308139824,105.43,0.31349477059530173,1.317567274921494,79.1,92.2,3.2115798027063214,2.526218908497313,NA,NA,NA,NA,NA,NA,NA,NA
Hungary,2020-01-01,116.97,118.27,118.08,108.84,111.92,0.8614554350649506,4.6077620568890865,2.108069425299064,6.6266952546150115,2.0501273254054375,7.558547628712287,0.6968669316092857,5.313138258005701,0.009188220707478933,4.519959483224145,86.7,99.2,100.3,89.1,3.2,150,2020-01,92.63959,92.63974,92.99795,95.65349,96.20861,1.3242339653337432,5.183543774306987,2020-01,334.38,337.05,1.1036212391729805,104.37,-1.0104947756897964,1.3504594163300965,76.1,93.9,-3.8664609905968206,1.8270255651668954,NA,NA,NA,NA,NA,NA,NA,NA
Hungary,2020-02-01,118.91,120.59,119.11,109.21,112.22,0.26768999655999437,4.324949146976387,1.6449412786871953,6.721639492416465,1.9426215852475615,7.926903462231749,0.8685075040647305,4.6835900023833865,0.3393720294591951,3.446689905563627,86.5,100.8,101.9,88.6,3.2,153,2020-02,91.87509,91.87522,92.24282,94.71834,95.32794,0.9195907581349694,6.495604500062591,2020-02,337.17,337.57,0.8309183388785613,104.56,0.1818791484005544,1.212369319037343,66.3,90.5,-13.78583676758236,-3.6880535508336365,NA,NA,NA,NA,NA,NA,NA,NA
Hungary,2020-03-01,120.15,122.03,119.66,109.24,112.48,0.23141977395289004,3.851683575530007,1.0374057732990494,7.346155351435701,1.1870554028247327,8.505401411499669,0.4606952069075909,4.942131767562596,0.027466239586715346,1.5033716393203278,86.9,87.1,87.2,87.3,3.3,159,2020-03,89.63573,89.63572,90.49283,93.58969,94.82037,0.5338687528121611,7.524531900151388,2020-03,345.68,360.02,2.4926237425392905,105.13,0.5436610271773112,0.744704606452995,42.6,88,-44.23356439164916,-2.8013036227673815,NA,NA,NA,NA,NA,NA,NA,NA
Hungary,2020-04-01,122.05,124.02,119.72,111.96,111.95,-0.4723085017590556,2.487127973395964,1.5689834656490653,8.477188436617933,1.6175926777982852,9.48265038577727,0.050129502261242465,3.9441252004098537,2.4594368041748638,2.6702043506985795,87.2,61.5,60,87.4,4.2,197,2020-04,86.8743,86.87427,87.9144,90.82972,91.95164,3.0721472925121063,8.919081744974555,2020-04,356.69,352.72,3.135356558508029,105.43,0.28495460011193074,0.31349477059530173,31.6,85.6,-29.869713268245857,-2.7651531330510792,NA,NA,NA,NA,NA,NA,NA,NA
Hungary,2020-05-01,122.93,125.12,119.76,114.95,112.45,0.4456335360560004,2.202831261290772,0.7184290840280383,8.290071559970258,0.8830433875269605,9.41280143871639,0.03340571268752868,4.221115200565251,2.635558656193737,6.227343577880706,85.9,72.9,72.1,88.9,4.7,222,2020-05,88.33857,88.33856,89.32163,92.3382,93.45391,-1.6205586911136827,6.419768009864857,2020-05,350.76,348.73,-1.6764828297603174,105.33,-0.09489467404080187,0.0854822676358502,39.2,85.4,21.551962620355035,-0.23391823531717648,NA,NA,NA,NA,NA,NA,NA,NA
Hungary,2020-06-01,121.91,123.97,120.03,116.02,112.92,0.41709249799639636,2.8474551430007544,-0.8332020102194804,7.6514909841475465,-0.9233675946945574,8.7092044920138,0.22519714258804058,4.063802966049579,0.926533882872782,7.925292597121381,86.5,85.2,85.2,87.8,4.9,233,2020-06,89.1186,89.1186,89.92155,93.28159,94.46764,-1.0788968410673228,6.108940998779122,2020-06,347.69,356.58,-0.8790950736583092,105.69,0.34120021728050176,0.2652772754157873,48.5,88.3,21.28870511470207,3.33940068153904,NA,NA,NA,NA,NA,NA,NA,NA
Hungary,2020-07-01,121.88,123.71,120.95,118.57,114.25,1.1709426389026056,3.809049869464598,-0.02461134595463932,7.556064374544835,-0.20994839753152306,8.402497499608685,0.7635525518782771,4.792654381117423,2.174091343206097,9.059834946303447,87.1,90.2,90.5,88.7,4.5,216,2020-07,88.22872,88.22876,88.97804,92.52957,93.92828,0.5725829663203896,5.559583096165355,2020-07,351.16,344.95,0.993068188343571,105.32,-0.3506946393146748,0.3900494884714334,51.6,89.2,6.195787454407986,1.014093197604904,NA,NA,NA,NA,NA,NA,NA,NA
Hungary,2020-08-01,121.27,123.05,121.76,118.4,114.24,-0.00875311830403902,3.8821633132441136,-0.5017489448808199,7.631146243265707,-0.5349340037675177,8.458368088991097,0.6674657057339495,5.010097691708992,-0.1434781020074105,9.657787488218794,87.8,97.9,98.9,88.6,4.4,211,2020-08,88.78969,88.78975,89.43108,93.42932,95.16944,-1.3127369529535748,4.171297605528501,2020-08,348.93,354.54,-0.6370631038950414,104.88,-0.41864951726644506,-0.17147760703712933,54.3,91.2,5.100255445237245,2.2173857494322213,NA,NA,NA,NA,NA,NA,NA,NA
Hungary,2020-09-01,120.5,122.12,122.32,118.87,113.7,-0.4738097834783517,3.390155167568132,-0.6369711737990613,7.011976582642276,-0.7586608970387765,7.87674538991423,0.45886675074306993,5.538066976082057,0.39617365426281026,9.515876534058965,90.2,98.6,99.8,87.7,4.3,206,2020-09,85.92084,85.92087,86.73617,90.65507,92.29333,3.0687007317482973,5.246877707317399,2020-09,360.61,365.53,3.2925712924160244,104.96,0.07624857403341068,-0.3139122672889627,51.2,95.2,-5.87846948944275,4.2925044717033956,NA,NA,NA,NA,NA,NA,NA,NA
Hungary,2020-10-01,120.4,121.97,122.55,118.77,113.91,0.18452621553306514,2.9669422002034374,-0.08302200559890949,6.166336710563769,-0.12290550115308108,6.854204256888696,0.18785483533152458,5.760490993332468,-0.08416092063843195,9.79321204453596,90.8,100.9,101.9,91.9,4.3,203,2020-10,85.471190000000007,85.47118,86.42127,90.38852,91.985,0.33463542645026934,5.842109527097783,2020-10,362.53,367.45,0.5310187547896028,105.15,0.1808576952930352,-0.2754168605488161,51.6,98.8,0.7782140442055052,3.711766295650243,NA,NA,NA,NA,NA,NA,NA,NA
Hungary,2020-11-01,120.45,122.03,122.91,118.89,113.72,-0.1669376129021849,2.7276849312835694,0.04151961861600384,5.784724527203533,0.049180328860209954,6.229568866351176,0.29332702527673504,5.855208221446251,0.10098460843046553,9.782827731942678,90.8,99.3,100.4,93.7,4.3,203,2020-11,86.10692,86.10692,86.88113,90.8392,92.35598,-0.4024937925650285,4.549954838336756,2020-11,359.84,359.59,-0.7447741280108389,104.8,-0.3334130261767321,-0.28585059959640446,55.3,104,6.925123604077177,5.129329438755015,NA,NA,NA,NA,NA,NA,NA,NA
Hungary,2020-12-01,119.59,121.24,122.77,119.37,114.08,0.3160669883186529,2.7730180659409243,-0.7165503080163838,4.323242857109122,-0.6494863954146446,4.530317918063087,-0.11396940341406037,4.591899465667915,0.4029217236493743,9.244088139897677,91.7,97.6,98.7,88.3,4.3,206,2020-12,86.30126,86.30128,87.02722,91.21121,92.77104,-0.44840639195884435,4.962667223653483,2020-12,359.02,363.89,-0.22813909680809985,105.15,0.3334130261767321,-0.2659323440149741,63.7,107.3,14.141165404982825,3.1237750495280103,NA,NA,NA,NA,NA,NA,NA,NA
Hungary,2021-01-01,120.9,122.55,123.46,119.53,115.12,0.9075105913126436,2.8190732221886172,1.089453164003018,3.304626595813076,1.0747057784519676,3.554896371109617,0.5604530773001493,4.455485611358778,0.13394727829423303,9.368847197484431,92.3,98.2,99.1,93.4,4.3,206,2021-01,86.26244,86.26243,87.00901,91.00897,92.56219,0.2253779189029359,3.8638111772226758,2021-01,359.19,358.39,0.04733991539378479,105.32,0.1615432479399992,0.9061056796148215,69.9,115,9.288108666164696,6.930347872659759,NA,NA,NA,NA,NA,NA,NA,NA
Hungary,2021-02-01,122.25,123.91,124.62,120.74,115.94,0.7097753332474532,3.261158558876076,1.110437073423487,2.7701223905493677,1.103638565427989,2.7159133512900446,0.9351890150325559,4.522167122326604,1.0072087478390834,10.03668391586432,93.3,100.1,100.9,95.3,4.2,202,2021-02,86.51492,86.51491,87.18723,90.99474,92.52309,0.04225079442479185,2.9864712135124982,2021-02,358.15,361.43,-0.2899603336402379,105.54,0.20866933494128048,0.9328958661555475,80.4,116.6,13.994852694515636,1.3817145553141508,NA,NA,NA,NA,NA,NA,NA,NA
Hungary,2021-03-01,122.69,124.36,124.88,121.06,116.83,0.7647070817470514,3.7944458666702374,0.35927204481103203,2.0919886620613504,0.3625089562151018,1.8913669046804138,0.20841690911010957,4.269888824529122,0.2646817095261156,10.27389938580372,95.1,100.9,101.3,94.5,4.2,199,2021-03,84.75037,84.75035,85.58391,89.32752,90.71558,1.972911753757689,4.425514214458026,2021-03,365.61,363.27,2.061529844306076,106.53,0.9336607645584749,1.3228956035367112,80.8,115.3,0.4962789342129348,-1.1211846641378642,NA,NA,NA,NA,NA,NA,NA,NA
Hungary,2021-04-01,124.11,125.97,125.65,122.29,117.75,0.7843846167469692,5.051138985176262,1.1507420338338292,1.6737472302461143,1.2863198173659107,1.5600940442480393,0.6146987782424951,4.834458100510375,1.0108982737737193,8.825360855402575,95.7,98.2,98.2,97.4,4.2,198,2021-04,85.93058,85.93057,86.72821,90.73637,92.2383,-1.664632815670064,-0.31126589372414415,2021-04,360.58,359.86,-1.3853345389466476,107.14,0.5709754829707592,1.6089164863955396,80.8,119.8,0,3.8286258406335705,NA,NA,NA,NA,NA,NA,NA,NA
Hungary,2021-05-01,125.04,127.08,125.69,124.17,118.4,0.5504989553378081,5.15600440445807,0.746541697179115,1.701859843397191,0.8773026037103726,1.5543532604314514,0.03182939471448876,4.832881782537335,1.5256321227472114,7.7154343219560495,95.5,101.2,101.1,101.8,4.1,196,2021-05,87.60815,87.60819,88.33224,92.59771,94.07443,-1.9710831856831312,-0.6617903882935927,2021-05,353.65,347.61,-1.9406122632055656,107.42,0.26099940244996844,1.96481056288631,86.3,127.6,6.585263256233187,6.307668522934051,NA,NA,NA,NA,NA,NA,NA,NA
Hungary,2021-06-01,124.78,126.95,126.19,123.61,118.93,0.4466362289249126,5.185548135386586,-0.2081499430580891,2.3269119105585823,-0.10235012506276675,2.375370730063242,0.3970149728072414,5.004699612756536,-0.4520146529019442,6.336885786181323,96.5,100.8,100.7,101.2,4,195,2021-06,88.53266,88.53274,89.21203,93.50797,94.83094,-0.8009449855800099,-0.3838385328062799,2021-06,349.94,351.68,-1.0546012265524318,107.7,0.26031996850290895,1.8839303141087171,93.9,123.4,8.44007881248352,-3.346925943940171,NA,NA,NA,NA,NA,NA,NA,NA
Hungary,2021-07-01,124.69,126.78,126.05,124.27,119.59,0.5534141241562374,4.568019620640218,-0.07215296741458488,2.2793702890986367,-0.13400072946678776,2.4513183981279774,-0.11100540308897067,4.130141657789288,0.5325169918172001,4.695311434792426,99.9,99.6,99.7,93.4,4,193,2021-07,86.71959,86.71966,87.49455,91.49885,92.7512,2.2175087912223113,1.2610872920956417,2021-07,357.26,357.2,2.070209680426416,107.6,-0.09289364346587448,2.1417313099575175,98.3,122.3,4.579364093890348,-0.8954068778161073,NA,NA,NA,NA,NA,NA,NA,NA
Hungary,2021-08-01,124.82,126.95,127.42,124.6,119.86,0.22551690493228804,4.802289643876545,0.10420424974020293,2.8853234837196595,0.13400072946678776,3.1202531313622828,1.0810063054412566,4.543682257496595,0.26519885354492345,5.10398839034476,100.3,97.6,97.5,98.8,4,191,2021-08,88.05274,88.05282,88.82514,92.79504,94.04521,-1.3854984684611438,1.1883257765880728,2021-08,351.84,348.8,-1.528728121428724,107.98,0.35253770624565917,2.9129185334696217,96.3,122.9,-2.0555708349040636,0.4893973878862923,NA,NA,NA,NA,NA,NA,NA,NA
Hungary,2021-09-01,125.01,127.04,128.12,124.92,120.01,0.1250677613310991,5.401167188685996,0.15210345965748218,3.674398117176203,0.07086893481380585,3.949782963214865,0.5478608052615463,4.632676312015072,0.2564926061524808,4.964307342234431,102.7,96,95.8,100.1,3.9,187,2021-09,87.88465,87.88473,88.65412,92.66538,93.86952,0.18698912128023437,-1.69338583387999,2021-09,352.51,360.19,0.19024638378120073,108.49,0.4711978044218412,3.3078677638580523,107.2,120.3,10.722792983262153,-2.1382393591355964,NA,NA,NA,NA,NA,NA,NA,NA
Hungary,2021-10-01,125.93,127.87,131.31,125,121.38,1.1351047764359024,6.351745749588833,0.7332462915283777,4.49066641430349,0.6512125324251272,4.723900996793073,2.459361512995617,6.904182989679164,0.06402048874241117,5.112488751615274,107.4,97.6,97.2,104.2,3.9,188,2021-10,85.86457,85.86462,86.632320000000007,90.51617,91.47883,2.579815348906145,0.5517940885758854,2021-10,360.82,360,2.3300228380393584,109.41,0.8444290654339603,3.9714391339989774,123.4,121.9,14.073486283458614,1.3212413506592746,NA,NA,NA,NA,NA,NA,NA,NA
Hungary,2021-11-01,126.97,129.09,135.31,125.23,122.2,0.6732926329785727,7.1919759954695905,0.822464106394527,5.271610902082013,0.9495712695541059,5.624291937486969,3.000750240463912,9.61160620486634,0.18383092736398154,5.19533507054879,110.2,102.1,101.8,104,3.8,186,2021-11,84.99828,84.99833,85.7994,89.81756,90.62305,0.9398983690027229,1.8941862501436368,2021-11,364.5,365.68,1.0147332424056188,109.9,0.4468567920877575,4.751708952263467,115,122.9,-7.049898310803737,0.8169980084763218,NA,NA,NA,NA,NA,NA,NA,NA
Hungary,2021-12-01,128.83,131.32,137.44,125.29,122.51,0.2533612568583976,7.129270264009335,1.4542867721733188,7.442447982271716,1.7127257114773364,7.98650404437895,1.5619015960393057,11.287477204319707,0.0479003681520318,4.8403137150514475,111.9,101.5,100.4,113.6,3.9,188,2021-12,84.30555,84.3056,85.09168,89.50123,90.18092,0.4890720942475113,2.8316647363499925,2021-12,367.5,369.19,0.8196767204178279,110.37,0.42674963752169504,4.84504556360843,112.4,122.9,-2.286819090365899,0,NA,NA,NA,NA,NA,NA,NA,NA
Hungary,2022-01-01,133.09,135.93,141.33,131.12,124.26,1.4183485329469114,7.640108205643603,3.2531885295030705,9.606183347771768,3.4502954713764744,10.362093737303457,2.7910123144113896,13.518036441430947,4.548188417811261,9.254554854568475,112.6,104.7,104.5,102.3,3.6,175,2022-01,86.37927,86.37932,87.02202,91.47271,92.31016,-2.33363365310737,0.2726531643396868,2022-01,358.68,357.19,-2.429269256904387,110.7,0.2985481929798084,4.982050508648239,121.3,128.7,7.620287849041318,4.611309803009167,NA,NA,NA,NA,NA,NA,NA,NA
Hungary,2022-02-01,136.18,138.88,147.07,135.87,125.64,1.1044530034897804,8.03478587588593,2.2951948956356105,10.790941169983892,2.147020356488394,11.405475528363862,3.98110825321627,16.56395567961466,3.5585611800658334,11.805907286795225,114,105.6,105.9,105.1,3.6,172,2022-02,86.79504,86.79506,87.46853,92.00921,92.90616,-0.6435740188877048,-0.4131716489728099,2022-02,356.97,369.72,-0.4778881448675776,111.74,0.9350904316411501,5.708471605348109,133.3,136.6,9.433541123465883,5.957283253460854,NA,NA,NA,NA,NA,NA,NA,NA
Hungary,2022-03-01,139.07,142.06,149.54,137.84,126.9,0.997870004989565,8.267948799128444,2.0999863435698707,12.53165546874273,2.2639252657623565,13.306891837911117,1.665525165954751,18.021063936459303,1.4395045983441435,12.980730175613253,119.5,104.8,104.8,107,3.5,171,2022-03,82.26942,82.26938,83.19664,87.28755,88.76082,4.564461506204243,2.1783781034737437,2022-03,376.64,369.77,5.363807943674015,114.46,2.4050672949953444,7.179878135784978,166.7,152,22.359356257208507,10.682357370958684,NA,NA,NA,NA,NA,NA,NA,NA
Hungary,2022-04-01,144.1,147.67,152.28,139.92,129.03,1.6645560743413057,9.14812025672278,3.553009951495678,14.93392338640458,3.8730550916018736,15.89362711214708,1.8157015942526833,19.22206675246949,1.4977238490672562,13.46755575090679,123,105.1,104.9,102.6,3.5,171,2022-04,82.6563,82.65628,83.35598,87.37798,87.80142,1.0867662786377075,4.929777197781515,2022-04,374.87,378.71,-0.47105248709469194,115.11,0.5662775946014165,7.175180247415636,153.2,152.9,-8.445153245025772,0.5903592088739806,NA,NA,NA,NA,NA,NA,NA,NA
Hungary,2022-05-01,149.28,153.31,159.25,146.92,131.24,1.6982772629146048,10.295898564299577,3.5316234093557775,17.719005098581242,3.7481960836680095,18.764520592104716,4.475436293797586,23.665673651552588,4.881739024111997,16.823662652271576,126.2,104.8,104.7,102.6,3.5,171,2022-05,80.59053,80.59055,81.35141,85.34411,85.1789,3.0323923048870327,9.93325268835168,2022-05,384.45,396.2,2.5234442277224822,116.07,0.8305264453561279,7.744707290321795,163.6,153.1,6.56801668621565,0.13071897286218714,NA,NA,NA,NA,NA,NA,NA,NA
Hungary,2022-06-01,153.54,157.66,164.43,155.37,133.9,2.006554460422638,11.855816795797303,2.813738230071827,20.74089327171116,2.7978800309399254,21.66475074810741,3.200965327386207,26.469624006131554,5.592114815244287,22.867792120417807,130.2,105.5,104.7,107.5,3.5,171,2022-06,78.10798,78.10802,78.85814,82.97864,82.38286,3.337634501247777,14.071832175179466,2022-06,396.66,397.04,3.126574909535229,117.01,0.8065943850334989,8.290981706852385,173.5,145.4,5.875317521826684,-5.16027375642194,NA,NA,NA,NA,NA,NA,NA,NA
Hungary,2022-07-01,160.53,164.38,182.55,162.61,137.14,2.3909049159090756,13.69330758755014,4.451972159157069,25.265018398282812,4.174000508859166,25.972751986433362,10.453916037551103,37.03454544677163,4.554532673372158,26.889807801972765,137.7,105.3,106,105,3.6,175,2022-07,76.66985,76.66989,77.4961,81.19251,80.45789,2.364346360267433,14.218669744224588,2022-07,404.1,404.8,1.858288151088594,117.14,0.11103994307699594,8.494915293395255,171.8,132.7,-0.9846589836758568,-9.13976237612566,NA,NA,NA,NA,NA,NA,NA,NA
Hungary,2022-08-01,166.13,170.09,191.14,170.56,142.19,3.6161889552064785,17.08397963782433,3.428977340706485,28.589791489249095,3.414688800564658,29.253440057531233,4.598203573638759,40.55174271496913,4.773244513984842,31.397853462412684,143.3,105.7,106.1,98.7,3.7,178,2022-08,77.05037,77.05043,77.78916,81.41515,80.8037,-0.4288814590838186,15.175286753601913,2022-08,402.1,402.8,-0.4961558181199699,117.85,0.6042828720503657,8.746660459199962,172.8,131.5,0.5803846819800285,-0.9084089720342803,NA,NA,NA,NA,NA,NA,NA,NA
Hungary,2022-09-01,171.96,176.57,198.93,179.18,144.82,1.8327400552392348,18.791651931732467,3.4491277229693473,31.88681575256096,3.7389689588706254,32.92154008158805,3.9946860210853252,43.99856793079291,4.930374619195277,36.07173547545548,146,107.2,107.4,107.3,3.8,184,2022-09,76.65369,76.65373,77.46738,81.12179,80.44476,0.4452018864094853,15.433499518731164,2022-09,404.19,422.18,0.5184250532638046,119.26,1.1893354312819682,9.464798086060089,158.2,131.2,-8.827480103640184,-0.2283975107831182,NA,NA,NA,NA,NA,NA,NA,NA
Hungary,2022-10-01,180.05,185.58,210.73,188.88,147.91,2.1112388722603903,19.767786027556955,4.597269846680341,35.75083930771292,4.976865761032645,37.24719331019557,5.762468916023522,47.30167533382081,5.272100560782533,41.2798155474956,151.1,103.5,103.7,99.5,3.9,187,2022-10,74.06734,74.06736,74.94301,78.532,77.99772,3.089114220060374,15.942798389885393,2022-10,418.31,409.65,3.433772001388924,121.03,1.4732465055552701,10.093615526181399,146.2,132.2,-7.888450801787528,0.7593050907598098,NA,NA,NA,NA,NA,NA,NA,NA
Hungary,2022-11-01,186.84,192.5,223.07,198.24,150.48,1.7226204309495508,20.817113825527933,3.7018045539022992,38.630179755220695,3.661009780280633,39.95863182092209,5.690793033956876,49.991718127313774,4.836652510357453,45.93263713048907,149.7,103.3,103.9,83.1,3.9,190,2022-11,76.18684,76.18685,76.9469,80.91748,80.62041,-3.307224776965789,11.695675243916881,2022-11,406.68,408.4,-2.8196149042795327,120.95,-0.06612116944761937,9.580637564646022,139.4,131.7,-4.762804898925488,-0.37893186683506386,NA,NA,NA,NA,NA,NA,NA,NA
Hungary,2022-12-01,190.52,196.37,227.9,201.16,153.14,1.752235069220287,22.315987637889823,1.9504540298751927,39.126347012922565,1.990448103429987,40.236354212874744,2.1421312702948114,50.57194780156928,1.4622193422932028,47.346956104630245,149.5,110.6,110.3,105.3,3.9,191,2022-12,76.0006,76.0006,76.75754,81.01632,81.08725,-0.5773892182373785,10.629213931431991,2022-12,407.68,400.87,0.24559175367837582,120.52,-0.3561522793935623,8.797735647730764,130.9,129.5,-6.291382541056922,-1.6845727609642758,NA,NA,NA,NA,NA,NA,NA,NA
Hungary,2023-01-01,195.53,201.44,232.94,203.22,156.81,2.368234570796268,23.26587367573918,2.5956644405524365,38.468822923971935,2.549093553389792,39.33515229488806,2.187397342286701,49.96833282944459,1.018852475397125,43.81762016221611,149.2,100.9,102.5,71.5,3.9,192,2023-01,78.23386,78.23389,79.0203,83.59561,83.76266,-3.2461588014961684,9.7166887830431925,2023-01,396.03,390.91,-2.8992586982965918,120.27,-0.20764989395756217,8.291537560793394,119.3,130,-9.279234381198442,0.3853569315989347,NA,NA,NA,NA,NA,NA,NA,NA
Hungary,2023-02-01,198.67,204.12,234.82,203.75,158.08,0.8066352606618032,22.968055932911202,1.5931336441788346,37.76676167251516,1.3216485899733676,38.50978052837304,0.8038353527560105,46.79105992898434,0.26046160632366977,40.519520588473945,146,100.1,101.1,75.4,3.9,191,2023-02,80.49366,80.49368,81.29546,85.99971,86.32349,-3.011442762703087,7.34882003922781,2023-02,384.91,377.68,-2.8480425234344686,121.24,0.8032836867077009,8.159730815859945,110.5,131,-7.662580814606201,0.7662872745568983,NA,NA,NA,NA,NA,NA,NA,NA
Hungary,2023-03-01,201.39,206.07,234.03,203.92,159.42,0.8440995000219331,22.81428542794357,1.3598169838798135,37.0265923128251,0.9507860698128923,37.196641332423575,-0.3369950933733712,44.78853966965622,0.08340079468878159,39.16341678481858,144.2,100.4,101.7,75.9,3.9,192,2023-03,80.47295,80.47297,81.24263,86.03026,86.50989,-0.21569915750134783,2.56865937552222,2023-03,385.01,379.5,0.025976725000553813,122.34,0.9032001624817099,6.65786368334631,103.5,127.6,-6.544390825238455,-2.6296952290461917,NA,NA,NA,NA,NA,NA,NA,NA
Hungary,2023-04-01,200.43,204.62,232.73,200.94,160.57,0.7187755561815834,21.868504909783848,-0.47782680132746336,32.99575556000196,-0.7061316443105703,32.61745459651113,-0.5570328911757905,42.415805184227736,-1.4721404033691599,36.19355253238217,141.2,99.3,100.3,77.5,4,193,2023-04,82.54771,82.54773,83.27203,88.53174,89.37558,-3.258874784143284,-1.7769816872587718,2023-04,375.34,373.78,-2.5437026113312555,123.12,0.635543571620456,6.72712966036535,109.3,130.9,5.45247824770696,2.5533302005165126,NA,NA,NA,NA,NA,NA,NA,NA
Hungary,2023-05-01,200.18,204.3,231.26,197.64,159.99,-0.3618671280972485,19.808360518771995,-0.12480968146224569,29.339322469183937,-0.15650986272177647,28.712748650121345,-0.6336364655758153,37.30673242485434,-1.6559162056618781,29.65589730260829,139,100.5,102.5,70.2,4,195,2023-05,83.20504,83.20506,83.87322,89.11363,89.88739,-0.5710174172347315,-5.380391409380536,2023-05,372.37,370.85,-0.7944298244432879,123.15,0.024363503592361724,5.9209667186015835,96.9,126.9,-12.041687628577247,-3.1034298195512733,NA,NA,NA,NA,NA,NA,NA,NA
Hungary,2023-06-01,198.7,202.48,230.7,197.02,160.55,0.3494107254902623,18.15121678383962,-0.742081223310187,25.783503015801923,-0.894838558670763,25.020030060510656,-0.24244535211082052,33.86332174535731,-0.31419475500165106,23.749587732362354,137.2,99.8,101.9,71.2,4,196,2023-06,83.60212,83.60215,84.26991,89.93772,90.8734,-1.0909664420258203,-9.808992352654133,2023-06,370.6,371.93,-0.4764669767434171,123.47,0.25950870131046244,5.373881034878547,95.2,122.6,-1.769957709940062,-3.4472351218230557,NA,NA,NA,NA,NA,NA,NA,NA
Hungary,2023-07-01,195.93,198.98,225.74,197.78,161.12,0.3544008434729129,16.114712711403456,-1.4038696975095633,19.92766115913529,-1.743679907565454,19.102349644086036,-2.1734270652227217,21.235978642583486,0.3850055414312159,19.58006060042141,138.4,102.4,103.7,79.3,4,198,2023-07,81.7421,81.74212,82.38506,88.38959,89.64581,1.3600867449057752,-10.813251968015791,2023-07,379.04,386.93,2.251842655921621,123.36,-0.08913017646330346,5.173710915338248,100.9,123.9,5.81499855622436,1.0547765132985276,NA,NA,NA,NA,NA,NA,NA,NA
Hungary,2023-08-01,195.97,199.21,222.82,196.11,162.37,0.7728252628770527,13.27134901907403,0.02041337082872019,16.519097189257526,0.11552275324788752,15.803183596769266,-1.3019623896309618,15.335812679313765,-0.847957554909673,13.958858531526896,139.4,100.5,101.6,80,4.1,202,2023-08,80.46595,80.46598,81.17165,87.04119,88.36229,1.4421166726676482,-8.942253836264324,2023-08,385.05,380.13,1.5731455574783837,124.03,0.5416562012219295,5.1110842445098115,108.7,121.7,7.446186676760025,-1.7915788641614583,NA,NA,NA,NA,NA,NA,NA,NA
Hungary,2023-09-01,194.82,197.28,221.03,195.68,162.49,0.07387798156619496,11.51248694540099,-0.5885530948153139,12.481416371472864,-0.9735505277658874,11.090664110132753,-0.8065831719820338,10.534543486246406,-0.21950543538862277,8.808978476942997,141.8,101.7,103.4,79.4,4.2,204,2023-09,80.17807,80.1781,81.07418,86.72856,87.93014,0.490265935523837,-8.897189787149973,2023-09,386.43,389.5,0.3577543090846902,124.43,0.3219836960301592,4.2437325092580025,117.7,124.5,7.954722013906768,2.274671591128019,NA,NA,NA,NA,NA,NA,NA,NA
Hungary,2023-10-01,194.39,196.83,220.8,194.58,162.1,-0.24030326730546392,9.160944805835136,-0.22096049687885255,7.663186027913671,-0.22836273911384097,5.885435609986267,-0.10411245084105403,4.66796211938183,-0.5637282391580456,2.973149677002418,140.9,99.9,101.3,77.4,4.2,209,2023-10,80.40619,80.40621,81.22213,86.94719,88.07749,-0.1674359622073851,-12.153739969417732,2023-10,385.33,382.13,-0.2850629068340105,124.54,0.08836406567658273,2.858850069379315,115.7,122.6,-1.7138380066600511,-1.5378692402650884,NA,NA,NA,NA,NA,NA,NA,NA
Hungary,2023-11-01,195.58,198.06,222.84,195.8,162.07,-0.018508807160255714,7.41981556772533,0.6103052510107787,4.5716867250221505,0.6229603068261369,2.847386136531771,0.9196710749675319,-0.10315983960751396,0.6250340549128097,-1.2384687784422255,139.7,98,99.2,77.9,4.3,210,2023-11,81.70776,81.70778,82.39798,88.5856,89.60254,-1.7166672606056643,-10.563182453057607,2023-11,379.19,380.75,-1.6062711282645026,123.85,-0.5555793508936979,2.3693918879332365,106.2,123.7,-8.56765253917926,0.8932255896331398,NA,NA,NA,NA,NA,NA,NA,NA
Hungary,2023-12-01,194.99,197.37,221.87,195.73,161.55,-0.321364839952043,5.346215658553,-0.30212276866334875,2.319109926483609,-0.34898753271406235,0.5079505003877216,-0.4362400388123966,-2.681531148714722,-0.03575715819774672,-2.736445278933175,138.6,101.5,103,78.8,4.4,215,2023-12,81.1495,81.14953,81.71089,87.80782,88.88649,0.802350532582885,-9.183442702237343,2023-12,381.8,382.8,0.6859512566526504,124.05,0.16135542024411365,2.8868995875709125,99.6,120,-6.416194421728605,-3.0367536616396684,NA,NA,NA,NA,NA,NA,NA,NA
Hungary,2024-01-01,197.52,199.94,220.4,195.62,162.62,0.6601498509184012,3.6381309386751326,1.289156983942874,1.0126024698740466,1.2937181773017947,-0.7474248757002755,-0.6647547485731486,-5.533683239574572,-0.056215665208547705,-3.811513419538848,139,97.7,97.7,83.2,4.3,213,2024-01,81.09881,81.09883,81.74513,87.90151,88.94301,-0.06356650826004895,-6.000850409001224,2024-01,382.04,384.9,0.06284038748898269,123.6,-0.3634165114219101,2.7311329701065645,101.2,118.4,1.5936592262812965,-1.3423020332140823,NA,NA,NA,NA,NA,NA,NA,NA
Hungary,2024-02-01,197.55,199.77,220.59,195.38,163.78,0.7107873062350833,3.5422829842484127,0.015187182047604608,-0.5653439922571835,-0.08506167483934846,-2.1541351405129916,0.08616975974806707,-6.251348832582515,-0.12276216375504134,-4.194737189617559,139.6,101.2,102,77.1,4.3,211,2024-02,79.84541,79.84543,80.50697,86.55945,87.57357,1.551658746088247,-1.4377489002098898,2024-02,388.04,393.48,1.5583111926545712,124.37,0.6210448642058886,2.548894147604752,102.2,116.9,0.9832920916238663,-1.2749853971881997,NA,NA,NA,NA,NA,NA,NA,NA
Hungary,2024-03-01,197.15,199.52,219.36,194.57,165.12,0.814841845115577,3.5130253293420566,-0.20268565337637767,-2.1278466295133747,-0.12522228589144646,-3.2301434962173303,-0.5591559062236406,-6.4735096454327845,-0.4154384741512196,-4.69357645845756,139.7,98.1,98.7,76.8,4.3,211,2024-03,78.42104,78.42107,79.06481,85.22353,86.25115,1.5215850933342878,0.2995353506257459,2024-03,395.09,395.26,1.80051599558686,125.31,0.752967351154421,2.3986613362774634,104.2,117.6,1.9380451549662503,0.5970166986503322,NA,NA,NA,NA,NA,NA,NA,NA
Hungary,2024-04-01,197.22,199.62,218.64,194.17,166.34,0.7361404147343542,3.5303901878948274,0.03549965805467181,-1.6145201701312395,0.05010773267137836,-2.4739041192353817,-0.32876741941914034,-6.245244173676134,-0.20579314769220147,-3.4272292027806017,138.4,97,97.8,76,4.3,213,2024-04,78.95574,78.95577,79.64222,85.7821,86.79398,-0.6273875266522566,2.9310226081167734,2024-04,392.41,390.68,-0.6806375482663718,126.04,0.5808649711879887,2.343982735844996,109.6,116.6,5.052524519464896,-0.8539761548134628,NA,NA,NA,NA,NA,NA,NA,NA
Hungary,2024-05-01,197.32,199.64,219.72,194.57,166.3,-0.024050024165944706,3.868207291826131,0.050691946135472676,-1.4390185425335211,0.010018534296829529,-2.3073757222167757,0.49274668546068767,-5.118861022639631,0.20579314769220147,-1.5655198494265221,138.7,95.2,95.7,78.2,4.3,214,2024-05,80.022,80.02202,80.63322,86.95776,87.97876,-1.3558157286515993,2.1462242966999057,2024-05,387.18,388.83,-1.341751039048411,126.31,0.2139885896809801,2.5336078219336144,102.6,118.1,-6.599944177724648,1.2782449286924624,NA,NA,NA,NA,NA,NA,NA,NA
Hungary,2024-06-01,196.08,198.14,219.64,194.32,166.33,0.018038060356140306,3.536834626692009,-0.6304037145680397,-1.3273410337913738,-0.7541893056524529,-2.1667264691984656,-0.036416606374789495,-4.9128322769036,-0.12857107893671227,-1.3798961733615833,140.8,96.9,97.9,79.3,4.3,213,2024-06,78.48541,78.48543,79.07491,85.24568,86.17981,2.0659494211553664,5.303140159881092,2024-06,394.76,395.1,1.9388284128003086,126.58,0.21353165612758573,2.4876307767507377,103.8,115.1,1.1628037995119023,-2.573040747547939,NA,NA,NA,NA,NA,NA,NA,NA
Hungary,2024-07-01,197.44,199.44,223.06,194.53,167.72,0.8322155500118278,4.014649333230924,0.6912001497165754,0.7677288134347648,0.6539587670418179,0.23091220540880641,1.545095115571904,-1.1943100961089748,0.108010811580872,-1.6568909032119272,141.7,95,94.9,83.7,4.3,213,2024-07,78.87039,78.87041,79.52778,85.84552,86.83858,-0.7615065467437176,3.1815468682315995,2024-07,392.84,395.78,-0.48755810142333544,126.54,-0.031605562842074164,2.545155390371967,106,113.9,2.0973123380279013,-1.0480445274700045,NA,NA,NA,NA,NA,NA,NA,NA
Hungary,2024-08-01,197.14,199.31,224.07,194.31,167.84,0.07152223454252038,3.313346304896392,-0.15206044797304585,0.5952549946329988,-0.06520376406555783,0.05018568809536106,0.451770947069452,0.559423240591439,-0.11315709467902835,-0.9220904429812826,143.5,96.3,96.7,84.6,4.4,216,2024-08,78.49884,78.49886,79.13868,85.58735,86.65359,0.21325466170312168,1.952684857267073,2024-08,394.7,392.53,0.47235783792283215,126.72,0.14214643473771105,2.1456456238877486,102.6,111.2,-3.2601161375398036,-2.3990488636655094,NA,NA,NA,NA,NA,NA,NA,NA
Hungary,2024-09-01,199.4,201.48,224.22,194.28,167.42,-0.25055194160765737,2.9889163817225395,1.1398721290444946,2.3236802184928074,1.0828719302803158,2.106608146141564,0.0669209688362038,1.4329273814096766,-0.01544043853911603,-0.7180254461317759,142.9,94.5,94.9,78,4.5,221,2024-09,78.46547,78.46549,79.06067,85.5449,86.66847,-0.017170347544404052,1.445248574198832,2024-09,394.86,396.88,0.040528902728098615,126.6,-0.09474183560396199,1.7289200922536274,95.4,114.7,-7.275935428242786,3.098964231884338,NA,NA,NA,NA,NA,NA,NA,NA
Hungary,2024-10-01,201.17,203.41,223.67,193.99,167.54,0.07165034937530734,3.3008699984033107,0.8837464212742674,3.4283871366459273,0.9533525736945769,3.288323458949982,-0.24559614032684252,1.291443691923888,-0.14938061345297626,-0.30367782042670655,144.4,96.5,97.3,80.1,4.5,222,2024-10,77.0914,77.09143,77.75375,83.97709,85.07309,1.8579380467026674,3.4706225831088844,2024-10,401.9,408.28,1.7672029759072672,127.03,0.33907693252928084,1.9796329591063255,97.7,116.3,2.382298059449628,1.3853035389293389,NA,NA,NA,NA,NA,NA,NA,NA
Hungary,2024-11-01,203.33,205.1,223.17,195.44,168.42,0.5238730876182984,3.843251893181865,1.067995318176962,3.8860772038121105,0.8274018463939825,3.4927649985178277,-0.22379384508193212,0.1479787718744241,0.7446815606470203,-0.18403031469249598,150.5,96.9,97.3,83.1,4.5,223,2024-11,75.70685,75.70687,76.39916,82.3006,83.40134,1.9846392974312899,7.171929141145839,2024-11,409.25,411.75,1.812291479608863,126.62,-0.3232803919388516,2.211931918061172,96.5,116.2,-1.23585507037971,-0.08602151068073383,NA,NA,NA,NA,NA,NA,NA,NA
Hungary,2024-12-01,204.11,205.71,223.43,196.11,169.3,0.5211429537243184,4.685759686858226,0.3828789283701006,4.57107890084556,0.29697448860472875,4.138727019836619,0.11643530200355912,0.7006541126903798,0.3422299343263546,0.19395677783160536,151,93.4,92.9,97.3,4.4,215,2024-12,75.20434,75.20436,75.79492,81.54118,82.66442,0.8875096673704341,7.257088275933388,2024-12,411.99,411.35,0.667286095905606,127.07,0.35476406004626426,2.4053405578633225,96.5,115.1,0,-0.9511528689974291,NA,NA,NA,NA,NA,NA,NA,NA
Hungary,2025-01-01,208.47,210.24,225.87,196.92,171.85,1.4949714156752947,5.52058125161512,2.113608178839499,5.395530095742185,2.178232533186364,5.023241375721188,1.0861446638745775,2.451553525138106,0.4121828597251742,0.6623553027653273,151.6,94.3,94.9,75.8,4.3,210,2025-01,75.25193,75.25195,75.81572,81.58321,82.58256,0.09907594885687487,7.4197307330503115,2025-01,411.73,407.95,-0.06312824955916341,126.72,-0.2758187650327315,2.492938304252501,103.5,114.4,7.002860436048319,-0.6100236782139667,NA,NA,NA,NA,NA,NA,NA,NA
Hungary,2025-02-01,211,212.69,229.26,196.61,173.11,0.7305227292795813,5.540316674659618,1.2062987481720633,6.5866416618666435,1.1585971230207548,6.266900173581291,1.489711815672301,3.85509558106234,-0.157548377060035,0.6275690894603336,151,93.7,94,79,4.3,212,2025-02,76.85672,76.85675,77.29896,83.21665,84.08073,-1.7978888518791258,4.070183135082939,2025-02,403.13,399.5,-2.1108704140814005,127.26,0.425230973853008,2.2971244138996205,99.2,113.8,-4.243359841459604,-0.5258557253466911,NA,NA,NA,NA,NA,NA,NA,NA
Hungary,2025-03-01,209.87,211.22,229.81,197.6,173.12,0.0057765069477966335,4.731251336491837,-0.5369842066737185,6.252343108569303,-0.6935462208125465,5.698576238660191,0.23961498819504712,4.653866475481028,0.502271419436795,1.5452789830483482,149.9,92.6,93,82.4,4.2,207,2025-03,77.49557,77.4956,77.90207,84.42157,85.36212,-1.5125033935415644,1.0360946482070865,2025-03,399.81,402.35,-0.826965631414911,128.04,0.6110477297016637,2.155204792446863,95.1,110.9,-4.220904473948295,-2.581362733590886,NA,NA,NA,NA,NA,NA,NA,NA
Hungary,2025-04-01,205,205.06,230.22,199.62,173.32,0.11546012135923434,4.1105710431167175,-2.347831227092101,3.86901222342253,-2.9597625076383416,2.6887059983504713,0.1782492918101397,5.160883186710308,1.0170773944672362,2.768149525207786,149.3,93.9,94.5,80.8,4.3,212,2025-04,76.23109,76.23111,76.7377,83.65428,84.77467,0.6905647326750142,2.3540469075343573,2025-04,406.44,404.08,1.6446882357935344,128.77,0.5685152184030429,2.1428550396619173,87.9,110.3,-7.872916486021264,-0.5424968096864546,NA,NA,NA,NA,NA,NA,NA,NA
Hungary,2025-05-01,206.16,206.16,231.59,198.66,173.72,0.23052107949128597,4.365142146773948,0.5642587205700877,4.382578997857145,0.5349947102164521,3.213682174270094,0.5933193386813862,5.261455839931006,-0.48207384712304346,2.080282530392541,148.2,92.8,93.2,85.6,4.3,211,2025-05,76.70259,76.70262,77.23965,84.21092,85.20472,-0.5060036014739033,3.2038590347120532,2025-05,403.94,403.6,-0.6169964537438233,128.7,-0.054375268361184226,1.874491181619753,84,108.3,-4.53830058478184,-1.8298772252512308,NA,NA,NA,NA,NA,NA,NA,NA
Hungary,2025-06-01,205.77,206.09,234.43,195.97,174.03,0.178289047946123,4.525393134363931,-0.18935261647694546,4.823630095948239,-0.033959976069208864,3.933911503853338,1.2188468987696766,6.516719345075472,-1.363323449624687,0.8455301597045661,148,92.4,92.9,80.6,4.4,215,2025-06,77.05751,77.05753,77.5949,84.89238,85.93462,-0.8529943210222157,0.2849152925344711,2025-06,402.08,399.8,-0.46152782849606666,129.09,0.3025720916537189,1.963531617145886,92.2,106.7,9.314333171923472,-1.488399569923704,NA,NA,NA,NA,NA,NA,NA,NA
Hungary,2025-07-01,206.58,206.8,235.47,196.45,174.8,0.44147650753521006,4.134654091887313,0.39287063991473303,4.525300586146397,0.34391760508567515,3.623870341897195,0.4426480945405764,5.414272324044145,0.2446359713506041,0.9821553194742982,148,93.6,94.2,77.7,4.3,212,2025-07,77.61459,77.61461,78.16549,85.81157,86.93617,-1.1587396648073067,-0.11231782552911795,2025-07,399.19,400,-0.7213579771931933,129.12,0.023236900302059382,2.0183740802900196,91.7,107.8,-0.5437751300128468,1.0256500167189486,NA,NA,NA,NA,NA,NA,NA,NA
Hungary,2025-08-01,206.36,206.45,235.61,196.04,174.87,0.040037750413368656,4.103169607758161,-0.10655302020383672,4.570808013915606,-0.16938903021745944,3.5196850757452935,0.05943788915754311,5.021939266132236,-0.2089225963121777,0.8863898178411489,146.8,91.6,92,78,4.3,211,2025-08,78.15059,78.15061,78.68877,86.41526,87.54249,-0.6950104277916758,-1.0205829150239154,2025-08,396.45,396.9,-0.6887564304942195,129.31,0.14704177861215584,2.0232694241644644,88.1,106.8,-4.004984632028563,-0.9319731948802534,NA,NA,NA,NA,NA,NA,NA,NA
Hungary,2025-09-01,205.31,205.17,234.44,196.43,174.55,-0.1831607174523242,4.170560831913495,-0.5101184331775421,2.920817451693569,-0.6219348553985427,1.814878290066435,-0.4978204090178906,4.457197888278142,0.19874137048381257,1.1005716268640775,146.2,93.1,93.6,82.4,4.5,219,2025-09,79.11328,79.11331,79.61396,87.56285,88.79525,-1.4208882078395213,-2.4243007753190327,2025-09,391.63,390.26,-1.223241321188162,129.42,0.08503073213592671,2.203041991904353,87.6,107.2,-0.5691534999788139,0.3738322110606873,NA,NA,NA,NA,NA,NA,NA,NA
Hungary,2025-10-01,204.58,204.43,233.72,195.57,174.61,0.0343681982990951,4.133278680837282,-0.35619350158118124,1.6808775288381206,-0.3613285181197412,0.500197198252117,-0.3075873921992489,4.395206636405735,-0.4387762141627505,0.8111760261543033,146.9,93.4,93.8,85.7,4.5,221,2025-10,79.46192,79.46194,79.95393,87.90606,89.02599,-0.2595191997348145,-4.5417580217565146,2025-10,389.91,388.1,-0.4401573244919632,129.7,0.21611616932784017,2.0800812287029125,84.3,106.3,-3.839913293453634,-0.8430963288799553,NA,NA,NA,NA,NA,NA,NA,NA
Hungary,2025-11-01,204.52,204.53,235.08,192.1,174.66,0.02863114515507803,3.638036738374062,-0.029332681706328856,0.5835495289548298,0.0489045393158527,-0.27830010882601286,0.5802064058213929,5.19920688730906,-1.7902301830046596,-1.7237357174973766,146.5,92.2,92.4,81.6,4.4,215,2025-11,80.64304,80.64306,81.11957,89.2273,90.29406,-1.4143327954608154,-7.94073011464862,2025-11,384.2,381.43,-1.475269292714998,129.33,-0.28568138952449473,2.1176802311172693,84,109,-0.35650661644961446,2.5082596881241592,NA,NA,NA,NA,NA,NA,NA,NA
Hungary,2025-12-01,203.53,202.94,234.21,195.68,174.86,0.11444267671576469,3.2313364613655082,-0.48523560470101756,-0.2845650041162884,-0.7804295139138162,-1.3557041113445578,-0.3707732944140396,4.7119982908914615,1.8464602164351085,-0.21950543538862277,145.9,93.6,94.6,81.8,4.5,216,2025-12,80.48195,80.48197,80.93271,89.17827,90.24908,0.0498274273180499,-8.778412354701004,2025-12,384.97,385.15,0.2002158839323087,129.56,0.17768168759753067,1.9405978586685357,82.9,109.4,-1.3181736702064129,0.366300775873718,NA,NA,NA,NA,NA,NA,NA,NA
Hungary,2026-01-01,204.41,203.87,234.22,192.44,175.89,0.5873145891488463,2.32367963483906,0.43143666470975006,-1.9667365182460372,0.45721669581109126,-3.0767199487198305,0.004269581368188113,3.630123208385072,-1.6696255107609304,-2.3013138058747273,147.3,94.2,94.1,84.6,4.5,220,2026-01,80.64794,80.64797,81.05576,89.31433,90.31027,-0.06777827051607233,-8.945266574073951,2026-01,384.18,380.7,-0.20542164150141318,128.84,-0.5572769840130221,1.6591396396882452,92.8,111,11.281157765090555,1.4519311324453277,NA,NA,NA,NA,NA,NA,NA,NA
Hungary,2026-02-01,204.34,203.57,234.76,196.38,175.93,0.022738900672170104,1.6158958062316486,-0.03425076486083256,-3.207286031278933,-0.14726097300927776,-4.382578044749863,0.23028710761421323,2.3706985003269843,2.0267140909891346,-0.11705133782555777,146.1,93,93.4,83,4.6,223,2026-02,81.83466,81.83469,82.2474,90.61565,91.61993,-1.4397638472606111,-8.587141569455436,2026-02,378.61,376.63,-1.4604541231464374,129.67,0.6421437097794858,1.876052375614723,92.4,113.5,-0.4319661144516651,2.2272635609123625,NA,NA,NA,NA,NA,NA,NA,NA
Hungary,2026-03-01,203.19,202.5,234.01,191.05,176.82,0.5046077326703369,2.114727031954189,-0.5643771268355025,-3.234678951440717,-0.5270039532360826,-4.216035777173399,-0.31998662028129843,1.8110968918506387,-2.7516383848235293,-3.370961142085882,151.8,96.2,96.8,83.8,4.4,214,2026-03,79.61002,79.61005,80.12117,88.03799,88.9424,2.9659855230583787,-4.108652652855493,2026-03,389.19,384.88,2.7561004723729354,131.31,1.256817831012036,2.521822476925095,130.6,116.7,34.60122381946924,2.7803702371052452,NA,NA,NA,NA,NA,NA,NA,NA
Hungary,2026-04-01,203.18,202.67,231.54,190.91,177.77,0.53583139569362,2.5350983062885746,-0.0049216231523097065,-0.8917693475009258,0.08391539846277496,-1.1723578710722826,-1.0611204709737976,0.5717271290667014,-0.07330610863407472,-4.461344645187193,149.9,94.9,95.5,82.6,4.6,223,2026-04,83.97435,83.97438,84.49349,93.05316,93.89382,-5.4175600149451775,-10.216777400475685,2026-04,368.96,364.85,-5.337941917033628,132.66,1.022852422649656,2.9761596811717084,146.7,118.5,11.625046830660501,1.530642128267612,NA,NA,NA,NA,NA,NA,NA,NA
Hungary,2026-05-01,201.91,201.14,230.46,189.5,177.71,-0.03375717371998377,2.270820053077305,-0.6270232101116768,-2.0830512781826904,-0.7577857514887931,-2.465138332777528,-0.4675333191713982,-0.48912552878608295,-0.7413088284087266,-4.720579626472876,147.3,97.5,98.5,78.2,4.4,212,2026-05,86.48926,86.48929,87.11649,95.86442,96.5676,-2.8078711879504503,-12.518644986952232,2026-05,358.23,353.69,-2.951299886729153,132.77,0.08288438104004925,3.113419330572942,133.7,120.7,-9.27912010410381,1.8395167528299616,NA,NA,NA,NA,NA,NA,NA,NA
Hungary,2026-06-01,200.85,199.93,229.19,190.25,177.71,0,2.092531005131182,-0.5263692756991567,-2.4200679374049017,-0.6033877732592785,-3.0345661299675974,-0.5525957714553442,-2.2605681990111037,0.3949972219314368,-2.962258954916752,147.4,96.2,97.1,81.2,4.5,217,2026-06,87.53815,87.53818,88.20356,97.01042,97.6314,-1.0955881757963581,-12.761238841726374,2026-06,353.94,356.3,-1.2047830970363549,132.64,-0.09796165208255658,2.7128855868366664,109.9,117.2,-19.60276226983213,-2.9426250960573164,NA,NA,NA,NA,NA,NA,NA,NA
Hungary,2026-07-01,197.49,196.51,228.28,187.72,177.66,-0.028139685583994378,1.6229148120119774,-1.6870410657396029,-4.499979643059238,-1.7253984684065138,-5.103882203459786,-0.3978408202807593,-3.1010571138324394,-1.338750581557857,-4.545645507825213,149.5,97.8,98.7,81.2,4.5,221,2026-07,86.19157,86.1916,86.93612,95.55498,96.18029,1.4974711964475418,-10.105027980471526,2026-07,359.47,364.25,1.5503317200932898,132.93,0.21839824925233842,2.9080469357869454,108.8,117.5,-1.0059526987733491,0.25564564413009805,NA,NA,NA,NA,NA,NA,NA,NA
Hungary,2026-08-01,196.49,195.15,227.71,184.82,177.98,0.1799573087161832,1.762834370314792,-0.5076410718790392,-4.90106769473444,-0.6944826973052542,-5.628975870547581,-0.2500056127934691,-3.4105006157834517,-1.5569112466322643,-5.8936341581453,NA,NA,NA,NA,NA,NA,NA,NA,NA,NA,NA,NA,NA,NA,2026-08,363.38,364.35,1.0818394230322603,133.5,0.42788039607959405,3.1888855532543836,118.4,119.1,8.455738802806234,1.3525142777040422,NA,NA,NA,NA,NA,NA,NA,NA
Slovakia,1996-01-01,NA,NA,NA,NA,NA,NA,NA,NA,NA,NA,NA,NA,NA,NA,NA,NA,NA,NA,NA,NA,273,NA,NA,NA,NA,NA,NA,-0.4975004467628885,-3.770514076880449,NA,NA,NA,NA,70.97,NA,NA,26.4,67.4,1.1428695823622714,0.5952398527295344,1996-01,76.28649,75.0908,73.26481,71.75988,64.36884,38.6213,-0.31926154969896814
Slovakia,1996-02-01,NA,NA,NA,NA,NA,NA,NA,NA,NA,NA,NA,NA,NA,NA,NA,NA,NA,NA,NA,NA,273,NA,NA,NA,NA,NA,NA,-0.17296204495229617,-3.2313356460866416,NA,NA,NA,NA,71.29,0.4498812592645507,NA,28.4,68.7,7.302513501488983,1.910418131004299,1996-02,76.26587,75.07788,73.34497,71.85092,64.48027,38.652,0.07945823878428016
Slovakia,1996-03-01,NA,NA,NA,NA,NA,NA,NA,NA,NA,NA,NA,NA,NA,NA,NA,NA,NA,NA,NA,NA,272,NA,NA,NA,NA,NA,NA,-0.3882789514952911,-2.2554553771665375,NA,NA,NA,NA,71.54,0.3500668701334142,NA,28.5,68.6,0.35149421074445186,-0.14566644964641995,1996-03,76.43171,75.26058,73.56896,72.0902,64.73112,38.5665,-0.22144961360544002
Slovakia,1996-04-01,NA,NA,NA,NA,NA,NA,NA,NA,NA,NA,NA,NA,NA,NA,NA,NA,NA,NA,NA,NA,270,NA,NA,NA,NA,NA,NA,-0.34760479403788125,-2.1516844501406673,NA,NA,NA,NA,71.66,0.16759780459363327,NA,28.9,72.2,1.393750784378156,5.114751116694105,1996-04,76.80531,75.64524,73.85768,72.35609,64.95652,38.4189,-0.38344979918649713
Slovakia,1996-05-01,NA,NA,NA,NA,NA,NA,NA,NA,NA,NA,NA,NA,NA,NA,NA,NA,NA,NA,NA,NA,268,NA,NA,NA,NA,NA,NA,0.38289544006531173,-2.24562324326536,NA,NA,NA,NA,71.83,0.2369504209902118,NA,26.7,73.1,-7.9178029712182685,1.2388320856952184,1996-05,76.57617,75.57627,73.63102,72.09913,64.70828,38.5336,0.298106195230341
Slovakia,1996-06-01,NA,NA,NA,NA,NA,NA,NA,NA,NA,NA,NA,NA,NA,NA,NA,NA,NA,NA,NA,NA,268,NA,NA,NA,NA,NA,NA,0.3055276842165888,-2.3949831690315726,NA,NA,NA,NA,71.84,0.013920790723442877,NA,26.2,71,-1.8904154639152626,-2.9148489714417636,1996-06,75.91489,74.99975,73.25762,71.81117,64.51088,38.8772,0.8877372576576725
Slovakia,1996-07-01,NA,NA,NA,NA,NA,NA,NA,NA,NA,NA,NA,NA,NA,NA,NA,NA,NA,NA,NA,NA,268,NA,NA,NA,NA,NA,NA,0.18284943076576354,-2.4024894483773096,NA,NA,NA,NA,71.84,0,NA,27.6,70,5.205636195605345,-1.4184634991956102,1996-07,75.52962,74.72041,72.84014,71.54364,64.39303,39.0525,0.4498934185003911
Slovakia,1996-08-01,NA,NA,NA,NA,NA,NA,NA,NA,NA,NA,NA,NA,NA,NA,NA,NA,NA,NA,NA,NA,268,NA,NA,NA,NA,NA,NA,-0.283990498939346,-2.28570567706301,NA,NA,NA,NA,71.8,-0.05569479397662391,NA,28,69,1.4388737452099232,-1.4388737452099676,1996-08,75.50319,74.72543,72.78455,71.57874,64.57616,38.9753,-0.19787825669888015
Slovakia,1996-09-01,NA,NA,NA,NA,NA,NA,NA,NA,NA,NA,NA,NA,NA,NA,NA,NA,NA,NA,NA,NA,268,NA,NA,NA,NA,NA,NA,0.06268983261472627,-2.019663886973877,NA,NA,NA,NA,71.93,0.18089478250864488,NA,29.9,66.5,6.565397022143671,-3.690455693545136,1996-09,75.58674,74.8698,72.75241,71.52604,64.53569,38.9975,0.05694293548486051
Slovakia,1996-10-01,NA,NA,NA,NA,NA,NA,NA,NA,NA,NA,NA,NA,NA,NA,NA,NA,NA,NA,NA,NA,268,NA,NA,NA,NA,NA,NA,0.1468327602647257,-1.576269281248699,NA,NA,NA,NA,72,0.09726951367907688,NA,32.30000000000001,63.1,7.72087498319709,-5.248117811464059,1996-10,75.36729,74.64932,72.70037,71.43023,64.441,39.2324,0.600539450944737
Slovakia,1996-11-01,NA,NA,NA,NA,NA,NA,NA,NA,NA,NA,NA,NA,NA,NA,NA,NA,NA,NA,NA,NA,268,NA,NA,NA,NA,NA,NA,-0.03838433941272257,-1.1840415055743847,NA,NA,NA,NA,72.01,0.013887924472033575,NA,31.5,62.8,-2.507968439702424,-0.47656960730151354,1996-11,75.08469,74.46957,72.62043,71.39608,64.46574,39.544,0.7911039984323853
Slovakia,1996-12-01,59.44,58.57,41.26,NA,45.01,NA,NA,NA,NA,NA,NA,NA,NA,NA,NA,NA,NA,NA,NA,NA,269,NA,NA,NA,NA,NA,NA,-0.06936163156501252,-0.7172875592383221,NA,NA,NA,NA,72.19,0.2496533890293584,NA,33.9,63.2,7.34274685548173,0.6349227678659197,1996-12,75.24239,74.81793,72.83173,71.55214,64.51047,39.5301,-0.03515689750037687
Slovakia,1997-01-01,60.45,59.68,41.71,NA,45.48,1.0387981577494099,NA,1.6849176651298592,NA,1.87743357938146,NA,1.0847400565748178,NA,NA,NA,NA,NA,NA,NA,NA,271,NA,NA,NA,NA,NA,NA,-0.46380852091028046,-0.683595633385714,NA,NA,NA,NA,72.42,0.318097218642599,2.0225251800603417,32.7,65.4,-3.6039936483196477,3.4217957310341163,1997-01,76.07392,75.77925,73.38687,71.99681,64.81037,39.2063,-0.822495886068042
Slovakia,1997-02-01,60.71,59.95,41.95,NA,45.7,0.4825629017823907,NA,0.42918520815407035,NA,0.45139255780179965,NA,0.5737524704361618,NA,NA,NA,NA,NA,NA,NA,NA,274,NA,NA,NA,NA,NA,NA,-2.244987915529517,-2.755621503962935,NA,NA,NA,NA,72.59,0.23446669592539493,1.807110616721186,28.4,66.2,-14.098593273604765,1.215820447980942,1997-02,78.21712,78.34814,75.45294,73.89221,66.28181,38.2379,-2.501027781172116
Slovakia,1997-03-01,61.17,60.45,42.05,NA,45.95,0.5455550901536821,NA,0.7548444112130959,NA,0.830569558727845,NA,0.23809535057415232,NA,NA,NA,NA,NA,NA,NA,NA,275,NA,NA,NA,NA,NA,NA,-0.46012214906205884,-2.8274647015297028,NA,NA,NA,NA,72.65,0.08262187195429149,1.5396656185420632,26.3,67.5,-7.6820205983441525,1.944713493552186,1997-03,78.38672,78.38386,75.93317,74.25034,66.58749,38.1874,-0.13215520868050668
Slovakia,1997-04-01,61.34,60.64,42.08,NA,46.12,0.3692846599162358,NA,0.27752854316318576,NA,0.3138164273313926,NA,0.07131820104975262,NA,NA,NA,NA,NA,NA,NA,NA,277,NA,NA,NA,NA,NA,NA,-0.791855711668088,-3.2717156191599095,NA,NA,NA,NA,72.6,-0.06884681855421348,1.3032209953942164,24.6,66.5,-6.682249624540182,-1.4925650216675912,1997-04,78.74075,78.70323,76.58904,74.85097,67.11686,38.1136,-0.19344444506299574
Slovakia,1997-05-01,60.77,60.04,42.33,NA,46.14,0.0433557344749147,NA,-0.9335912538841917,NA,-0.9943734568855334,NA,0.5923486103377673,NA,NA,NA,NA,NA,NA,NA,NA,278,NA,NA,NA,NA,NA,NA,-0.722107547860773,-4.376718607085994,NA,NA,NA,NA,72.8,0.2751033371890088,1.3413739115930134,26.6,63.7,7.816477284933665,-4.301738508369102,1997-05,78.55096,78.5146,77.21248,75.37979,67.60327,38.2117,0.257057762024715
Slovakia,1997-06-01,61.09,60.34,42.49,NA,46.29,0.32457022975718175,NA,0.5251940514411579,NA,0.49842269656545923,NA,0.37726995938882624,NA,NA,NA,NA,NA,NA,NA,NA,276,NA,NA,NA,NA,NA,NA,-0.9893024876731715,-5.671548778975755,NA,NA,NA,NA,72.83,0.041200302718369386,1.36865342358794,24.8,61.3,-7.006756261671709,-3.84047196359516,1997-06,79.0315,79.0206,78.20906,76.19877,68.27539,38.0411,-0.4474597251413748
Slovakia,1997-07-01,60.61,59.79,42.7,NA,46.32,0.06478782215606493,NA,-0.7888290698481626,NA,-0.915681083810238,NA,0.4930166107858458,NA,NA,NA,NA,NA,NA,NA,NA,275,NA,NA,NA,NA,NA,NA,-0.8456369292789923,-6.70003513902051,NA,NA,NA,NA,72.9,0.09606807847886145,1.4647215020668014,25.7,60,3.564733873023762,-2.1435280720065286,1997-07,80.03123,80.03623,79.30983,77.00751,68.8552,37.7722,-0.7093771874386867
Slovakia,1997-08-01,60.51,59.56,42.94,NA,46.8,1.03093696588612,NA,-0.16512553289640408,NA,-0.38542150770046746,NA,0.5604872216056211,NA,NA,NA,NA,NA,NA,NA,NA,279,NA,NA,NA,NA,NA,NA,-0.4446697545385625,-6.860714394619727,NA,NA,NA,NA,73.02,0.16447372128780557,1.684890017331231,26.5,60,3.0653741091002384,0,1997-08,80.78017,80.78494,79.84799,77.48143,69.16206,37.3677,-1.076668740615716
Slovakia,1997-09-01,60.54,59.51,43.43,NA,46.87,0.14946090110137256,NA,0.04956629593433348,NA,-0.08398421590474214,NA,1.1346654096095588,NA,NA,NA,NA,NA,NA,NA,NA,284,NA,NA,NA,NA,NA,NA,0.5989964475336507,-6.3244077797008025,NA,NA,NA,NA,73.07,0.06845095756355946,1.5724461923861455,26.7,60.3,0.7518832414027177,0.4987541511039417,1997-09,79.53183,79.53627,78.92959,76.88315,68.74902,37.8323,1.235654019690946
Slovakia,1997-10-01,61.21,60.17,43.93,NA,47.26,0.8286459824146775,NA,1.1006271269405232,NA,1.1029523575499134,NA,1.14470114409575,NA,NA,NA,NA,NA,NA,NA,NA,288,NA,NA,NA,NA,NA,NA,-0.663519684641134,-7.134760224606662,NA,NA,NA,NA,73.09,0.027367268917455334,1.502543947624524,28.4,60.6,6.172557976095661,0.4962789342129348,1997-10,79.78523,79.7893,79.22529,77.29001,69.2067,37.7528,-0.21035899751726816
Slovakia,1997-11-01,61.68,60.56,44.22,NA,47.56,0.6327800063819389,NA,0.7649154392096236,NA,0.6460719896933753,NA,0.6579717441611788,NA,NA,NA,NA,NA,NA,NA,NA,287,NA,NA,NA,NA,NA,NA,0.022789407691803376,-7.073586477502136,NA,NA,NA,NA,73.18,0.12306010987606086,1.6117161330285512,27.3,61.6,-3.9502442976246055,1.6366977464205235,1997-11,78.98032,78.9846,79.01565,77.17482,69.19093,38.2477,1.302378261582282
Slovakia,1997-12-01,62.32,61.21,44.55,NA,47.81,0.524275081543113,6.035013533317102,1.0322672307418124,4.731500115298903,1.0675965733784487,4.408795476128713,0.7434978487518062,7.671864627371239,NA,NA,NA,NA,NA,NA,NA,285,NA,NA,NA,NA,NA,NA,0.027608585028637833,-6.976616260908486,NA,NA,NA,NA,73.26,0.10925977596070169,1.4713225199598945,24.2,60.6,-12.053406902827346,-1.6366977464205235,1997-12,78.75278,78.75695,79.03521,77.10043,69.17183,38.4055,0.41172507583633333
Slovakia,1998-01-01,63.58,62.55,45.05,NA,48.72,1.8854800763629331,6.881695451930625,2.0016553920163993,5.0482378421854435,2.165566204994196,4.696928101741449,1.1160830137528777,7.703207584549299,NA,NA,NA,NA,NA,NA,12.1,298,NA,NA,NA,NA,NA,NA,-0.15993719173303944,-6.672744931731245,NA,NA,NA,NA,73.2,-0.08193363834019252,1.071291662977103,21.9,60.1,-9.986599634018578,-0.8285051534107524,1998-01,79.20483,79.20845,79.3344,77.28415,69.28255,38.2352,-0.4444121212054508
Slovakia,1998-02-01,64.35,63.37,46.5,NA,49.07,0.7158226700170633,7.114955220165298,1.203797855947908,5.822850489979281,1.3024326422505617,5.547968186190211,3.1679328538963603,10.297387968009497,NA,NA,NA,NA,NA,NA,12.2,302,NA,NA,NA,NA,NA,NA,0.746502031691687,-3.6812549845100406,NA,NA,NA,NA,73.4,0.2728514653203895,1.1096764323720976,21,59.9,-4.196419909903204,-0.3333336419758304,1998-02,78.86867,78.87201,78.71557,76.67618,68.76728,38.4141,0.46680224048731844
Slovakia,1998-03-01,64.23,63.22,45.48,NA,49.19,0.2442500705436057,6.813650200555221,-0.18665427724346983,4.881351801522715,-0.23698565479541855,4.480412972666947,-2.217964371097514,7.841328246337831,NA,NA,NA,NA,NA,NA,12.2,303,NA,NA,NA,NA,NA,NA,-0.6962314327536134,-3.9173642682015952,NA,NA,NA,NA,73.46,0.08171047710510138,1.1087650375229074,19.9,59.1,-5.380270599297621,-1.3445580709350757,1998-03,79.89796,79.90014,79.28764,77.24194,69.24773,38.0207,-1.0293831443611623
Slovakia,1998-04-01,64.63,63.65,45.7,NA,49.38,0.3855133109785136,6.829878851617499,0.6208308005103191,5.224654058869849,0.6778618215943943,4.844458366929949,0.4825629017823907,8.252572947070469,NA,NA,NA,NA,NA,NA,12.2,304,NA,NA,NA,NA,NA,NA,0.08174004752179442,-3.043768509011713,NA,NA,NA,NA,73.61,0.20398456790937658,1.3815964239864975,20.4,60.2,2.4815169119723812,1.8441427902723184,1998-04,79.71452,79.71563,79.08366,77.17074,69.19115,38.1184,0.2566356934151859
Slovakia,1998-05-01,65.57,64.64,45.72,NA,49.68,0.6056953708189816,7.392218487961566,1.4439575000723792,7.60220281282642,1.5434089209424684,7.382240744757951,0.04375410264505497,7.703978439377757,NA,NA,NA,NA,NA,NA,12.3,305,NA,NA,NA,NA,NA,NA,-0.344695067299039,-2.6663560284499788,NA,NA,NA,NA,73.76,0.20356931777234522,1.310062404569834,21,59.5,2.8987536873252395,-1.1696039763191557,1998-05,79.59182,79.59304,78.93415,77.33466,69.43006,37.9649,-0.4035056530665493
Slovakia,1998-06-01,65.51,64.52,45.79,NA,49.74,0.12070007500355473,7.188348333207939,-0.09154715317425399,6.985461608211008,-0.18581609558321333,6.698001952609278,0.15298877423943757,7.479697254228368,NA,NA,NA,NA,NA,NA,12.5,311,NA,NA,NA,NA,NA,NA,0.6480402508272753,-1.029013289949532,NA,NA,NA,NA,73.8,0.05421523580881882,1.3230773376602833,18.6,57.4,-12.136085700426724,-3.593200922606332,1998-06,78.88429,78.88605,78.50962,76.88499,68.98158,38.3929,1.1210498008282332
Slovakia,1998-07-01,64.39,63.28,46.29,NA,49.55,-0.3827177599261766,6.740842751125697,-1.7244461193693716,6.049844558689799,-1.9405929797609467,5.67309005665857,1.0860228374175218,8.072703480860044,NA,NA,NA,NA,NA,NA,12.9,320,NA,NA,NA,NA,NA,NA,0.6037039456054494,0.42032758493490974,NA,NA,NA,NA,73.83,0.04064214646479769,1.2676514056462196,18.4,56.8,-1.0810916104215806,-1.0507977598415152,1998-07,79.01594,79.01808,77.99811,76.4246,68.56639,38.3247,-0.17779497264149846
Slovakia,1998-08-01,63.77,62.61,46.76,NA,49.43,-0.24247334571292356,5.467432439526654,-0.9675481222910953,5.247421969295107,-1.0644313702179886,4.994080194141048,1.0102181560688095,8.522434415323232,NA,NA,NA,NA,NA,NA,13,323,NA,NA,NA,NA,NA,NA,0.2897155276879282,1.1547128671614004,NA,NA,NA,NA,73.85,0.027085590631426015,1.13026327498984,17.7,54.3,-3.87860250351566,-4.5012098787216015,1998-08,77.82638,77.82814,77.30016,75.84599,68.36803,38.8548,1.3737024366682782
Slovakia,1998-09-01,64.16,63.02,47.03,NA,49.64,0.42394330175388184,5.741914840179163,0.6097103231078371,5.807565996468611,0.652712657190957,5.7307770672367475,0.5757559353089192,7.963524941022593,NA,NA,NA,NA,NA,NA,13.2,328,NA,NA,NA,NA,NA,NA,-1.9418234937116807,-1.386107074083931,NA,NA,NA,NA,73.79,-0.0812787907113588,0.9805335267149218,19.5,54.2,9.684982598991754,-0.18433184942892034,1998-09,75.02578,75.02672,74.84478,73.67226,69.70859,40.2227,3.459989156676846
Slovakia,1998-10-01,64.75,63.63,47.41,NA,50.23,1.1815497425546884,6.094818600319174,0.9153737021388331,5.622312571666921,0.9632920915572107,5.591116801244045,0.8047480957070086,7.623571892633851,NA,NA,NA,NA,NA,NA,13.2,326,NA,NA,NA,NA,NA,NA,5.8626176120461615,5.1400302226033645,NA,NA,NA,NA,73.77,-0.02710761740640777,0.9260586403910587,18.4,54.8,-5.806380095476094,1.1009285508369437,1998-10,70.06029,70.06101,69.88842,68.93626,65.73933,42.9349,6.5253502147562426
Slovakia,1998-11-01,65.06,63.94,47.5,NA,50.45,0.43702890376646764,5.899067497703703,0.47762204655583673,5.335019179013134,0.48600863869951993,5.4310534502501895,0.18965341265686497,7.155253561129538,NA,NA,NA,NA,NA,NA,13.3,329,NA,NA,NA,NA,NA,NA,-1.4920085011342898,3.6252323137772713,NA,NA,NA,NA,73.77,0,0.8029985305149978,16.9,56.5,-8.503704268591239,3.0550444198425453,1998-11,71.45944,71.46065,71.04059,69.95141,66.72752,42.1214,-1.9129089939640131
Slovakia,1998-12-01,65.12,64,47.58,NA,50.55,0.19801986668621652,5.572812282846806,0.09218006490794295,4.394932013179265,0.0937939727975845,4.457250849669325,0.1682793834216323,6.580035095799364,NA,NA,NA,NA,NA,NA,13.6,340,NA,NA,NA,NA,NA,NA,-0.7604742436450707,2.837149485103563,NA,NA,NA,NA,73.81,0.05420788857497527,0.7479466431292714,15.2,54.7,-10.601819407679702,-3.2376928724460186,1998-12,70.87418,70.87532,70.75987,69.6973,67.2369,42.4671,0.8173733419560403
Slovakia,1999-01-01,65.97,64.92,47.84,NA,52.03,2.8857529835732088,6.573085190057082,1.296837154049424,3.6901137752122892,1.4272659286718614,3.7189505733469908,0.5449604767564509,6.008912558802937,NA,NA,NA,NA,NA,NA,14.2,356,NA,NA,NA,NA,NA,NA,0.2500263763042021,3.2471130531408043,NA,NA,NA,NA,73.76,-0.06776445336225123,0.7621158281072127,16.6,55,8.81072675102672,0.5469475804535939,1999-01,70.31699,70.3185,70.36157,69.26899,67.069,42.765,0.6990352533220445
Slovakia,1999-02-01,66.04,65.02,47.92,NA,52.43,0.7658471282228962,6.623109648262915,0.10605258171478837,2.5923685009791697,0.15391722293687238,2.5704351540333015,0.16708441648178862,3.008064121388365,NA,NA,NA,NA,NA,NA,14.8,371,NA,NA,NA,NA,NA,NA,0.05683822861595189,2.557449250065069,NA,NA,NA,NA,73.94,0.24373742601477844,0.7330017888016016,15.6,51.6,-6.213178110700657,-6.381151274495389,1999-02,69.78237,69.784,70.50718,69.24256,67.03089,43.091,0.7594147566376996
Slovakia,1999-03-01,65.7,64.66,48.05,NA,52.57,0.26666682469151937,6.6455264024108285,-0.5161693561362313,2.2628534220864083,-0.5552142578471475,2.2522065509815725,0.27091816091071586,5.496946653396595,NA,NA,NA,NA,NA,NA,15.4,386,NA,NA,NA,NA,NA,NA,3.035960150036754,6.2896408328554365,NA,NA,NA,NA,74.15,0.28361150754552256,0.9349028192420228,18,49.8,14.310084364067333,-3.5506688456909963,1999-03,67.6724,67.67397,68.56722,67.19735,65.02644,44.435,3.071328859131661
Slovakia,1999-04-01,65.58,64.52,48.23,NA,52.82,0.4744292037629716,6.7344422951952865,-0.18281540740625601,1.4592072141698331,-0.2167519040279231,1.357592825359255,0.373909866457911,5.388293618072115,NA,NA,NA,NA,NA,NA,15.7,393,NA,NA,NA,NA,NA,NA,1.1329508553595602,7.340851640693202,NA,NA,NA,NA,74.4,0.33658732551051784,1.067505576843164,21.4,49,17.301916413164122,-1.6194685919980856,1999-04,66.9558,66.95713,67.82215,66.39315,64.29388,44.912,1.0677572429087956
Slovakia,1999-05-01,65.14,64.06,48.4,NA,52.89,0.13243782089022993,6.261184745266535,-0.6731971568415318,-0.6579474427440779,-0.7155109075996258,-0.9013270031828391,0.35185796417054327,5.696397479597604,NA,NA,NA,NA,NA,NA,16.1,402,NA,NA,NA,NA,NA,NA,2.5158504158420136,10.201397123834255,NA,NA,NA,NA,74.45,0.06718172909714326,0.9311179881679621,21.4,47.7,0,-2.6888900216330835,1999-05,65.51795,65.51928,66.21318,64.79145,62.69652,45.899,2.173831071726884
Slovakia,1999-06-01,65.16,64.11,48.66,NA,53.16,0.5091948767156129,6.649679546978593,0.03069838857570062,-0.5357019009941233,0.07802138181540741,-0.6374895257842184,0.5357523632790517,6.079161068637218,NA,NA,NA,NA,NA,NA,16.5,414,NA,NA,NA,NA,NA,NA,-0.30206410455182464,9.251292768455155,NA,NA,NA,NA,74.45,0,0.8769027523591433,22.2,46.6,3.670136685042813,-2.333085676269553,1999-06,66.12583,66.12726,66.58604,65.05632,62.88619,45.474,-0.9302596278848441
Slovakia,1999-07-01,66.32,65.26,50.65,NA,56.27,5.685529960014257,12.717927266919027,1.764572709319534,2.9533169276947824,1.7778933166008315,3.08099677057756,4.008189333931611,9.001327565151307,NA,NA,NA,NA,NA,NA,16.7,420,NA,NA,NA,NA,NA,NA,-0.7665398813076152,7.88104894154209,NA,NA,NA,NA,74.58,0.17446156206570862,1.0107221679600542,25.7,44.5,14.639870302294034,-4.611135195940541,1999-07,66.80451,66.80587,67.04907,65.54877,63.37009,45.016,-1.0122751926969098
Slovakia,1999-08-01,66.38,65.3,51.02,NA,56.53,0.46099372420123075,13.421394336833181,0.09042954647888735,4.011294596464765,0.06127451172108778,4.206702652516636,0.7278482018973076,8.718957610979805,NA,NA,NA,NA,NA,NA,17.1,428,NA,NA,NA,NA,NA,NA,-1.5416587382980573,6.049674675556105,NA,NA,NA,NA,74.67,0.12060302969354453,1.1042396070221727,27.6,46.5,7.132478082193039,4.396312342111575,1999-08,67.481,67.48225,67.90957,66.45851,64.35461,44.569,-0.9979432040776448
Slovakia,1999-09-01,67.01,66.01,51.16,NA,56.89,0.6348108075356684,13.632261842614968,0.944605569325141,4.346189842682069,1.081420941829414,4.635410937155093,0.27402639969764664,8.417228075368532,NA,NA,NA,NA,NA,NA,17.3,435,NA,NA,NA,NA,NA,NA,-1.8948046128180351,6.09669355644975,NA,NA,NA,NA,74.71,0.05355469400996071,1.2390730917434922,29.7,47.6,7.333127308554932,2.338044864406408,1999-09,68.7774,68.77865,69.27463,67.68087,65.58563,43.728,-1.9049920904489426
Slovakia,1999-10-01,67.29,66.32,51.33,NA,57.19,0.5259479164668512,12.97666001652713,0.41697752151472756,3.8477936620579634,0.46852651263602496,4.140645358233908,0.33173998615696476,7.944219965818489,NA,NA,NA,NA,NA,NA,17.7,446,NA,NA,NA,NA,NA,NA,-0.7361347407874419,-0.502058796383853,NA,NA,NA,NA,74.74,0.040147206962792836,1.3063279161126928,29.6,47.1,-0.3372684478639254,-1.0559760215002267,1999-10,68.908,68.90907,69.63668,68.10255,66.07021,43.651,-0.17624376550737786
Slovakia,1999-11-01,67.6,66.65,51.32,NA,57.41,0.38394462523205775,12.92357573799272,0.45963458486912856,3.829806200371255,0.49635357976782757,4.150990299302215,-0.019483682477572373,7.735082870684051,NA,NA,NA,NA,NA,NA,18.1,458,NA,NA,NA,NA,NA,NA,-0.49827064498426665,0.4916790597661702,NA,NA,NA,NA,74.84,0.13370773485510412,1.440035650967797,31.9,46.3,7.483164846078427,-1.7131039930184055,1999-11,69.54864,69.54979,70.1907,68.50027,66.40024,43.241,-0.9437072292544535
Slovakia,1999-12-01,68.01,67.1,51.23,NA,57.66,0.43451880307108226,13.160074674377586,0.6046770138628865,4.342303149326199,0.672899735291832,4.730096061796463,-0.17552417963249134,7.391279307629928,NA,NA,NA,NA,NA,NA,18.3,464,NA,NA,NA,NA,NA,NA,-1.1005293451686882,0.1516239582425527,NA,NA,NA,NA,75.09,0.33348927059035915,1.7193170329831808,33.1,45.9,3.6927272592218507,-0.8676844025688801,1999-12,70.72138,70.7225,71.11563,69.2842,67.13503,42.523,-1.6744013220310272
Slovakia,2000-01-01,69.67,68.9,51.54,NA,59.14,2.534382221407494,12.808703912211872,2.411505585448026,5.456971580724801,2.647213404197668,5.950043537322269,0.6032907273108012,7.449609558184278,NA,NA,NA,34.4,27.2,78.3,18.3,464,NA,NA,NA,NA,NA,NA,-0.542415200845614,-0.6408176189072634,NA,NA,NA,NA,75.13,0.05325522692762874,1.8403367132730608,33.30000000000001,47.4,0.6024114603381037,3.215711163453161,2000-01,71.04858,71.0496,71.40201,69.58137,67.50017,42.334,-0.44545603198047345
Slovakia,2000-02-01,70.18,69.44,51.75,NA,61.17,3.374935883014274,15.41779266700325,0.7293561113042024,6.080275110314215,0.7806892332482107,6.576815547633608,0.40662269212594637,7.689147833828436,NA,NA,NA,35.1,28,78.8,18.5,471,NA,NA,NA,NA,NA,NA,0.17324584433779933,-0.524410003185416,NA,NA,NA,NA,75.37,0.31893714743098656,1.915536434689269,36.1,47.9,8.073546835243661,1.0493275715838468,2000-02,71.20972,71.21063,71.40679,69.50394,67.38333,42.238,-0.22702559057963256
Slovakia,2000-03-01,69.84,69.09,52.01,NA,61.4,0.3752961898622509,15.526422032173981,-0.4856458623722304,6.110798604078216,-0.5053067851391368,6.626723020341618,0.501157563950283,7.919387236868003,NA,NA,NA,35.2,28.9,79.5,18.7,476,NA,NA,NA,NA,NA,NA,-1.007810791543129,-4.568180944765299,NA,NA,NA,NA,75.6,0.30469653301086197,1.9366214601546083,36.1,47.3,0,-1.2605208918982314,2000-03,72.24677,72.24765,72.30553,70.26974,68.06586,41.631,-1.447520773519928
Slovakia,2000-04-01,69.5,68.75,51.97,NA,61.36,-0.06516780940959421,14.986825019001415,-0.4880158960601122,5.80559811542436,-0.49332659540226587,6.3501483289672755,-0.07693787646307904,7.468539493947013,NA,NA,NA,35.7,29.2,76,18.9,480,NA,NA,NA,NA,NA,NA,-0.1829053149156934,-5.884037115040552,NA,NA,NA,NA,75.67,0.09254975209431748,1.692583886738408,31.3,48,-14.267476779272759,1.4690715410003996,2000-04,72.351,72.3518,72.63314,70.43705,68.19047,41.57,-0.14663287924370216
Slovakia,2000-05-01,69.52,68.77,52.11,NA,61.53,0.2766703693398931,15.131057567451078,0.028772838639046228,6.507568110904938,0.0290866785063848,7.094745915073286,0.2690239900772884,7.385705519853758,NA,NA,NA,34,27.3,79.1,19.2,490,NA,NA,NA,NA,NA,NA,2.999950195919965,-5.399937334962601,NA,NA,NA,NA,75.76,0.118866817139196,1.7442689747804607,37.1,47.5,16.999887206728204,-1.047129986729578,2000-05,70.37314,70.37387,70.75755,68.47587,66.17517,42.733,2.759270221147858
Slovakia,2000-06-01,69,68.25,52.11,NA,61.49,-0.06503007870213295,14.556832612033332,-0.7507976359876878,5.726072086341549,-0.7590169266675773,6.2577076065903015,0,6.849953156574706,NA,NA,NA,32.9,26.4,77.8,19.4,495,NA,NA,NA,NA,NA,NA,-1.342169254220149,-6.440042484630926,NA,NA,NA,NA,76.04,0.3689068742406043,2.113175849021065,40.5,46.5,8.768500449910377,-2.1277398447284934,2000-06,70.91443,70.9151,71.30483,69.30181,67.06934,42.417,-0.7422230198211643
Slovakia,2000-07-01,68.61,67.81,52.06,NA,61.48,-0.016264129498289037,8.855038522520786,-0.5668207894459876,3.3946785875760277,-0.646775736931815,3.833038553057655,-0.09599693547039934,2.745766887172696,NA,NA,NA,34.6,28.2,75.9,19.7,505,NA,NA,NA,NA,NA,NA,0.5819852137570081,-5.091517389566302,NA,NA,NA,NA,76.14,0.13142333341225054,2.070137620367607,39.1,44.9,-3.517950712117335,-3.501451784510179,2000-07,70.77189,70.77255,70.99603,68.94397,66.68014,42.501,0.19783797875105869
Slovakia,2000-08-01,68.82,68.01,52.04,NA,61.53,0.08129420820042199,8.475339006519977,0.30561036665348595,3.6098594077506263,0.2945076491796428,4.06627169051621,-0.038424592211505626,1.9794940930638827,NA,NA,NA,35,28.8,77.6,18.6,472,NA,NA,NA,NA,NA,NA,0.7517068998383891,-2.798151751429856,NA,NA,NA,NA,76.2,0.07877117382495413,2.0283057644990166,40.6,45.2,3.7645599616367154,0.6659292089977065,2000-08,70.70344,70.70411,70.77595,68.51589,66.18078,42.536,0.08231711367137073
Slovakia,2000-09-01,69.73,68.96,52.13,NA,61.91,0.6156856778741115,8.45621387685842,1.3136240863584447,3.97887792478393,1.3871873167889959,4.372038065475792,0.1727945135710396,1.8782622069372756,NA,NA,NA,35.1,28.2,81.3,18.6,473,NA,NA,NA,NA,NA,NA,1.641561729860186,0.7382145912483651,NA,NA,NA,NA,76.5,0.3929278139889192,2.367678884477975,45,46.1,10.289442316263253,1.971586316441698,2000-09,69.77911,69.77972,69.8728,67.47671,65.10325,43.094,1.3033000080004076
Slovakia,2000-10-01,70.43,69.67,52.13,NA,62.15,0.38691004255797523,8.317176002949545,0.9988667524400086,4.560767155709211,1.0243182686590302,4.927829821498797,0,1.5465222207803109,NA,NA,NA,35.5,28.6,80.6,18.8,479,NA,NA,NA,NA,NA,NA,1.535149604370556,3.009498936406363,NA,NA,NA,NA,76.52,0.02614037395618496,2.353672051471367,43.3,46.4,-3.8509854761875406,0.6486509229606696,2000-10,68.86796,68.86852,68.98605,66.48405,64.11145,43.663,1.3117285259718336
Slovakia,2000-11-01,71.07,70.34,52.11,NA,62.37,0.3533572581311262,8.286588635848613,0.9045998081484541,5.005732378988537,0.9570818003808768,5.388558042111846,-0.038372985889134625,1.5276329173687486,NA,NA,NA,35.7,29.3,82,19,487,NA,NA,NA,NA,NA,NA,-1.580498039064171,1.9272715423264586,NA,NA,NA,NA,76.68,0.2088773605391836,2.4288416771554466,45.7,46.9,5.3945662891714985,1.0718216220024335,2000-11,70.05129,70.0518,69.99519,67.5287,65.13278,42.93,-1.6930179305290505
Slovakia,2000-12-01,71.64,70.98,52,NA,62.51,0.2242153405689784,8.076285173346509,0.7988270353707527,5.199882400496403,0.9057520172514266,5.621410324071441,-0.2113150339695835,1.4918420630316565,NA,NA,NA,36.7,30.5,81.9,19.1,491,NA,NA,NA,NA,NA,NA,0.7364060434595032,3.76420693095465,NA,NA,NA,NA,76.96,0.36448881800072996,2.4598412245658174,42.5,48.6,-7.259422196978793,3.5605855454214463,2000-12,69.0715,69.07191,69.08614,66.90844,64.6549,43.551,1.4361782910931709
Slovakia,2001-01-01,72.58,71.94,52.31,NA,63.57,1.681511700459648,7.223414652398663,1.303582459241337,4.091959274289714,1.343429104912719,4.317626024786492,0.5943838801092394,1.4829352158300946,NA,NA,NA,36.8,29.9,84.2,19.4,500,NA,NA,NA,NA,NA,NA,-0.5764046940354817,3.7302174377647823,NA,NA,NA,NA,76.63,-0.42971613751383586,1.9768698601243528,42.2,48.6,-0.7083854888405128,0,2001-01,68.85628,68.85662,68.98977,67.14908,65.02865,43.701,0.34383199875192005
Slovakia,2001-02-01,72.49,71.83,52.74,NA,65.05,2.301454401019676,6.149933170404065,-0.12407804721386029,3.238525115771651,-0.1530222180767815,3.3839145734614995,0.8186623542620897,1.8949748779662379,NA,NA,NA,35,28.6,80,19.3,498,NA,NA,NA,NA,NA,NA,0.33376334947803343,3.8907349429050164,NA,NA,NA,NA,76.86,0.2996940154385008,1.9576267281318671,40.7,48.1,-3.6192128593416584,-1.0341353794732555,2001-02,68.84403,68.84437,68.80136,66.95879,64.81197,43.71,0.020592374030314886
Slovakia,2001-03-01,73.22,72.65,54.96,NA,65.45,0.6130287397394518,6.387665720281266,1.0019986379304235,4.726169616074305,1.1351173929582181,5.0243387515588545,4.1231466988953525,5.516964012911307,NA,NA,NA,36.4,29.9,80.5,19.4,500,NA,NA,NA,NA,NA,NA,0.013177446526224657,4.91172318097437,NA,NA,NA,NA,77.27,0.5320196808795252,2.1849498760005304,36.9,47.8,-9.801654140206795,-0.6256537614305557,2001-03,68.84561,68.84595,68.75039,66.98012,64.80343,43.707,-0.006863653525490676
Slovakia,2001-04-01,73.75,73.23,55.97,NA,65.73,0.4268949919575604,6.8797285216484205,0.7212387527839148,5.935424264918332,0.7951783056686423,6.312843652629763,1.8210184989174039,7.41492038829179,NA,NA,NA,35.5,29,80.8,19.6,507,NA,NA,NA,NA,NA,NA,-0.34441879888387206,4.750209697006191,NA,NA,NA,NA,77.73,0.5935501296635337,2.6859502535697466,38.2,47.2,3.462396456604777,-1.263174690590052,2001-04,69.23076,69.23113,69.02308,67.24199,65.02701,43.457,-0.573632888647202
Slovakia,2001-05-01,74.14,73.65,56.18,NA,66.05,0.48565886928493285,7.08871702159346,0.5274202502656422,6.434071676544928,0.5718969835660559,6.855653957689434,0.37449887728291387,7.520395275497416,NA,NA,NA,36.2,29.9,79.4,19.5,506,NA,NA,NA,NA,NA,NA,-0.0525797044311993,1.6976797966550272,NA,NA,NA,NA,78.1,0.4748773603512113,3.041960796781762,39.9,47.8,4.3540808283288435,1.263174690590052,2001-05,69.69543,69.69584,69.26698,67.30033,65.06121,43.156,-0.6950485764402714
Slovakia,2001-06-01,74.65,74.19,56.18,NA,66.13,0.1210470718237211,7.274794172119314,0.6855326262613204,7.870401938793936,0.7305227292795813,8.345193613636592,0,7.520395275497416,NA,NA,NA,37.4,30.6,83.5,19.5,506,NA,NA,NA,NA,NA,NA,-0.27552947767501834,2.764319573200158,NA,NA,NA,NA,78.21,0.14074597678801481,2.8137998993291724,38.5,48.3,-3.5718082602079093,1.0405921161116716,2001-06,70.30393,70.30437,69.61021,67.5295,65.24072,42.778,-0.8797505945826956
Slovakia,2001-07-01,74.26,73.8,56.24,NA,66.38,0.3773304605257266,7.66838876214333,-0.5238075236264628,7.913415204613461,-0.5270638595008315,8.464905491067576,0.10674258263119185,7.723134793599007,NA,NA,NA,36.3,29.7,82.1,19.4,504,NA,NA,NA,NA,NA,NA,-0.9001721482664315,1.2821622111767184,NA,NA,NA,NA,78.03,-0.2304148484850721,2.4519617174318498,34,52.1,-12.429771667757716,7.573338810079466,2001-07,70.55528,70.55571,70.12698,68.11984,65.83065,42.625,-0.3583016139586004
Slovakia,2001-08-01,73.73,73.25,56.26,NA,66.26,-0.18094094200789002,7.406153611935018,-0.7162676747375585,6.8915371632224165,-0.7480483709249697,7.422349470962963,0.03555555593015569,7.797114941740668,NA,NA,NA,36.4,30,82.5,19.5,506,NA,NA,NA,NA,NA,NA,0.09971452018886495,0.6301698315271942,NA,NA,NA,NA,77.97,-0.07692308071609588,2.2962674628907997,35,51.8,2.898753687325195,-0.5774799493884153,2001-08,69.78034,69.78068,69.66025,67.93773,65.76504,43.119,1.152279963352365
Slovakia,2001-09-01,73.71,73.22,56.32,NA,66.45,0.28633882875048755,7.076806762811394,-0.02712968003617533,5.550783396827796,-0.040964020508660326,5.994198133665307,0.10659087880755536,7.730911306977184,NA,NA,NA,36.6,29.4,83.4,19.5,507,NA,NA,NA,NA,NA,NA,0.6812933082431805,-0.33009859008981124,NA,NA,NA,NA,78.18,0.2689723043300063,2.172311953231887,33.80000000000001,49.4,-3.4887259000440096,-4.743972507156036,2001-09,69.10215,69.10247,69.13109,67.43169,65.31851,43.545,0.9831150907498643
Slovakia,2001-10-01,73.79,73.34,56.35,NA,66.45,0,6.689896720253419,0.10847458690781409,4.660391231295602,0.1637554951090081,5.133635360115285,0.053252863599873024,7.784164170577057,NA,NA,NA,36.5,30,83.7,19.6,510,NA,NA,NA,NA,NA,NA,0.41186371944537115,-1.453384475014996,NA,NA,NA,NA,78.25,0.08949690554542755,2.2356684848211295,28.6,46.8,-16.70540846631665,-5.4067221270275745,2001-10,69.01951,69.01984,68.80289,67.153,65.05004,43.594,0.1124640061617832
Slovakia,2001-11-01,73.48,73.02,56.35,NA,66.61,0.2404931265833632,6.577032588705656,-0.42099607233501146,3.3347953508121364,-0.43727864156899443,3.739274918165414,0,7.822537156466192,NA,NA,NA,35.7,29,83.7,19.5,507,NA,NA,NA,NA,NA,NA,-0.46491270574877674,-0.3377991416996018,NA,NA,NA,NA,78.19,-0.07670672838404613,1.9500843958978997,26.7,48.4,-6.874315241960316,3.361661079898459,2001-11,69.74616,69.74652,69.30224,67.50615,65.35317,43.134,-1.0607976976531486
Slovakia,2001-12-01,74.05,73.65,56.39,NA,66.7,0.13502364964903535,6.487840897785713,0.7727280366882638,3.3086963521296475,0.8590766681148665,3.692599569028854,0.0709597333305112,8.104811923766286,NA,NA,NA,35.3,28,88.9,19.3,499,NA,NA,NA,NA,NA,NA,0.10053531650022762,-0.9736698686588774,NA,NA,NA,NA,78.54,0.4466287013441317,2.0322242792413014,26.2,48.5,-1.8904154639152626,0.20639842208516335,2001-12,69.81813,69.81849,69.13182,67.41194,65.2875,43.09,-0.10205976020425389
Slovakia,2002-01-01,75.3,74.96,56.63,NA,67.68,1.4585762376389866,6.264905434965051,1.6739594092039844,3.679073302092295,1.763049502152736,4.112219966268871,0.42470423066234275,7.93513227431939,NA,NA,NA,35.7,28.5,84.7,19.1,493,NA,NA,NA,NA,NA,NA,-1.1095482776855903,-1.506813452308986,NA,NA,NA,NA,78.63,0.11452568535608165,2.576466102111219,26.8,48.8,2.2642476749759943,0.6166514915664223,2002-01,70.78656,70.78692,69.93782,68.15993,66.01593,42.503,-1.3716289953313865
Slovakia,2002-02-01,75.9,75.56,56.99,NA,67.89,0.3098033015587198,4.273254335504095,0.7936549595736864,4.596806308879842,0.7972404703142644,5.062482654659917,0.6336933721194704,7.7501632921767705,NA,NA,NA,37.3,31.2,79.8,19,489,NA,NA,NA,NA,NA,NA,-0.49519750621316305,-2.3357743080001825,NA,NA,NA,NA,78.76,0.1651947767499884,2.4419668634227065,27.7,48.1,3.303052567648157,-1.4448135747386015,2002-02,71.26008,71.26043,70.38511,68.51257,66.34365,42.22,-0.6680619254258335
Slovakia,2002-03-01,75.76,75.42,56.99,NA,67.91,0.029455081214457834,3.6896806769791013,-0.1846235523761841,3.410184118573234,-0.1854550803098043,3.7419101813918942,0,3.627016593281418,NA,NA,NA,36.3,29.4,77.7,18.9,485,NA,NA,NA,NA,NA,NA,-0.581511716283778,-2.930463470810185,NA,NA,NA,NA,79.21,0.5697299705263781,2.4796771530695594,32.2,48.9,15.053403935707,1.6495219369110803,2002-03,71.7161,71.71645,70.74094,68.88006,66.73057,41.95,-0.6415609506959186
Slovakia,2002-04-01,75.67,75.31,56.95,NA,68.16,0.3674583395360642,3.630244024557605,-0.118866817139196,2.570078548650123,-0.14595637169509956,2.8007755040281523,-0.07021239537170487,1.7357856989923093,NA,NA,NA,37.5,31.1,82.4,18.9,485,NA,NA,NA,NA,NA,NA,-0.277478326369085,-2.863522998295398,NA,NA,NA,NA,79.56,0.44089005095830913,2.327017074364335,34.7,48.5,7.477323440245076,-0.8213598537389011,2002-04,72.12757,72.12791,70.86327,69.02631,66.91599,41.713,-0.5665602093060329
Slovakia,2002-05-01,75.65,75.32,57.03,NA,68.23,0.10264683062715108,3.2472319858998233,-0.02643404720652498,2.016224251177956,0.013277567569147664,2.242156088031244,0.14037552752563798,1.5016623492350334,NA,NA,NA,38.2,32.3,79,19,488,NA,NA,NA,NA,NA,NA,2.318316052353886,-0.4926272415103128,NA,NA,NA,NA,79.71,0.18835944540604999,2.0404991594191735,34.5,49.5,-0.5780362915499104,2.0408871631207415,2002-05,69.97057,69.97088,68.97248,67.36085,65.38251,43.002,3.0433795419682053
Slovakia,2002-06-01,74.54,74.1,56.94,NA,67.97,-0.38179194687852913,2.744392967197573,-1.4781546183252559,-0.14746299340862024,-1.6330171486909961,-0.1213837899393333,-0.15793633185561262,1.3437260173794208,NA,NA,NA,39.3,33,76,18.9,485,NA,NA,NA,NA,NA,NA,2.337684208282287,2.1205864444469924,NA,NA,NA,NA,79.67,-0.05019450475574061,1.849558677875418,32.80000000000001,51.2,-5.053080864721604,3.3766862470817394,2002-06,67.88625,67.88654,66.99964,65.69246,63.8718,44.325,3.0302225720434617
Slovakia,2002-07-01,73.17,72.58,56.87,NA,67.82,-0.22092946610543507,2.1461330405664114,-1.8550393155174483,-1.4786947852996057,-2.0726130517116914,-1.6669329821501933,-0.12301205311837649,1.1139713816298524,NA,NA,NA,39.3,33.8,79.8,18.8,484,NA,NA,NA,NA,NA,NA,-0.21230957303348674,2.808449019679937,NA,NA,NA,NA,79.59,-0.10046465745165989,1.9795088689088303,34.2,52.6,4.179712867846153,2.6976587698201993,2002-07,67.63442,67.63469,66.91724,65.73233,64.00755,44.494,0.38054966606702045
Slovakia,2002-08-01,73.22,72.64,57.02,NA,68.25,0.6320297367576444,2.959103719331946,0.0683106796151911,-0.6941164309468562,0.08263325081134809,-0.8362513604138755,0.26341221658183755,1.3418280422815343,NA,NA,NA,39.7,33.2,79.8,18.8,483,NA,NA,NA,NA,NA,NA,-1.4467495148603682,1.261984984630704,NA,NA,NA,NA,79.64,0.06280223782377803,2.119234187448704,35.2,53.3,2.8820438535491544,1.3220211428134565,2002-08,68.50623,68.50651,67.99688,66.71982,64.94031,43.928,-1.2802418644370483
Slovakia,2002-09-01,73.87,73.3,57.14,NA,68.53,0.40941715326630046,3.0821820438477587,0.8838183848555836,0.2168316339449028,0.9044874599567265,0.10920012005151136,0.21023133181010678,1.4454684952840857,NA,NA,NA,39.3,32.5,84.2,18.7,481,NA,NA,NA,NA,NA,NA,-2.1196960214536986,-1.539004345066175,NA,NA,NA,NA,79.84,0.2508152807212838,2.1010771638399817,37.7,55.1,6.861401184991367,3.321338498707016,2002-09,70.10111,70.10139,69.40607,68.11724,66.33154,42.929,-2.30043417453909
Slovakia,2002-10-01,73.81,73.23,57.15,NA,68.62,0.1312431832571903,3.213425227104949,-0.0812567758685212,0.027100271168567502,-0.09554358196268709,-0.15009895702018383,0.017499343819249447,1.4097149755034621,NA,NA,NA,39.4,32.7,87,18.7,482,NA,NA,NA,NA,NA,NA,-2.855471651760233,-4.806339716271779,NA,NA,NA,NA,80.03,0.23769323757463212,2.2492734958691862,37.80000000000001,55.1,0.2649008171577538,0,2002-10,72.00784,72.00811,71.36897,70.06248,68.25292,41.797,-2.6723021611012143
Slovakia,2002-11-01,73.88,73.3,57.05,NA,68.62,0,2.972932100521586,0.09479315490779072,0.5428894984113697,0.09554358196268709,0.3827232665114977,-0.1751313932735421,1.23458358222992,NA,NA,NA,41.1,34.1,87,18.6,481,NA,NA,NA,NA,NA,NA,-0.6857749106589317,-5.027201921181934,NA,NA,NA,NA,79.97,-0.07500000351567948,2.250980220737553,34.2,54.7,-10.008345855698275,-0.7286006730933714,2002-11,72.45793,72.45819,71.71504,70.49192,68.72259,41.54,-0.6167748172202447
Slovakia,2002-12-01,73.94,73.38,57.17,NA,68.85,0.33461877443601296,3.1725272253085635,0.08117981774473648,-0.14865872053215767,0.10908100345305982,-0.367272398150309,0.21012089677956425,1.373744745678973,NA,NA,NA,41.3,35.7,88.5,18.5,478,NA,NA,NA,NA,NA,NA,0.1307411566302541,-4.996996081051908,NA,NA,NA,NA,80.36,0.48649756029357505,2.2908490796869962,39.7,55.8,14.912554362458508,1.9910159959329654,2002-12,72.10199,72.10224,71.4896,70.35568,68.6328,41.745,0.49228651979977833
Slovakia,2003-01-01,76.84,76.42,60.39,NA,72.5,5.165633668596481,6.879584656266058,3.847138439186981,2.024520309450839,4.059302309161783,1.9289804088587381,5.47942430439301,6.4284648194096405,NA,NA,89.3,42.6,37,81.5,18.2,469,NA,NA,NA,NA,NA,NA,-1.0587931295897413,-4.946240932956059,NA,NA,NA,NA,80.3,-0.07469189940181309,2.1016314949291015,43.6,55.7,9.370596266184394,-0.17937224540265362,2003-01,72.29959,72.29981,71.91121,71.00912,69.36334,41.638,-0.2566471792381897
Slovakia,2003-02-01,77.23,76.81,61.26,NA,72.91,0.5639241957710261,7.133705550478364,0.5062644680816852,1.737129817958838,0.5090397991836859,1.6407797377281597,1.4303573084818666,7.225128755772037,NA,NA,91,42.9,36.8,85.9,18,463,NA,NA,NA,NA,NA,NA,0.375296043737805,-4.0757473830050905,NA,NA,NA,NA,80.62,0.39771367363039545,2.3341503918095086,48.3,55.2,10.2374410303538,-0.9017193650188382,2003-02,71.70694,71.70714,71.48297,70.71157,69.10351,41.987,0.8346834707881445
Slovakia,2003-03-01,77.08,76.65,61.51,NA,73.36,0.6153024129869955,7.719552882250902,-0.19441390350074528,1.7273394668342767,-0.2085234692767557,1.6177113487612083,0.40726618156483596,7.632394937336873,NA,NA,91.2,43.2,36.6,81.9,17.8,458,NA,NA,NA,NA,NA,NA,-0.9422713502212687,-4.436507016942581,NA,NA,NA,NA,81.08,0.5689563894779148,2.3333768107610453,43.4,54.9,-10.697211955216757,-0.5449604767565397,2003-03,72.12141,72.12159,72.09388,71.39033,69.75773,41.749,-0.5684547647263116
Slovakia,2003-04-01,76.89,76.45,61.63,NA,73.4,0.05451076722611248,7.40660530994095,-0.24680145020763433,1.5994048337658384,-0.26126729427513595,1.5024004261811719,0.19490017538741355,7.897507508095991,NA,NA,90.6,43.6,36.6,92.5,17.4,451,NA,NA,NA,NA,NA,NA,-1.692221721532139,-5.851250412105635,NA,NA,NA,NA,81.21,0.16020707105202092,2.052693830854757,37,54.3,-15.954152846213487,-1.098912157559484,2003-04,73.36546,73.36565,73.2766,72.62843,70.94823,41.038,-1.7177032182644325
Slovakia,2003-05-01,77.13,76.71,61.86,NA,73.44,0.05448106917649298,7.358439548490292,0.3116480901819152,1.9374869711542786,0.33951455961327426,1.8286374182252985,0.3725002282772394,8.129632208847593,NA,NA,89.9,43.5,37.4,81.2,17.3,448,NA,NA,NA,NA,NA,NA,-0.47278952020377574,-8.642355984663297,NA,NA,NA,NA,81.15,-0.07390983337183243,1.7904245520768747,38.6,54.2,4.233436382656075,-0.18433184942892034,2003-05,73.21827,73.21844,73.12902,72.80797,71.28446,41.125,0.2117742353980212
Slovakia,2003-06-01,77.32,76.92,61.81,NA,73.62,0.24479816386397957,7.985029659232801,0.2460344394221714,3.661676028901706,0.2733842749374382,3.735038841853733,-0.08086035857415297,8.206708182129052,NA,NA,89.9,44.9,39,84.8,17.3,448,NA,NA,NA,NA,NA,NA,0.6134980366353737,-10.36654215631021,NA,NA,NA,NA,81.25,0.12315272492458007,1.9637717817571954,40.4,54,4.557750849631947,-0.3696861881326008,2003-06,72.54684,72.547,72.70818,72.38694,70.84847,41.507,0.9245878625934179
Slovakia,2003-07-01,76,75.44,61.4,NA,73.59,-0.040758101236715305,8.16520102410152,-1.721931405379884,3.79478393903927,-1.9428282395376861,3.864823654027738,-0.6655328518085923,7.664187383438836,NA,NA,90,45.4,40.7,80.2,17.4,451,NA,NA,NA,NA,NA,NA,0.8477653532779073,-9.306467229998816,NA,NA,NA,NA,81.13,-0.14780148028732398,1.9164349589215313,40.30000000000001,52.8,-0.2478316014467019,-2.2472855852058604,2003-07,72.02936,72.02951,72.31694,71.86495,70.25038,41.804,0.7129941020787012
Slovakia,2003-08-01,75.9,75.34,61.61,NA,74.4,1.0946794900538848,8.62785077739776,-0.13166558847466092,3.594807670949418,-0.13264360613067794,3.649546797085712,0.34143598733828995,7.742211154195289,NA,NA,90.3,45.2,38.9,82.6,17.6,457,NA,NA,NA,NA,NA,NA,0.5845203493015205,-7.275197365836927,NA,NA,NA,NA,81.25,0.14780148028732398,2.001434201385077,41.7,53.9,3.4149659852118486,2.0619287202735315,2003-08,71.77047,71.77062,72.05796,71.49898,69.84095,41.955,0.3605586589775278
Slovakia,2003-09-01,76.64,76.12,61.8,NA,74.88,0.6430890330290318,8.861522657160492,0.9702449261020263,3.6812342121958608,1.029984016405372,3.7750433535343575,0.30791694371661293,7.839896766101795,NA,NA,90.2,44.9,40.2,76.3,17.5,452,NA,NA,NA,NA,NA,NA,-1.1820592433909205,-6.337560587774149,NA,NA,NA,NA,81.54,0.3562876181260499,2.1069065387898434,38.4,55.5,-8.244366921107504,2.925254283743728,2003-09,72.57649,72.57664,72.91115,72.31188,70.67141,41.489,-1.116928346101842
Slovakia,2003-10-01,77.16,76.71,61.95,NA,75.02,0.18679124844043216,8.917070722343734,0.6762054374923387,4.438696425556721,0.7721035543255539,4.6426904898225985,0.24242436115065047,8.064821783433196,NA,NA,89.5,45.5,40.5,79.8,17.6,456,NA,NA,NA,NA,NA,NA,-0.8572852974611855,-4.339374233475102,NA,NA,NA,NA,81.66,0.1470588500322556,2.016272151247467,41.1,59.7,6.795066190850818,7.294899964616786,2003-10,72.91218,72.91231,73.28576,72.84064,71.27987,41.304,-0.44689842836662663
Slovakia,2003-11-01,77.7,77.29,62.02,NA,75.15,0.17313715452420553,9.09020787686794,0.6974069336073363,5.041310204256266,0.7532503147575476,5.300397222617459,0.11293055971508537,8.352883736421823,NA,NA,89.7,46.8,40.8,79.9,17.9,463,NA,NA,NA,NA,NA,NA,-0.5582463199381493,-4.211845642754319,NA,NA,NA,NA,81.7,0.048971597452762694,2.140243752215909,40.2,62.2,-2.2141125877213508,4.102297934657706,2003-11,73.27193,73.27205,73.71666,73.26155,71.6789,41.102,-0.49025654586194456
Slovakia,2003-12-01,78,77.62,62.11,NA,75.29,0.18612076630475372,8.94170986873668,0.3853569315990235,5.345487318110553,0.4260544821979906,5.61737070136239,0.14500928989091832,8.287772129533177,NA,NA,89.5,48.1,46.9,76.6,18.4,478,NA,NA,NA,NA,NA,NA,-0.6606716949073999,-5.003258494291973,NA,NA,NA,NA,81.95,0.30553033238813754,1.9592765243104715,43.8,61.9,8.576682175742478,-0.4834820054583133,2003-12,73.22698,73.22708,73.85535,73.62855,72.15403,41.132,0.07296252482156262
Slovakia,2004-01-01,81.45,81.23,65.35,NA,78.52,4.2006045546229664,7.976680754763166,4.32805083584622,5.826399714769792,4.5459511122103,6.104019504410907,5.085043349901941,7.893391175042108,NA,NA,89.9,44.3,38.3,80.8,18.7,486,NA,NA,NA,NA,NA,NA,-1.3323677911082576,-5.27683315581049,NA,NA,NA,NA,81.74,-0.2565827053707004,1.7773857183415842,45.2,63.9,3.146326945578526,3.1799181692938383,2004-01,73.95331,73.95339,74.72545,74.57532,73.12182,40.731,-0.9796934080690267
Slovakia,2004-02-01,81.55,81.31,66.28,NA,79.04,0.6600684031352166,8.072824962127356,0.12269940189693074,5.442834648585038,0.0984373156883045,5.6934170209155255,1.4130752488131115,7.876109115373353,NA,NA,90.1,47.3,41.2,80.4,19,492,NA,NA,NA,NA,NA,NA,-0.5359929065757107,-6.1881221061240055,NA,NA,NA,NA,81.94,0.2443793982593867,1.6240514429705755,44.1,66.2,-2.4637304385385583,3.5361101559473695,2004-02,74.27891,74.279,75.16971,74.99326,73.5148,40.551,-0.4429032116453513
Slovakia,2004-03-01,81.22,80.94,66.65,NA,79.22,0.22747387541581787,7.684996424556179,-0.40548068088712697,5.231767871198656,-0.4560870772026604,5.445853412989621,0.5566854066355376,8.025528340444055,NA,NA,90.1,45.7,40.1,83.4,19,494,NA,NA,NA,NA,NA,NA,0.2439352961168595,-5.001915459785877,NA,NA,NA,NA,82.46,0.6326055160028154,1.687700569495476,47.6,69.8,7.637297878457439,5.295354682536413,2004-03,74.54494,74.54507,75.3119,74.90273,73.33569,40.4,-0.3730656202695748
Slovakia,2004-04-01,80.49,80.18,66.95,NA,79.22,0,7.630485657330066,-0.9028569152509824,4.575712406155308,-0.9434032233357925,4.763717483928964,0.4491025512463942,8.279730716303035,NA,NA,90.3,45.3,40.3,77.5,19.1,497,NA,NA,NA,NA,NA,NA,-0.1666284656085537,-3.476322203862292,NA,NA,NA,NA,82.88,0.5080451232418959,2.035538621685351,47.8,69.1,0.41928782600355596,-1.0079278994702179,2004-04,75.00835,75.00848,75.66126,75.08294,73.45799,40.151,-0.6182438284248803
Slovakia,2004-05-01,80.82,80.48,67.15,NA,79.49,0.34024353912505134,7.9162481272786245,0.4091506544685153,4.673214970441908,0.373459913706764,4.797662838022454,0.2982850832064621,8.205515571232258,NA,NA,91.3,47,40.1,88.6,18.8,492,NA,NA,NA,NA,NA,NA,-0.08359108189077702,-3.0871237655492934,NA,NA,NA,NA,83.14,0.3132155313318563,2.42266398638904,53.6,66.5,11.452342857934639,-3.8352783111816002,2004-05,74.98024,74.98038,75.5114,75.12139,73.51942,40.164,0.03237253343342239
Slovakia,2004-06-01,80.97,80.68,67.1,NA,79.64,0.18852516109744144,7.859975124512086,0.18542560476957348,4.61260613578931,0.24820067345823205,4.772479236543248,-0.07448789916102427,8.211888030645387,NA,NA,91.3,45.7,39.8,86.5,18.5,483,NA,NA,NA,NA,NA,NA,-0.4544102802781502,-4.155032082462817,NA,NA,NA,NA,83.18,0.04810004902742193,2.3476113104918817,50.8,64.2,-5.365271349232037,-3.519873696589304,2004-06,75.43127,75.43141,75.80152,75.41301,73.85426,39.923,-0.6018473096967902
Slovakia,2004-07-01,81.42,81.19,67.27,NA,79.78,0.17563672812652698,8.076369953875329,0.5542227376809983,6.888760278850192,0.6301373788343945,7.345444854915328,0.2530328059878073,9.130453688441786,NA,NA,91.4,45.5,39.7,84.5,18.2,476,NA,NA,NA,NA,NA,NA,-0.025127417529180462,-5.027924853269905,NA,NA,NA,NA,83,-0.2166326518167061,2.2787801389624995,54,62.6,6.108769197983843,-2.5237932589862844,2004-07,75.47854,75.47867,75.72215,75.39121,73.87282,39.899,-0.06013379951195219
Slovakia,2004-08-01,80.75,80.47,67.39,NA,79.69,-0.11287390676040232,6.8688165570610416,-0.8262980972067346,6.1941277701181185,-0.8907642716313724,6.587324189414634,0.17822669206113417,8.96724439316463,NA,NA,92.6,46,40.1,82.9,18,472,NA,NA,NA,NA,NA,NA,0.5984477165975832,-5.013997485973842,NA,NA,NA,NA,83.17,0.2046098083997805,2.335588467074956,58.1,61.1,7.3181617293591295,-2.425341192850272,2004-08,75.07883,75.07896,75.30203,74.96073,73.43205,40.111,0.5299349984619894
Slovakia,2004-09-01,80.42,80.11,67.4,NA,79.81,0.1504702478260178,6.376197771858028,-0.409506063363807,4.814376780652285,-0.4483753931015855,5.1089647799076765,0.01483789601355312,8.67416534546157,NA,NA,93.1,46.2,40.3,85.2,17.9,470,NA,NA,NA,NA,NA,NA,-0.18284546656435197,-4.014783709147274,NA,NA,NA,NA,83.26,0.10815358862332758,2.0874544375722337,58.1,60.8,0,-0.49220772054283657,2004-09,75.20046,75.20058,75.35132,75.09562,73.56644,40.049,-0.15469064960935697
Slovakia,2004-10-01,80.28,79.95,67.29,NA,79.94,0.1627543395260389,6.352160862943634,-0.17423775409897146,3.963933589060975,-0.19992509470627695,4.136936130875846,-0.16333807180339832,8.268402912507522,NA,NA,93.8,46.8,40.1,87.3,17.8,467,NA,NA,NA,NA,NA,NA,-0.314837867889306,-3.4723362795753943,NA,NA,NA,NA,83.59,0.3955653944235138,2.335960981963492,66.8,59.7,13.953741668473452,-1.825776857356498,2004-10,75.30651,75.3066,75.37616,75.27057,73.79842,39.997,-0.1299253112333254
Slovakia,2004-11-01,79.9,79.56,67.01,NA,79.82,-0.15022536625899363,6.028798342160435,-0.47446711559091526,2.7920595398627235,-0.488998529419149,2.894687286699149,-0.41697752151472756,7.738494831277709,NA,NA,93.8,45,39.1,87.6,17.7,463,NA,NA,NA,NA,NA,NA,-1.3527887900636415,-4.266878749700886,NA,NA,NA,NA,83.53,-0.07180469432492842,2.2151846901858008,59.1,59.4,-12.247215613054774,-0.5037794029957077,2004-11,76.1695,76.16958,76.10176,76.20315,74.80354,39.546,-1.1339900002657721
Slovakia,2004-12-01,79.73,79.41,66.77,NA,79.72,-0.12536042759938582,5.717317148256296,-0.21299262578242661,2.1937099824812734,-0.18871490786516176,2.2799178966359968,-0.35879841153025893,7.234687129856532,NA,NA,93.3,51.4,49,86.5,17.6,459,NA,NA,NA,NA,NA,NA,-1.723075406044039,-5.3292824608375255,NA,NA,NA,NA,83.85,0.38236395014026314,2.2920183079379264,56.1,59.8,-5.209511188340166,0.6711434587987064,2004-12,77.49132,77.4914,77.161,77.47357,76.10363,38.872,-1.7190354195036228
Slovakia,2005-01-01,80.94,80.79,66.99,NA,81.05,1.6545752837091143,3.1712878773424436,1.506221293331489,-0.6281195600334577,1.7228890584497059,-0.5431441571245976,0.3289476650398804,2.4785914449944713,NA,NA,93,45.1,38.5,86,17.3,451,NA,NA,NA,NA,NA,NA,-0.3027200453111334,-4.299634715040401,NA,NA,NA,NA,83.32,-0.6340871876446386,1.9145138256639882,60.8,60,8.045397644347041,0.33389012655140604,2005-01,78.09314,78.09321,77.64118,77.78277,76.33436,38.573,-0.7721647249681052
Slovakia,2005-02-01,80.74,80.69,66.64,NA,81.16,0.1356266775928816,2.6468461518001085,-0.24740240229244037,-0.9982213642228288,-0.1238543631202127,-0.7654358359331148,-0.5238356661588561,0.5416805300225036,NA,NA,93.1,44.6,38.3,90.1,17.1,445,NA,NA,NA,NA,NA,NA,-0.9485311365451388,-4.712172945009829,NA,NA,NA,NA,83.62,0.35941095356477604,2.0295453809693775,62,62.1,1.9544596072970322,3.4401426717332484,2005-02,79.17755,79.17764,78.49472,78.55606,77.06186,38.044,-1.3809165233781506
Slovakia,2005-03-01,80.5,80.58,66.32,NA,81.13,-0.03697085506404463,2.382401421320246,-0.2976931000277183,-0.8904337833634202,-0.13641720972135118,-0.4457659684518056,-0.4813487031547936,-0.49635357976782757,NA,NA,93.2,44.3,38.5,84.6,17,442,NA,NA,NA,NA,NA,NA,0.39752229580622966,-4.558585945320459,NA,NA,NA,NA,84.25,0.7505843304051574,2.1475241953717195,71.1,65.3,13.695295176410305,5.024604734295224,2005-03,78.7404,78.7405,78.05011,78.21632,76.75613,38.253,0.5478603949375493
Slovakia,2005-04-01,80.41,80.47,66.42,NA,81.31,0.22162038127726547,2.6040218025975115,-0.11186378644598705,-0.09944065455842477,-0.13660356051596878,0.36103369436801813,0.1506705121561147,-0.7947856188581071,NA,NA,94.6,45.8,39.7,85.7,16.7,435,NA,NA,NA,NA,NA,NA,2.4750827876387937,-1.9168746920731117,NA,NA,NA,NA,84.6,0.41456973797071583,2.0540488101005394,70.3,63.3,-1.1315537992575564,-3.1106707132254385,2005-04,76.77178,76.77189,76.3602,76.39203,74.87967,39.232,2.5270751744231656
Slovakia,2005-05-01,80.98,81.07,66.18,NA,81.41,0.12291053661401818,2.3866888000864783,0.7063664043957196,0.19777509536877957,0.7428534841573686,0.7304272648186227,-0.3619913455134238,-1.455062047577993,NA,NA,94.8,45.4,39.6,85.5,16.6,431,NA,NA,NA,NA,NA,NA,-0.37668181705896586,-2.2099654272413005,NA,NA,NA,NA,84.78,0.21253993123133696,1.95337321000002,66,62.7,-6.311705679019397,-0.9523881511255716,2005-05,77.21558,77.21571,76.87605,76.75624,75.16226,39.004,-0.5828535340873575
Slovakia,2005-06-01,81.83,82.09,66.01,NA,81.73,0.39230159421519417,2.590465233204231,1.0441713935275487,1.0565208841267548,1.2503227360559421,1.7325493274163328,-0.25720567927871585,-1.6377798276956845,NA,NA,94.7,45.5,39.8,86.7,16.3,425,NA,NA,NA,NA,NA,NA,-0.3770973821065837,-2.132652529069734,NA,NA,NA,NA,84.87,0.10610080570945257,2.0113739666820507,72.9,62.4,9.943389698818716,-0.4796172263493048,2005-06,78.15472,78.15486,77.64055,77.14761,75.44623,38.535,-1.2097285742916242
Slovakia,2005-07-01,80.59,80.82,65.75,NA,81.47,-0.31862772054873645,2.0962007845289676,-1.52693522028704,-1.0246370738412836,-1.559174670984742,-0.4567627224028037,-0.3946574642805345,-2.2854700979640263,NA,NA,94.9,46.6,39.5,94.1,16.1,418,NA,NA,NA,NA,NA,NA,0.8693512746982712,-1.2381738368422823,NA,NA,NA,NA,84.78,-0.10610080570945257,2.1219058127893042,77.2,61.9,5.731081801611815,-0.8045095684831693,2005-07,77.44918,77.44932,76.99662,76.52156,74.79318,38.886,0.9067369443677364
Slovakia,2005-08-01,79.43,79.43,65.68,NA,81.39,-0.09824389836001757,2.1108307929293524,-1.449844169137915,-1.6481831457724638,-1.7348329005286267,-1.300831351300058,-0.10652059137008507,-2.5702173813952456,NA,NA,95.2,45.5,39.3,91.1,16,417,NA,NA,NA,NA,NA,NA,-0.48815600741916043,-2.324777560859026,NA,NA,NA,NA,84.98,0.23562687621740963,2.1529228806069334,86.8,61,11.720716463557412,-1.464631551723894,2005-08,77.86382,77.86395,77.18203,76.84846,75.15918,38.681,-0.528576526864244
Slovakia,2005-09-01,79.01,79.02,65.46,NA,81.62,0.28219146387087335,2.242552008974208,-0.5301703910398636,-1.7688474734485204,-0.5175145661796776,-1.3699705243781501,-0.33551960711388773,-2.9205748845226864,NA,NA,95.9,45.7,39.7,91.3,16.1,421,NA,NA,NA,NA,NA,NA,-0.26217883230632566,-2.4041109266009997,NA,NA,NA,NA,85.42,0.5164330726654676,2.5612023646490734,89.7,62,3.2864147398445454,1.6260520871780315,2005-09,78.31727,78.31738,77.45547,77.06425,75.35649,38.459,-0.5755784622432092
Slovakia,2005-10-01,78.92,78.86,65.59,NA,82.72,1.3387080782459648,3.418505747694134,-0.11397455802280021,-1.7085842773723492,-0.20268565337628885,-1.372731083048162,0.19839762326103738,-2.5588391894582507,NA,NA,96.9,46.7,40.2,87.9,16,419,NA,NA,NA,NA,NA,NA,1.1893719000046765,-0.8999011587070171,NA,NA,NA,NA,85.63,0.24554236247809058,2.41117933270365,86,63.1,-4.2123472811242735,1.7586384502076058,2005-10,77.37921,77.37933,76.70537,76.22939,74.46553,38.923,1.199259675683173
Slovakia,2005-11-01,79.16,79.12,65.37,NA,82.73,0.012088244197272502,3.5808193581504,0.30364395799509225,-0.9304732037863417,0.32915588649755634,-0.5545766671314567,-0.33598076810061883,-2.477842436044142,NA,NA,96.9,47.3,42.1,84.9,15.7,412,NA,NA,NA,NA,NA,NA,-0.37600343149764015,0.0768841998589842,NA,NA,NA,NA,85.45,-0.21042794765007145,2.272556079378507,78.7,62,-8.87041408301501,-1.7586384502076058,2005-11,77.86947,77.86959,77.17809,76.58666,74.74605,38.678,-0.6314372599284468
Slovakia,2005-12-01,78.85,78.89,65.43,70.08,82.77,0.04833836952125026,3.754518155271036,-0.39238073253180517,-1.1098613105357202,-0.2911210207458659,-0.6569827800121608,0.09174312570090493,-2.027300898812978,NA,NA,96,50.1,45.8,89.2,15.4,405,NA,NA,NA,NA,NA,NA,-1.9756706050164219,-0.1757109991133987,NA,NA,NA,NA,85.74,0.33880516082307466,2.2289972900613186,83.2,63.7,5.560419240380554,2.7050177533025632,2005-12,79.52748,79.5276,78.62726,78.08279,76.23747,37.872,-2.1058910168478384
Slovakia,2006-01-01,79.97,79.98,66.19,70.76,84.35,1.890913209467282,3.9908560810292038,1.4104250934750873,-1.2056575103921219,1.3722126311674465,-1.0076592072944202,1.1548525249184038,-1.2013960389344547,0.9656422663448794,NA,95.9,49.7,44.6,85.8,15,394,NA,NA,NA,NA,NA,NA,-1.0712059084561076,-0.944196862258373,NA,NA,NA,NA,85.35,-0.45590119293814624,2.407183284767811,85.4,64.7,2.6098752967361527,1.557663892873773,2006-01,80.33321,80.33334,79.27984,78.87637,77.05852,37.492,-1.0084475887389033
Slovakia,2006-02-01,80.46,80.47,66.47,69.9,84.62,0.31958362999446877,4.174813033430791,0.6108602177843814,-0.34739489031530013,0.6107840739368875,-0.27302077023731997,0.4221323922658726,-0.2554279805097259,-1.222822005182067,NA,97,48.6,43,86.3,14.6,384,NA,NA,NA,NA,NA,NA,0.11720041194358544,0.12153468623035124,NA,NA,NA,NA,85.59,0.2808004653068963,2.328572796509931,80.3,67.4,-6.1576479841808585,4.088381641140604,2006-02,80.54814,80.54828,79.37056,78.88884,76.96826,37.39,-0.2724287895216726
Slovakia,2006-03-01,80.78,80.85,66.62,70.63,84.63,0.011816839009259894,4.223600727504095,0.396924361362494,0.34722257107491217,0.471114186507382,0.33451062599141324,0.2254114712043176,0.4513321938493853,1.03893341810668,NA,97,51.2,45.8,91,14.3,375,NA,NA,NA,NA,NA,NA,-0.18608534919497544,-0.46207295877085386,NA,NA,NA,NA,86.09,0.5824806776344893,2.160469143739263,82.1,66.2,2.216839550566707,-1.7964554975298697,2006-03,80.36131,80.36145,79.46813,79.06431,77.11162,37.478,0.23508051644518524
Slovakia,2006-04-01,81.14,81.29,66.81,71.64,84.89,0.30674870678621957,4.3087290530130495,0.44466476430340407,0.9037511218243033,0.5427421735365812,1.0138563600439632,0.2847937171852166,0.5854553988784872,1.4198593771680201,NA,97.7,50.7,44.5,87.3,14,369,NA,NA,NA,NA,NA,NA,-0.5922904448322441,-3.5294461912418917,NA,NA,NA,NA,86.66,0.6599155641899834,2.4058149699585307,91.3,65.8,10.621277114254024,-0.606062461169099,2006-04,80.58281,80.58296,79.73354,79.49282,77.5697,37.374,-0.2778818653410564
Slovakia,2006-05-01,82.69,82.9,67.23,72.89,85.31,0.4935380170726589,4.67935653347169,1.8922617955774435,2.089646513006027,1.961205438276803,2.2322083141633975,0.6266806543560044,1.5741273987479154,1.7297878201610217,NA,98.1,51.9,47.6,83.3,13.7,360,NA,NA,NA,NA,NA,NA,0.2047480937664936,-2.9480162804164323,NA,NA,NA,NA,86.89,0.265053453935149,2.4583284926623428,89.9,68.2,-1.5452846123348074,3.5824726518145056,2006-05,80.14434,80.1445,79.1888,79.16965,77.41104,37.578,0.5443497271267361
Slovakia,2006-06-01,83.09,83.33,67.33,73.62,85.43,0.14056462429241634,4.427619563548912,0.4825681942814519,1.5280433137599303,0.5173566252866024,1.4992422033940578,0.14863260762441044,1.9799656856510417,0.9965272556753391,NA,98.6,53.3,48.2,90.8,13.4,352,NA,NA,NA,NA,NA,NA,0.86472925139498,-1.7061896469148685,NA,NA,NA,NA,86.96,0.08052919618393162,2.432756883136822,88.5,65.8,-1.5695389463691534,-3.5824726518145056,2006-06,79.12477,79.12493,78.4794,78.56929,76.74453,38.062,1.2797636323504502
Slovakia,2006-07-01,81.99,82.2,67.19,73.95,85.53,0.11698644291628923,4.863233727013938,-1.3327069068803432,1.7222716271666272,-1.3653326331980686,1.6930842411807312,-0.20814756251308353,2.1664755874184927,0.44724612059336977,NA,99.7,54.4,49.4,86.4,13.3,347,NA,NA,NA,NA,NA,NA,0.7863315034759566,-1.7892094181371831,NA,NA,NA,NA,86.85,-0.12657501258397374,2.4122826762623006,94,66.9,6.0292230256120405,1.657912880291157,2006-07,78.47341,78.47357,77.87154,77.96667,76.14343,38.377,0.8241912718311983
Slovakia,2006-08-01,80.79,80.81,67.34,74.58,85.44,-0.10528163808052327,4.856195987293432,-1.4744093116469514,1.6977064846575907,-1.7054581816778658,1.7224589600314921,0.2229986800869277,2.4959948588755054,0.8483185593866516,NA,99.9,55.6,51,88.4,13.1,342,NA,NA,NA,NA,NA,NA,-1.609391350018452,-2.9104447607364747,NA,NA,NA,NA,86.93,0.09207044038586076,2.2687262404307518,94.7,66.6,0.7419217922028487,-0.44943895878395423,2006-08,79.9507,79.95085,79.11486,79.18031,77.37879,37.669,-1.8620846784891842
Slovakia,2006-09-01,80.71,80.77,67.51,73.92,85.27,-0.19916824579269132,4.374836277629868,-0.09907121553363041,2.128805660163824,-0.04951107911512764,2.190462447096042,0.25213213208514773,3.083646598074541,-0.8888947417246662,NA,99,55.3,50.5,83.5,12.8,335,NA,NA,NA,NA,NA,NA,-0.5348381732578567,-3.1831041016880057,NA,NA,NA,NA,86.93,0,1.7522931677652842,80.3,66.4,-16.49443792393166,-0.30075210639548544,2006-09,80.32364,80.32375,79.61231,79.66135,77.79375,37.497,-0.45765452520614147
Slovakia,2006-10-01,80.58,80.57,67.77,74.63,85.29,0.023452157706049803,3.0595803570899527,-0.16120035730793347,2.0815798608786906,-0.24792376651001646,2.1452243339623145,0.3843884094242078,3.2696373842377113,0.9559143809867443,NA,98.4,55.2,50.8,81.9,12.6,330,NA,NA,NA,NA,NA,NA,-1.5411062202006498,-5.913582221893332,NA,NA,NA,NA,87,0.08049215636107832,1.587242961648272,77,69.3,-4.19641990990316,4.274784971346879,2006-10,81.83558,81.8357,80.91616,80.93068,79.00192,36.804,-1.865439485607956
Slovakia,2006-11-01,81.29,81.32,68.31,75.01,85.74,0.5262246838812601,3.5737167967739403,0.8772527995279944,2.6551887024115928,0.9265616971041446,2.7426301445689028,0.7936549595735976,4.399273111911928,0.5078866838249319,NA,98,56.1,52,83.8,12.4,324,NA,NA,NA,NA,NA,NA,-2.443858217817585,-7.981437008213277,NA,NA,NA,NA,87.03,0.034476814683870316,1.8321477239822137,79.2,72.6,2.8170876966695957,4.652001563489261,2006-11,83.93259,83.93272,82.68585,82.84797,80.9564,35.884,-2.5315021223077494
Slovakia,2006-12-01,81.55,81.7,68.69,76.65,85.8,0.06995453240854488,3.595332959661235,0.31933213085419965,3.3669015657975976,0.4662013105811269,3.4999524758958955,0.5547459482032835,4.862275934414306,2.1628167336277926,8.961215868968697,96.9,56.8,54.1,79.9,12.1,315,NA,NA,NA,NA,NA,NA,-2.6900817620878037,-8.695848165284659,NA,NA,NA,NA,87.37,0.3899087508580479,1.883251314017187,82.2,72.9,3.7179003241754494,0.41237171838623965,2006-12,86.13534,86.13547,84.67132,85.01407,83.16375,34.967,-2.5886754119868183
Slovakia,2007-01-01,83.31,83.48,69.73,79.65,86.23,0.4999138470316744,2.2043335972256273,2.1352260919794475,4.091702564301958,2.1553080343043263,4.283047879032775,1.502701300712861,5.210124710208763,3.839243103823442,11.83481670644726,95.9,59.4,57.3,80.6,11.7,306,NA,NA,NA,NA,NA,NA,-0.4887885995529473,-8.113430856381498,NA,NA,NA,NA,86.92,-0.5163818921773533,1.8227706147779799,73.6,73.5,-11.051027632730381,0.8196767204178279,2007-01,86.67175,86.67188,85.30704,85.51688,83.57124,34.751,-0.619641100200008
Slovakia,2007-02-01,83.74,83.88,70.46,82.09,86.31,0.0927321267332637,1.9774820939644222,0.5148170604179825,3.995659406935559,0.4780123824718707,4.1502761875677585,1.04145316801727,5.829445485960161,3.017417000411715,16.075055712041042,96.4,58.4,54.8,82.6,11.4,298,NA,NA,NA,NA,NA,NA,-0.9201268454536837,-9.150758113778767,NA,NA,NA,NA,87.17,0.2872079635255709,1.8291781129966544,79.1,75.9,7.206784903877761,3.213127818279382,2007-02,87.32794,87.32807,86.08053,86.32146,84.34375,34.49,-0.7538921626419448
Slovakia,2007-03-01,83.65,83.73,71.1,82.51,86.36,0.057913941504050825,2.023579196459213,-0.10753331581643266,3.4912017297566322,-0.17898698173786087,3.5001750193225156,0.9042163896102906,6.508250404366134,0.5103291756077155,15.546451469542077,96.3,60.7,56.6,84.3,11.2,293,NA,NA,NA,NA,NA,NA,-2.1439482617931382,-11.10862102637693,NA,NA,NA,NA,87.75,0.6631627322490452,1.9098601676112104,82.7,75.6,4.450672725603688,-0.3960401216096976,2007-03,89.07925,89.07937,87.73111,88.13107,86.17156,33.813,-1.9824083020698158
Slovakia,2007-04-01,84.52,84.77,72.39,83,86.6,0.27752099217828174,1.9943514818512753,1.0346765315023099,4.081213496955538,1.2344370403973848,4.191869886183319,1.7980831495854943,8.021539836766411,0.5921109680346426,14.7187030604087,96.3,59.3,55.4,80.6,11.3,293,NA,NA,NA,NA,NA,NA,-1.0024603134608512,-11.518790895005537,NA,NA,NA,NA,88.31,0.6361489134735443,1.8860935168947712,88.8,75.5,7.116704796847895,-0.13236269305085813,2007-04,89.93582,89.93593,88.38675,88.93841,87.03974,33.491,-0.9568597908129028
Slovakia,2007-05-01,84.92,85.11,72.85,82.82,86.62,0.02309202180912351,1.52390548658774,0.47214440871989893,2.6610961100979935,0.40028308685551295,2.6309475347620292,0.6334364336163745,8.028295616026782,-0.2171029679177039,12.771812272329974,96.4,62.7,59.6,83.1,11.3,294,NA,NA,NA,NA,NA,NA,0.7533382369111052,-10.970200751860926,NA,NA,NA,NA,88.52,0.23751637021378613,1.8585564331734084,88.9,77.9,0.11254925217345502,3.129329662172342,2007-05,89.27658,89.27673,87.7459,88.30227,86.3865,33.736,0.7288770424336288
Slovakia,2007-06-01,84.57,84.72,73.37,83,86.68,0.06924408816777472,1.4525849504630983,-0.4130043040924569,1.7655236117240847,-0.4592836195718597,1.6543072899035671,0.7112600084689724,8.590923016871344,0.2171029679177039,11.99238798457234,96.3,61.5,57.7,80.3,11.4,297,NA,NA,NA,NA,NA,NA,0.8396294828592055,-10.9953005203967,NA,NA,NA,NA,88.61,0.1016202876361838,1.8796475246256605,92.8,81.5,4.2934497272296035,4.517706737011462,2007-06,88.57856,88.5787,87.19544,87.62184,85.66421,34.002,0.7853829971278703
Slovakia,2007-07-01,83.46,83.45,73.55,84.03,86.58,-0.11543346543234634,1.2201650421144628,-1.3212118630724135,1.7770186555320144,-1.5104051185306666,1.5092348045709691,0.2450314321543523,9.04410201153878,1.2333270143528807,12.77846887833185,97,62.3,57.4,80.5,11.5,301,NA,NA,NA,NA,NA,NA,-1.9853620820693862,-13.766994105942043,NA,NA,NA,NA,88.39,-0.248587698635383,1.7576348385742513,98,83.4,5.452083887841752,2.304528911788406,2007-07,90.37088,90.37104,88.7438,89.30258,87.38195,33.326,-2.008147329910548
Slovakia,2007-08-01,82.67,82.48,73.67,83.91,86.5,-0.09244280760007939,1.2330038725949066,-0.9510695898822696,2.3003583772966962,-1.169181039913969,2.045511946334866,0.1630213647275447,8.984124696179396,-0.1429082058148623,11.787242113130336,96.7,60.9,57.8,81.1,11.5,302,NA,NA,NA,NA,NA,NA,0.7823898543237284,-11.375212901599863,NA,NA,NA,NA,88.45,0.06785795329378175,1.7334223514821723,91.4,84.7,-6.9722000210467705,1.54672922933079,2007-08,89.62778,89.62793,88.12608,88.61229,86.70095,33.603,0.8277475581280225
Slovakia,2007-09-01,83.36,83.27,74.95,83.47,86.75,0.2886004889134597,1.7207726073010576,0.8311798740472831,3.2306094668776097,0.9532500539023658,3.0482730793523594,1.7225563853884296,10.454548949482678,-0.5257510019332834,12.150385852921719,97.3,63.6,59.1,81.9,11.3,297,NA,NA,NA,NA,NA,NA,0.5200640311604054,-10.3203106971816,NA,NA,NA,NA,88.78,0.372397880009423,2.1058202314915953,98.1,89.4,7.074188811121296,5.40050805214598,2007-09,89.0318,89.03195,87.45875,88.09364,86.25122,33.829,0.6703074095494088
Slovakia,2007-10-01,85.76,85.89,78.83,82.82,87.35,0.6892617753097241,2.386582224904732,2.838411931743501,6.230221755929044,3.097906753040558,6.394103598902934,5.0472410523210165,15.117401592379487,-0.7817707745224389,10.412700697412536,97.4,63.5,60.8,80.4,10.9,287,NA,NA,NA,NA,NA,NA,-0.6278478790916253,-9.407052356072576,NA,NA,NA,NA,89.21,0.48317415198031455,2.5085022271108315,105.7,92.8,7.461752630487428,3.732595761268609,2007-10,89.57643,89.57657,87.76266,88.57967,86.79445,33.624,-0.6078325090390635
Slovakia,2007-11-01,86.77,86.98,80.84,82.75,87.7,0.39988627980713787,2.2602438208306097,1.170824248290625,6.523793204691675,1.2610799391358896,6.728621840934679,2.5178257463603693,16.84157237916626,-0.08455638602491433,9.82025762756269,98.3,67.8,65.2,83.1,10.6,280,NA,NA,NA,NA,NA,NA,-1.4988081001894749,-8.462002238444466,NA,NA,NA,NA,89.69,0.5366139204219245,3.0106393328488856,117.1,96.2,10.242337772747945,3.59827178795058,2007-11,90.63074,90.63088,88.68667,89.79309,88.10513,33.232,-1.172683056905921
Slovakia,2007-12-01,87.43,87.8,82.7,82.79,87.94,0.2732864374526578,2.4635757258747226,0.7577533387401303,6.962214412577605,0.9383293471578291,7.200749877511381,2.2747709494225,18.561597380385475,0.0483266893542833,7.70576758328918,98.1,64.7,62,83.2,10.5,277,NA,NA,NA,NA,NA,NA,0.6576359834586931,-5.114284492897969,NA,NA,NA,NA,90.05,0.400579149205349,3.0213097311961867,116.3,99.8,-0.6855211079052737,3.67388256457577,2007-12,90.16375,90.1639,88.08114,89.24092,87.52762,33.404,0.5162386157226972
Slovakia,2008-01-01,89.26,89.64,84.23,83.64,88.97,1.1644470504012183,3.1281089292442665,2.0714986008324665,6.898486921430624,2.074014829165538,7.119456672372593,1.8331550297626897,18.892051109435304,1.0214593409718198,4.887983820437558,98.6,93.3,95.1,104.1,10.4,275,NA,NA,NA,NA,NA,NA,0.1640370158815685,-4.461458877463453,NA,NA,NA,NA,89.7,-0.38943025572146794,3.148261367652072,118.6,106.2,1.9583427039006729,6.215592549042004,2008-01,89.78035,89.7805,87.75821,89.07274,87.38416,33.546,0.4241977981580103
Slovakia,2008-02-01,89.75,90.17,84.74,85.12,89.23,0.2918071655384047,3.3271839680494075,0.5474568167264771,6.931126677739119,0.5895128579089359,7.230957147809658,0.6036592871140556,18.45425722853209,1.7540151032901186,3.6245819233159615,99.6,94.5,93.5,114.3,10.3,271,NA,NA,NA,NA,NA,NA,-1.225588552919099,-4.766920584928869,NA,NA,NA,NA,90.02,0.35610988000360777,3.217163284130109,124.4,116.1,4.774569374145354,8.912777989600773,2008-02,91.02944,91.02962,88.80523,90.1766,88.46172,33.085,-1.3837623808540478
Slovakia,2008-03-01,90.01,90.44,85.51,85.76,89.49,0.290958128270713,3.5602281548160697,0.28927479006055634,7.327934783616108,0.29898698979531346,7.708931119342832,0.9045582969450905,18.45459913586689,0.7490671729157405,3.8633199206239865,99.5,93.2,89.5,104.1,10.2,268,NA,NA,NA,NA,NA,NA,-2.510044459120664,-5.133016782256394,NA,NA,NA,NA,90.9,0.9728133318646748,3.5268138837457386,134,123.9,7.43376196458323,6.502289993125032,2008-03,92.67135,92.67153,90.31356,92.23998,90.71025,32.499,-1.7870687832482801
Slovakia,2008-04-01,91.09,91.51,86.6,87.42,89.76,0.3012554579619575,3.5839626205997455,1.1927253487724165,7.485983600886215,1.1761608517518063,7.650654930697254,1.2666487400525561,17.92316472633395,1.91713921126766,5.188348163857004,99.5,90.4,92.1,100.3,10.2,269,NA,NA,NA,NA,NA,NA,-0.519427709528486,-4.649984178324029,NA,NA,NA,NA,91.19,0.3185240762141106,3.209189046486305,143.1,127.6,6.570388661149362,2.9425582275592888,2008-04,93.02772,93.02791,90.35672,92.68824,91.18265,32.374,-0.385368811977127
Slovakia,2008-05-01,92.03,92.58,87.33,89.89,90.1,0.37807228399051596,3.938942882781138,1.0266582094047294,8.040497401571045,1.1624879675837363,8.412859811425477,0.8394230857252438,18.12915137844282,2.7862611150139216,8.19171224678863,100.5,91,88.9,104.5,10.2,269,NA,NA,NA,NA,NA,NA,-2.5186634077442704,-7.921985822979405,NA,NA,NA,NA,91.76,0.6231230875541449,3.5947957638266637,159.8,127.3,11.037934676976935,-0.23538653473282878,2008-05,95.71333,95.71352,92.82703,95.07206,93.5084,31.466,-2.8448033693537322
Slovakia,2008-06-01,92.66,93.29,87.94,92.35,90.42,0.3545317252167557,4.224230519830119,0.6822269137736647,9.135728619437167,0.7639785369745411,9.636121967971878,0.6960717327022081,18.113963102676056,2.699900605994099,10.674509884865024,99.8,90.8,89.7,97.3,9.9,261,NA,NA,NA,NA,NA,NA,-3.377803286209957,-12.139418592048568,NA,NA,NA,NA,92.11,0.3807042179028386,3.8738796940933184,172.7,131.2,7.763295182045837,3.0176370946627173,2008-06,99.32438,99.32457,96.00876,98.38681,96.72088,30.322,-3.703407615884169
Slovakia,2008-07-01,91.55,92,88.69,95.79,90.41,-0.011060111718474985,4.32860387354399,-1.2051608867982289,9.251779595711351,-1.392434392382924,9.75409269411962,0.8492379635697489,18.718169634091453,3.6572588749551826,13.098441745467326,100.1,92.9,92.7,98.4,9.4,249,NA,NA,NA,NA,NA,NA,0.38972305123214923,-9.764333458747032,NA,NA,NA,NA,91.97,-0.1521078085537475,3.970359584174954,173.5,128.1,0.46216142342814237,-2.3911667607299236,2008-07,99.3358,99.336,95.43351,97.94944,96.34467,30.319,-0.009894295946466514
Slovakia,2008-08-01,90.56,90.94,89.4,99.28,90.35,-0.06638637110372159,4.354660310040348,-1.0872656665647185,9.115583519028903,-1.1588628652176247,9.764410868815965,0.7973538791107515,19.35250214847466,3.5785845501551172,16.819934501437306,99.8,88,86.6,97.1,9,240,NA,NA,NA,NA,NA,NA,0.44319505546717153,-10.103528257603589,NA,NA,NA,NA,91.84,-0.14145043433497761,3.7610511965461946,147.6,116.1,-16.167168722054193,-9.835932019884286,2008-08,99.28363,99.28385,95.67039,97.74024,95.91862,30.334,0.049461692927987855
Slovakia,2008-09-01,89.81,90.05,89.79,99.31,90.7,0.3866340082853803,4.452693829412269,-0.8316286772014791,7.45277496778014,-0.983487677489947,7.827673137423652,0.43529283532484087,18.06523859841107,0.030213001891610247,17.3758985052622,99.2,87.1,85.4,95.5,8.8,235,NA,NA,NA,NA,NA,NA,-0.19794068025662526,-10.82153296902062,NA,NA,NA,NA,92.01,0.1849334223013699,3.5735867388381415,131,108.7,-11.930858896522079,-6.586009457668229,2008-09,99.44608,99.44633,96.18993,97.98032,96.10867,30.283,-0.16826966703642476
Slovakia,2008-10-01,89.77,89.96,90.16,103.71,91.01,0.34120334681730924,4.104635400919854,-0.044548391426069145,4.56981464461057,-0.0999944530850172,4.629771931298077,0.4112259198803869,13.429223465970441,4.335227168637523,22.49289644842216,99.5,82.1,80.7,91.9,8.7,233,NA,NA,NA,NA,NA,NA,0.5815626458523404,-9.612122444076654,NA,NA,NA,NA,92.04,0.03259983728947091,3.123012424147298,100.5,91.2,-26.503959570202085,-17.55368970468778,2008-10,98.8755,98.87573,96.43963,97.67129,95.55136,30.459,0.579501802835436
Slovakia,2008-11-01,89.43,89.61,90.08,106.04,91.12,0.12079285496628955,3.8255419760790055,-0.3794647410507501,3.019525655269195,-0.38982061949868196,2.978871372663505,-0.08877053401405988,10.822627185596012,2.22178388191816,24.799236716365236,97,81.6,80.5,93.2,8.9,235,NA,NA,NA,NA,NA,NA,-0.5606986679338455,-8.674013011821025,NA,NA,NA,NA,91.59,-0.4901169752268508,2.0962815284985226,78.8,85.3,-24.324473063529695,-6.688044258265258,2008-11,99.11501,99.11526,97.19529,98.41071,96.08862,30.385,-0.24324513998763564
Slovakia,2008-12-01,89.28,89.54,90.31,106.9,91.06,-0.06586892322912874,3.486386615397219,-0.16786977250893287,2.093902544020132,-0.07814680833080345,1.9623952171748726,0.2550031871327185,8.80285942330623,0.8077436610174793,25.558653688028432,94.9,80.5,74.7,99.2,9.1,241,NA,NA,NA,NA,NA,NA,-2.8549428591294834,-12.186591854409201,NA,NA,NA,NA,91.47,-0.13110457466236625,1.5645978046308073,64.4,82.2,-20.179936375352536,-3.7019152435498803,2008-12,99.74189,99.74209,98.70155,100.75415,98.87143,30.196,-0.6239600309940307
Slovakia,2009-01-01,90.1,90.25,90.18,108.6,91.38,0.35080062284897906,2.6727401878449797,0.9142665981291209,0.9366705413167864,0.7898144400170892,0.6781948280264238,-0.14405232697694004,6.825652066566601,1.5777589468835451,26.114953293940157,93.2,66.9,67.3,86.3,9.9,267,NA,NA,NA,NA,NA,NA,-1.6135994940721154,-13.964228364362885,NA,NA,NA,NA,90.71,-0.8343445041419706,1.1196835562103047,66.3,88.6,2.907626408150854,7.497655554890059,2009-01,99.98133,99.98146,99.95261,101.87976,100.47976,NA,NA
Slovakia,2009-02-01,89.95,90.21,90.02,110.14,91.36,-0.021889022742538344,2.3590439995640367,-0.1666204217749545,0.22259330281535483,-0.044331154444332554,0.04435081567315535,-0.17758051281520082,6.0444122666373445,1.4080876334500836,25.769025824100122,93.9,72.2,71,90.3,10.3,280,NA,NA,NA,NA,NA,NA,-1.0825178758302023,-13.821157687273988,NA,NA,NA,NA,91.08,0.40706365686853374,1.1706373330752307,61.8,87.7,-7.02865327281712,-1.0209958232898053,2009-02,99.98773,99.98781,101.25557,102.69562,101.57338,NA,NA
Slovakia,2009-03-01,89.13,89.3,89.82,111.83,91.11,-0.2740178181933395,1.7940680530999842,-0.9157982253916508,-0.9824797126368523,-1.0138797786093612,-1.2685159527315193,-0.22242002051946486,4.917433949172789,1.5227577205761733,26.542716371760555,93.1,71.6,70.9,89.2,10.8,294,NA,NA,NA,NA,NA,NA,-0.23933323828995157,-11.550446466443276,NA,NA,NA,NA,91.42,0.37260317080596295,0.5704271720165188,64.1,87.3,3.654099946297862,-0.45714365325801865,2009-03,99.99033,99.99039,100.99592,103.02649,101.81677,NA,NA
Slovakia,2009-04-01,88.06,88.23,89.2,112.79,91.01,-0.10981771365026205,1.3829948814877646,-1.2077577815017726,-3.3829628429110414,-1.205444664844002,-3.6501214693273276,-0.6926628073627761,2.958122401757457,0.8547821611728068,25.480359321665702,92.6,71.2,68,89,11.2,305,NA,NA,NA,NA,NA,NA,0.8475882480293073,-10.183430508885483,NA,NA,NA,NA,91.75,0.36032140310817695,0.6122244989105852,66.5,90.6,3.675758373518434,3.710375020337686,2009-04,99.98891,99.98899,100.36651,102.24128,100.95743,NA,NA
Slovakia,2009-05-01,88.29,88.44,88.71,112.24,91.07,0.06590509904631503,1.0708276965435637,0.2608450585882771,-4.148775993727494,0.23773147552317297,-4.574877961387891,-0.5508417053468051,1.567857610685408,-0.48882468576199045,22.20527352088979,91.7,73.9,70.3,89.8,11.6,317,NA,NA,NA,NA,NA,NA,0.19177938534866712,-7.472987715792545,NA,NA,NA,NA,91.8,0.05448106917649298,0.04358248053293323,74.2,96.6,10.956220251152615,6.412452816953884,2009-05,99.98361,99.98372,100.06734,102.02949,100.764,NA,NA
Slovakia,2009-06-01,87.59,87.69,87.99,112.04,91.08,0.010979961581103481,0.7272759329079115,-0.7960014738492838,-5.627004381350442,-0.8516488197980898,-6.190505318160522,-0.8149450875026609,0.05684079048053903,-0.17834854022975577,19.327024374665935,91.8,72.9,70.3,88.5,12,326,NA,NA,NA,NA,NA,NA,-0.24484708107799236,-4.34003151066058,NA,NA,NA,NA,91.98,0.19588644853332227,-0.1412352888365831,85.8,96.9,14.5254856320582,0.31007776782479013,2009-06,99.9744,99.97457,100.22433,102.20915,101.01102,NA,NA
Slovakia,2009-07-01,86.31,86.17,88.17,113.72,90.97,-0.12084593615675487,0.6174901084696316,-1.4721369943432094,-5.893980488895423,-1.7485778539588992,-6.546648779736497,0.2043597441466538,-0.5880374289425561,1.4883336390891344,17.158099138799887,91.4,77.4,77.3,92.3,12.3,335,NA,NA,NA,NA,NA,NA,0.40778591525834074,-4.321968646634389,NA,NA,NA,NA,91.38,-0.6544525976652338,-0.6435800779480694,80.8,92.2,-6.0042040966866495,-4.971938833417244,2009-07,99.97665,99.9768,99.56107,101.57963,100.59995,NA,NA
Slovakia,2009-08-01,85.2,84.99,87.83,113.71,90.78,-0.20907848056515022,0.47479799900820296,-1.294403239629549,-6.101118061960253,-1.3788486741140638,-6.766634588632936,-0.3863641169910004,-1.771755425044308,-0.00879391461676704,13.570720674028003,91.4,81.6,82,87,12.6,343,NA,NA,NA,NA,NA,NA,0.20999180456851008,-4.55517189753305,NA,NA,NA,NA,91.69,0.33866859266833416,-0.1634610509447576,88.6,95.6,9.21548920839852,3.6212689494807826,2009-08,99.97695,99.9771,99.08349,101.19213,100.38892,NA,NA
Slovakia,2009-09-01,85.03,84.75,87.77,111.04,90.74,-0.04407227925016244,0.04409171147266022,-0.19972984375691283,-5.469219228515687,-0.2827856249974836,-6.065932536140473,-0.06833713249996265,-2.2753853928691115,-2.3760850878137063,11.164422584322686,91.4,79.8,78.4,84.3,13.1,357,NA,NA,NA,NA,NA,NA,-0.2510470144633459,-4.608278231739771,NA,NA,NA,NA,91.71,0.02181025090433053,-0.32658422234179696,83.2,92.5,-6.288450978387239,-3.2964175538976015,2009-09,99.97707,99.97723,99.06403,101.44982,100.64126,NA,NA
Slovakia,2009-10-01,84.57,84.21,87.15,111.32,90.89,0.16517098948609643,-0.13194064585855259,-0.5424541603570532,-5.967124997446671,-0.6392067218659037,-6.605144804921359,-0.7088984637995566,-3.395509776549055,0.2518439899195535,7.081039405604717,91.2,79.1,78.6,86.7,13.4,366,NA,NA,NA,NA,NA,NA,-0.264977179300363,-5.454818056892474,NA,NA,NA,NA,91.92,0.2287208969647736,-0.13046316266649427,90.9,93.5,8.851265335627012,1.0752791776261539,2009-10,99.97455,99.97473,99.31488,101.87842,100.90829,NA,NA
Slovakia,2009-11-01,84.88,84.57,86.88,108.42,91.15,0.2856516993992919,0.032918198574449775,0.36589005115965634,-5.221770205236265,0.4265914752229705,-5.788732710199707,-0.31029157804054464,-3.6170308205755397,-2.6396362825497732,2.219619241136783,92.1,80.9,80.4,88.7,13.8,377,NA,NA,NA,NA,NA,NA,0.12966704185863875,-4.76445234709999,NA,NA,NA,NA,92.03,0.11959773102656612,0.4792515435869227,95,96.8,4.411689041710787,3.468555798789019,2009-11,99.97884,99.97899,99.26078,101.77938,100.77753,NA,NA
Slovakia,2009-12-01,84.68,84.52,86.28,107.83,91.1,-0.05486968587593566,0.043917435927642856,-0.23590480390627278,-5.289805236633605,-0.059140104627442014,-5.769726006496345,-0.6930034664669016,-4.56503747417516,-0.54566609382114,0.866209486298164,91.6,86.3,84.1,96.5,14.2,387,NA,NA,NA,NA,NA,NA,0.06766693614768116,-1.8418425518228254,NA,NA,NA,NA,92.32,0.31461919090238766,0.9249753091516766,95,97.6,0,0.8230499136515412,2009-12,99.97781,99.97797,99.32856,101.67549,100.70936,NA,NA
Slovakia,2010-01-01,86.91,86.77,86.86,108.56,91.21,0.12067359261545008,-0.18620959430588613,2.5993654182704162,-3.6047064164923093,2.627274705754168,-3.9322657407592665,0.6699805585720142,-3.7510045886262056,0.6747102632632895,-0.03683919732209162,90.8,85,83.8,107,14.8,404,NA,NA,NA,NA,NA,NA,0.802051173489815,0.5738081157391051,NA,NA,NA,NA,91.57,-0.8157095640148881,0.943610249278759,98.5,98.5,3.617965657750233,0.9179054758996052,2010-01,99.97853,99.97868,99.06727,101.06544,99.90485,NA,NA
Slovakia,2010-02-01,87.5,87.46,87.02,108.29,91.22,0.010963109148764971,-0.1533574624145828,0.6765692914200372,-2.7615167032973176,0.7920606179376399,-3.095873968377294,0.18403501858577087,-3.389389057225234,-0.24902018863253161,-1.6939470194047068,90.3,83.2,82,100.2,14.9,408,NA,NA,NA,NA,NA,NA,0.7483021622172181,2.4046281537865255,NA,NA,NA,NA,91.85,0.30531045414941005,0.8418570465596353,95.6,95.4,-2.988372812068718,-3.197796972380207,2010-02,99.97936,99.97951,98.87637,100.55774,99.16005,NA,NA
Slovakia,2010-03-01,87.79,87.81,86.35,106.48,91.34,0.13146364732987692,0.2521240031086336,0.3308805574548046,-1.5148379204508622,0.3993843387130269,-1.682609851054906,-0.7729172699845854,-3.9398863066903544,-1.6855639553432056,-4.902268695324086,91,86.6,83.7,116.1,14.9,409,NA,NA,NA,NA,NA,NA,0.5783429547905783,3.2223043468670554,NA,NA,NA,NA,92.87,1.1043854126782549,1.5736392884319272,99.6,92.6,4.098934453319636,-2.978943680210744,2010-03,99.97574,99.97592,98.35035,100.1284,98.58822,NA,NA
Slovakia,2010-04-01,88.77,88.87,86.01,104.61,91.67,0.3606364216831359,0.7225781384420316,1.1101156142110824,0.8030354752619928,1.199923837847905,0.722758651637001,-0.394523602929997,-3.6417471022575754,-1.771802473118722,-7.528853329615615,91.8,88.5,85.1,116.3,14.8,406,NA,NA,NA,NA,NA,NA,0.5666904580637677,2.9414065569015158,NA,NA,NA,NA,93.25,0.4083392736007774,1.6216571589245277,104.9,91.7,5.184535081169894,-0.9766762389713968,2010-04,99.97527,99.97545,98.25569,99.72555,98.03111,NA,NA
Slovakia,2010-05-01,88.95,89,85.8,101.85,91.73,0.06543075478795402,0.7221037941836705,0.20256590316165557,0.7447563198353713,0.14617419817559707,0.6312013742894251,-0.2444562069471523,-3.3353616038579226,-2.67380066828542,-9.713829312139044,92.7,89.2,88.2,117.9,14.6,401,NA,NA,NA,NA,NA,NA,0.28689162638997345,3.036518797942822,NA,NA,NA,NA,93.35,0.10718114638068599,1.6743572361287207,95.7,90.4,-9.178921694334274,-1.4278111864288512,2010-05,99.97554,99.97572,98.87659,99.76794,97.75027,NA,NA
Slovakia,2010-06-01,88.72,88.95,86.16,100.11,91.72,-0.01090215318608756,0.7002216794164795,-0.2589071069732718,1.2818506867113832,-0.056195562029515145,1.4266546320579998,0.41870263542165276,-2.101713880933609,-1.7231561241422888,-11.258636896051577,93,89.3,86.6,114.3,14.4,396,NA,NA,NA,NA,NA,NA,0.3284150244732942,3.6097809034941086,NA,NA,NA,NA,93.35,0,1.4784707875953984,95.1,89.1,-0.6289328907564062,-1.448493292136721,2010-06,99.9726,99.9728,99.06931,99.52403,97.42977,NA,NA
Slovakia,2010-07-01,89.01,89.3,86.18,99.75,91.84,0.13074745815533362,0.951815073728568,0.32633799287280496,3.0803256739273976,0.39270737706091907,3.567939863077818,0.02320993395592552,-2.282863691124337,-0.3602525661419165,-13.107223101282628,93.6,89.4,87.6,111.4,14.3,393,NA,NA,NA,NA,NA,NA,-0.3856158949175459,2.816379093318222,NA,NA,NA,NA,92.95,-0.4294155820279144,1.7035078032327178,94.9,93.8,-0.2105263935462176,5.140552153541478,2010-07,99.97273,99.97292,98.89955,99.63541,97.8062,NA,NA
Slovakia,2010-08-01,88.34,88.43,85.51,97.29,91.74,-0.10894434022308275,1.0519492140706355,-0.7555716802459145,3.6191572333110322,-0.9790209294809671,3.9677676077109147,-0.7804804019828637,-2.6769799761162005,-2.4970846782636613,-15.595513864929522,93.6,89.1,87.4,115.1,14.2,390,NA,NA,NA,NA,NA,NA,0.38262917274485275,2.9890164614945647,NA,NA,NA,NA,93.14,0.2042023386778169,1.5690415492422005,96.5,99.3,1.6719302729057972,5.69807150389483,2010-08,99.97511,99.97529,98.50409,99.16419,97.43268,NA,NA
Slovakia,2010-09-01,88.32,88.44,86.35,98.24,91.73,-0.01090096474616331,1.0851205285746346,-0.02264236395959074,3.7962447131083543,0.011307740160138025,4.261860972868536,0.9775476424824348,-1.6310952011338031,0.9717255411495707,-12.247703235966245,93.5,90,86.9,112.7,14.2,391,NA,NA,NA,NA,NA,NA,-0.1305177853295092,3.1095456906284014,NA,NA,NA,NA,93.43,0.3108755250633699,1.85810682340124,97.2,104.7,0.7227703121452933,5.295354682536413,2010-09,99.97815,99.97831,98.3578,99.14667,97.55993,NA,NA
Slovakia,2010-10-01,88.01,88.17,87.17,96.81,91.76,0.03269932995513258,0.9526488690436707,-0.35161381430643956,3.987085059158968,-0.30575868903097714,4.595309005703463,0.9451430430797103,0.022946305745463746,-1.4663169666851772,-13.965864192570976,93.5,89.5,87.9,107.9,14,384,NA,NA,NA,NA,NA,NA,-0.840218550006977,2.5343043199217874,NA,NA,NA,NA,93.71,0.2992414330867277,1.928627359523194,102.2,110.4,5.016096630321076,5.301101596650426,2010-10,99.98149,99.98162,98.21834,99.60514,98.3831,NA,NA
Slovakia,2010-11-01,89.13,89.3,87.94,93.25,92.02,0.28294719062067486,0.9499443602650537,1.2645533756905358,4.885748383689847,1.2734718783518062,5.442189408832299,0.879452872917863,1.2126907567038714,-3.7466236208055115,-15.072851530826714,93.6,90.9,86.5,111.3,13.8,378,NA,NA,NA,NA,NA,NA,0.19556001407599055,2.600197292139139,NA,NA,NA,NA,93.79,0.08533333851152847,1.8943629670081563,106.1,114,3.7450367850333066,3.2088314551500297,2010-11,99.98585,99.98595,98.29821,99.44732,98.19089,NA,NA
Slovakia,2010-12-01,89.81,90.23,88.83,92.18,92.25,0.24963381933140738,1.2544478654723967,0.7600349540232365,5.881688141619357,1.0360478123955907,6.537377325855331,1.0069667028945517,2.9126609260653247,-1.1540871231562555,-15.68127256016183,93.8,91.9,92.5,99.9,13.7,375,NA,NA,NA,NA,NA,NA,0.3548368144406844,2.8873671704321424,NA,NA,NA,NA,94.36,0.605901401862674,2.1856451779684427,113.9,120.3,7.093882483319991,5.379017458613777,2010-12,99.98659,99.98669,98.51672,99.4017,97.84309,NA,NA
Slovakia,2011-01-01,92.18,92.58,91.02,95.58,94.16,2.049318003138456,3.183092275995403,2.604685960950448,5.8870086842993885,2.571116959671471,6.481219579772635,2.4354831806886246,4.678163548181935,3.622040585764985,-12.733942237660134,95.2,92.8,92.7,113.1,13.7,373,NA,NA,NA,NA,NA,NA,0.42196115246380117,2.5072771494061286,NA,NA,NA,NA,93.68,-0.723253525001244,2.278101216982087,120.1,125.2,5.300385863280077,3.9923835685364395,2011-01,99.98413,99.98424,97.98764,99.00188,97.4311,NA,NA
Slovakia,2011-02-01,93.21,93.75,91.61,95.5,94.42,0.2757452166119556,3.4478743834585934,1.111182478070294,6.321621870949645,1.2558529247395533,6.945011886574548,0.6461173438621515,5.140245873458316,-0.08373456633279375,-12.568656615360396,95.8,93.2,89.2,126.1,13.7,371,NA,NA,NA,NA,NA,NA,-0.17164579967303695,1.5873291875158735,NA,NA,NA,NA,94.08,0.42607648608550264,2.3988672489181795,127.4,129.3,5.900701405212505,3.222282711181368,2011-02,99.98533,99.98543,97.90944,99.13449,97.59848,NA,NA
Slovakia,2011-03-01,93.89,94.48,92.1,93.02,94.8,0.40164941428360024,3.7180601504123167,0.7268872197390586,6.717628533233899,0.7756507038586768,7.321278251720198,0.533450723414397,6.446613866857298,-2.6311723690733757,-13.514265029090566,96.4,90.6,88.4,116.3,13.7,371,NA,NA,NA,NA,NA,NA,-0.48799531004259933,0.5209909226826959,NA,NA,NA,NA,95.35,1.340884789611163,2.6353666258510877,138.4,123.6,8.281630004550689,-4.508474075422075,2011-03,99.9854,99.98551,98.107,99.56504,98.07592,NA,NA
Slovakia,2011-04-01,94.56,95.26,92.79,95.51,95.25,0.473560474583401,3.830984203312582,0.711066938733218,6.318579857756035,0.8221823483608226,6.943536762233116,0.7463932103827453,7.58753068017004,2.6416430250695733,-9.100819530902271,97.4,90.2,87.3,117.6,13.7,373,NA,NA,NA,NA,NA,NA,-0.2073384005981893,-0.25303793597926116,NA,NA,NA,NA,95.88,0.5543077519755357,2.781335104225846,148.3,125.1,6.90892059603172,1.2062872449274842,2011-04,99.98438,99.9845,97.90982,99.62935,98.27948,NA,NA
Slovakia,2011-05-01,95.53,96.31,93.29,93.53,95.56,0.3249308450798516,4.090484293604479,1.0205780624128913,7.1365920170072705,1.0962160200057802,7.893578584063299,0.5374045607781319,8.369391447895325,-2.0948713600186686,-8.52189022263552,97.5,90.6,89.5,118.8,13.6,371,NA,NA,NA,NA,NA,NA,0.17163774218307282,-0.3682918201861618,NA,NA,NA,NA,95.89,0.010429159940628097,2.684583117785788,139.1,123.3,-6.404415021448973,-1.4493007302567307,2011-05,99.98744,99.98753,97.90542,99.53058,98.11094,NA,NA
Slovakia,2011-06-01,95.02,95.61,94.05,96.22,95.51,-0.05233684109624548,4.0490496056943215,-0.5352938523142114,6.860205271666331,-0.7294738475417617,7.220300298551052,0.8113634774169931,8.762052289890665,2.8354995824847684,-3.9632345160084625,97.5,92.7,90.2,114,13.4,365,NA,NA,NA,NA,NA,NA,-0.1474893998066662,-0.8441962444661222,NA,NA,NA,NA,95.88,-0.010429159940628097,2.67415395784516,138.7,123.3,-0.28797716086108593,0,2011-06,99.98744,99.98753,98.01531,99.67291,98.25575,NA,NA
Slovakia,2011-07-01,93.84,94.1,94.27,98.85,95.35,-0.16766220002182308,3.750639947517165,-1.2496191413554847,5.284248137438041,-1.591937050602077,5.235655870888056,0.2336449661019202,8.97248732203666,2.6966313345318405,-0.9063506153347056,96.9,93.7,91.8,118.9,13.4,363,NA,NA,NA,NA,NA,NA,0.10581058470773286,-0.35276976484084344,NA,NA,NA,NA,95.33,-0.575285306069695,2.5282842338033795,141.9,124,2.2809256845210513,0.5661155434738774,2011-07,99.98931,99.98938,98.12021,99.68152,98.151840000000007,NA,NA
Slovakia,2011-08-01,93.02,93.11,94.86,101.1,95.47,0.12577299635134764,3.985357284091595,-0.87766805492695,5.162151762757006,-1.057645669089613,5.15703113127941,0.6239115041377197,10.376879228157243,2.2506576409799806,3.8413917039089363,97.4,95,92.2,117.7,13.4,363,NA,NA,NA,NA,NA,NA,-0.4440780352647167,-1.1794769728504129,NA,NA,NA,NA,95.51,0.18863975411598233,2.512721649241545,134.6,125.5,-5.281516695536936,1.2024192966801905,2011-08,99.99154,99.99159,98.41523,99.97423,98.58868,NA,NA
Slovakia,2011-09-01,92.89,92.79,95.15,102.62,95.74,0.2824121954421166,4.278670444279875,-0.13985263965210493,5.0449414870644915,-0.34427145353497224,4.8014519375843,0.3052473292722624,9.70457891494707,1.4922719487393543,4.36193811149872,97.3,93.7,92.2,108,13.6,370,NA,NA,NA,NA,NA,NA,-0.42479442998741845,-1.4737536175083221,NA,NA,NA,NA,96.21,0.7302348326526875,2.9320809568308626,135.4,123.3,0.592594326754714,-1.768534840154068,2011-09,99.99378,99.99382,99.08208,100.45465,99.00837,NA,NA
Slovakia,2011-10-01,93.1,92.98,95.82,102.84,95.95,0.21910384893457646,4.465074963259319,0.22581868835915841,5.6223739897300895,0.20455408973507616,5.311764716350353,0.701683771281747,9.461119643149107,0.21415368838697546,6.042408766570873,97.2,95,93.3,107.5,13.7,376,NA,NA,NA,NA,NA,NA,-0.31904933722799456,-0.9525844047293397,NA,NA,NA,NA,96.55,0.35277065013499254,2.9856101738791274,133.6,117,-1.338309937562876,-5.244647537254199,2011-10,99.99154,99.9916,99.35282,100.75744,99.32476,NA,NA
Slovakia,2011-11-01,93.56,93.29,95.61,103.35,96.44,0.509383085926185,4.691510858564829,0.4928757432956843,4.850696357335238,0.33285047104305576,4.371143309041603,-0.21940143576211213,8.362265334469132,0.49469037300884366,10.283722760385228,97.1,93.5,89.6,111.3,13.8,381,NA,NA,NA,NA,NA,NA,-0.11159164536715949,-1.2597360641724897,NA,NA,NA,NA,96.63,0.08282431366941623,2.983101149037015,134,116.1,0.2989538848365392,-0.7722046093910251,2011-11,99.9898,99.98987,99.86246,101.08861,99.43566,NA,NA
Slovakia,2011-12-01,93.51,93.3,95.6,103.39,96.48,0.04146796659050267,4.483345005823924,-0.053455926862255865,4.037205476449746,0.01071868804283227,3.3458141846888445,-0.01045970399990992,7.344838927574671,0.0386959470824344,11.476505830623918,96.8,97.2,96.4,120.9,13.9,384,NA,NA,NA,NA,NA,NA,0.33509876063986255,-1.2794741179733116,NA,NA,NA,NA,96.96,0.34092703097865495,2.718126778152996,131.1,114,-2.187940918125708,-1.8253440309350388,2011-12,99.98928,99.98935,99.85195,100.86633,99.10301,NA,NA
Slovakia,2012-01-01,95.28,94.9,96.56,106.67,97.97,1.5325576377675176,3.966584640452986,1.8751542599688698,3.3076737754681673,1.70035977625842,2.4750570012757933,0.9991756731920098,5.908531420078056,3.1231711038789634,10.977636348737896,97,95.6,96.1,103.2,13.7,382,NA,NA,NA,NA,NA,NA,0.6554027533048234,-1.0460325171322893,NA,NA,NA,NA,96.17,-0.8181063596613747,2.6232739434928654,134.1,116,2.2625399517978373,1.739174271186883,2012-01,99.99297,99.99301,99.67221,100.40105,98.45561,NA,NA
Slovakia,2012-02-01,95.59,95.42,96.8,106.4,98.19,0.2243067824648115,3.9151462063058418,0.3248287028626784,2.521320000260552,0.5464494472078307,1.7656535237440707,0.24824174932556176,5.510655825541466,-0.253437972984738,10.807932942085952,97.9,95.7,95.2,108.5,13.7,381,NA,NA,NA,NA,NA,NA,0.5532993857618962,-0.32108733169735615,NA,NA,NA,NA,96.65,0.49787469299493736,2.6950721504023,142.8,119.1,6.28592596178521,2.6373285254889467,2012-02,99.99479,99.99482,98.95964,99.83101,97.91236,NA,NA
Slovakia,2012-03-01,97.36,97.14,97.1,107.2,98.5,0.31521709968442835,3.82871389170667,1.8347236603601047,3.629156440881598,1.786503682963847,2.776506502849241,0.30943810147476825,5.286643203601837,0.7490671729157405,14.188172484075068,98.8,99.9,101.5,108.1,13.7,381,NA,NA,NA,NA,NA,NA,0.14293391595332494,0.3098418942985681,NA,NA,NA,NA,97.9,1.2850343882124804,2.6392217490036174,147.9,122.5,3.509131981126945,2.8147553623528054,2012-03,99.99094,99.991,98.80491,99.75583,97.77251,NA,NA
Slovakia,2012-04-01,97.28,97.08,96.96,101.83,98.74,0.2433584652673737,3.5985118823906426,-0.08220304614150464,2.8358864560068753,-0.06178560591987292,1.8925385485685453,-0.14428529762753328,4.395964695591559,-5.13914924531278,6.407380213692715,98.8,104.3,103.5,107.3,13.9,386,NA,NA,NA,NA,NA,NA,-0.03692585313350705,0.4802544417632504,NA,NA,NA,NA,98.36,0.46876678115275183,2.5536807781808335,142.4,123.1,-3.7896370738878637,0.4886003205625933,2012-04,99.9893,99.98937,98.95466,99.79229,97.80862,NA,NA
Slovakia,2012-05-01,97.75,97.65,96.53,107,98.84,0.10122482896921525,3.3748058662800062,0.48197806476180105,2.297286458355785,0.5854276464288155,1.3817501749915806,-0.4444681460480382,3.4140919887653887,4.952407827833216,13.4546594015446,98.8,104.5,103.9,105,13.8,383,NA,NA,NA,NA,NA,NA,-0.11792617468229238,0.19069052489788518,NA,NA,NA,NA,98.22,-0.14243567368934507,2.4008159445508603,132.3,120.6,-7.35679278569652,-2.051774889732272,2012-05,99.99134,99.9914,99.37898,99.906,97.92403,NA,NA
Slovakia,2012-06-01,98.95,98.89,97.4,106.59,99.07,0.2324289864529483,3.6595716938292,1.2201473183099942,4.052727628979991,1.261846395921129,3.3730704184544713,0.8972369787965562,3.4999654901449517,-0.3839135760860479,10.235246242973783,98.4,102.1,102.3,115.1,13.7,380,NA,NA,NA,NA,NA,NA,-0.09463064467745141,0.24354928002709997,NA,NA,NA,NA,98.15,-0.07129398886283056,2.339951115628658,116,119.9,-13.148188001454564,-0.5821222259617009,2012-06,99.99099,99.99105,99.45776,99.86724,98.01674,NA,NA
Slovakia,2012-07-01,98.35,98.13,97.07,105.54,99.01,-0.06058158505153344,3.7666523087994896,-0.6082127213506539,4.694134048984822,-0.7714991063497934,4.193508362706755,-0.33938429243542956,2.926936231607602,-0.9899670723523712,6.548647836089572,97.9,103.9,102.7,112.5,13.8,384,NA,NA,NA,NA,NA,NA,0.8179315059197556,0.9556702012391227,NA,NA,NA,NA,97.63,-0.5312097484890366,2.3840266732093163,124.6,132.1,7.15184152469881,9.69011494948111,2012-07,99.98763,99.98772,99.04134,99.21359,97.2183,NA,NA
Slovakia,2012-08-01,97.59,97.39,97.1,105.44,99.06,0.05048720256688455,3.6913665150150266,-0.7757515681698912,4.79605053574188,-0.756959424529402,4.494194607266966,0.03090075731444486,2.333925484784327,-0.09479572233246358,4.2031944727771275,98.9,102.5,102.4,111.4,13.9,386,NA,NA,NA,NA,NA,NA,0.3984545338738599,1.7982027703776993,NA,NA,NA,NA,98.01,0.3884691043508859,2.58385602344422,135.4,132.4,8.31247541248219,0.22684319746284487,2012-08,99.98658,99.98667,98.54677,98.78241,96.8317,NA,NA
Slovakia,2012-09-01,97.72,97.47,97.11,104.8,99.34,0.282258251911216,3.691212571484126,0.13312172361699126,5.0690248990109765,0.08211023760109626,4.920576298403034,0.010298130898345192,2.03897628641041,-0.6088298867255482,2.102092637312225,99.3,105.9,105.9,122.1,13.9,385,NA,NA,NA,NA,NA,NA,-0.5872221639554809,1.6357750364096368,NA,NA,NA,NA,98.72,0.7218045875989176,2.57542577839045,135.2,131.1,-0.14781968693107217,-0.9867252733253729,2012-09,99.98256,99.98269,98.66935,99.19212,97.40199,NA,NA
Slovakia,2012-10-01,98.6,98.52,97.95,104.43,99.73,0.3918224734572817,3.863931196006831,0.896501521904991,5.739707732556809,1.0714934903218065,5.787515698989765,0.8612787784286979,2.198571293557361,-0.3536781395483857,1.534260809376864,99.2,108,105.5,123,14.2,393,NA,NA,NA,NA,NA,NA,-0.1501305845372336,1.8046937891003978,NA,NA,NA,NA,98.95,0.23271118914971467,2.455366317405172,134.2,126.5,-0.7423939071282248,-3.5718082602079093,2012-10,99.98854,99.98862,98.71725,99.36224,97.548330000000007,NA,NA
Slovakia,2012-11-01,98.81,98.65,98.93,102.08,99.8,0.07016489036413276,3.424713000444779,0.2127552598282456,5.45958724908937,0.13186592162872657,5.5865311495754355,0.9955384944581702,3.4135112237776433,-2.276017089497806,-1.2364466531297857,98.9,105.1,105.2,111,14.4,399,NA,NA,NA,NA,NA,NA,0.02869758653929466,1.944983021006852,NA,NA,NA,NA,98.76,-0.19220075715962182,2.180341246576134,132.3,123.8,-1.4259153416671388,-2.1574947917079257,2012-11,99.99044,99.9905,98.87767,99.43438,97.52034,NA,NA
Slovakia,2012-12-01,98.88,98.85,97.73,100.57,99.73,-0.07016489036413276,3.3130801434901436,0.07081795025083437,5.583861126202461,0.2025317148001804,5.778344176332784,-1.2203954984387089,2.2035754293388443,-1.4902817140090896,-2.7654243142213097,98.6,103.8,101.6,109.4,14.3,398,NA,NA,NA,NA,NA,NA,-0.23272652858459253,1.3771577317823969,NA,NA,NA,NA,99.11,0.35376799416386717,2.1931822097613463,132.4,122.7,0.07555723819976379,-0.8925008533630319,2012-12,99.99007,99.99014,98.8021,99.59592,97.747559999999993,NA,NA
Slovakia,2013-01-01,101.01,100.86,98.6,106.25,100.43,0.6994432991470845,2.4799658048697104,2.1312528131712583,5.839959679404849,2.012986703195363,6.090971103269727,0.8862687257845003,2.090668481931335,5.494080534813772,-0.39451488328650086,98.7,96.9,99.6,92.6,14.2,397,NA,NA,NA,NA,NA,NA,-0.47736689705795143,0.24438808141962198,NA,NA,NA,NA,98.08,-1.0446872230716053,1.9666013463511156,135.9,121.3,2.6091677654190626,-1.1475535766861,2013-01,99.99406,99.9941,99.03931,100.13603,98.21529,NA,NA
Slovakia,2013-02-01,100.93,100.88,98.45,107.81,100.4,-0.029876014761853753,2.225783007643045,-0.07923145903241391,5.435899517509757,0.019827500808489162,5.564349156870385,-0.15224565234550624,1.6901810802602668,1.4575610746500267,1.3164841643482639,98.2,97.8,100.2,87.8,14.1,395,NA,NA,NA,NA,NA,NA,-0.3032500807747418,-0.612161385117016,NA,NA,NA,NA,98.44,0.36637533349539453,1.8351019868515728,139.8,120.8,2.8293508642611265,-0.4130530449289793,2013-02,99.99632,99.99634,99.02713,100.43301,98.51358,NA,NA
Slovakia,2013-03-01,100.68,100.64,98.11,104,100.42,0.01991833489300987,1.9304842428516267,-0.24800369836537328,3.353172158784279,-0.2381898704533647,3.5396556034531734,-0.3459506909834431,1.0347922878020555,-3.597951940965416,-3.0305349495328926,98.3,98.5,100,90.3,14.1,395,NA,NA,NA,NA,NA,NA,0.2634882116995918,-0.49160708937074915,NA,NA,NA,NA,99.6,1.171493906769694,1.7215615054087863,132.5,120,-5.363018437343303,-0.6644542718668767,2013-03,99.997559999999993,99.99757,99.12623,100.35238,98.25435,NA,NA
Slovakia,2013-04-01,101.17,101.1,98.22,102.86,100.46,0.039824771533947256,1.7269505491182002,0.48550999506842274,3.9208851999942063,0.4560333074294931,4.0574745168025395,0.1120562435798611,1.2911338290094498,-1.1022058794602607,1.0064084163196263,98.3,100.8,104.2,89.4,14.2,396,NA,NA,NA,NA,NA,NA,-0.09923388295653979,-0.5539151191937819,NA,NA,NA,NA,99.51,-0.09040229634811325,1.1623924279079212,126.6,116.4,-4.555013571620048,-3.0459207484708095,2013-04,99.99833,99.99834,99.10145,100.32046,98.3519,NA,NA
Slovakia,2013-05-01,101.9,102.05,99.21,104.17,100.57,0.10943641344898225,1.7351621335979672,0.718967001088,4.157874136320405,0.9352763229427907,4.407323193316515,1.002895505071244,2.738497480128732,1.2655339649587205,-2.6804654465548694,97.9,96.4,97.9,83.2,14.2,397,NA,NA,NA,NA,NA,NA,-0.04737982591436207,-0.4833687704258516,NA,NA,NA,NA,99.62,0.11048060180662844,1.4153087034038947,126.3,116.7,-0.23724803536309125,0.25740039951722693,2013-05,99.99519,99.99522,99.14477,100.45024,98.39851,NA,NA
Slovakia,2013-06-01,103.05,103.17,99.48,103.21,100.72,0.1490387279702965,1.6517718751153154,1.1222367107788678,4.059963528789279,1.0915223856430956,4.236999183038481,0.27178032733932156,2.1130408286714975,-0.9258432418515206,-3.222395112320342,97.6,97,99.1,83.4,14.3,397,NA,NA,NA,NA,NA,NA,-0.811094133236967,-1.1998322589853672,NA,NA,NA,NA,99.73,0.11035867686395306,1.5969613691306783,125.7,117.6,-0.4761913760243708,0.7682496172016329,2013-06,99.99041,99.99048,99.46788,100.94683,99.19986,NA,NA
Slovakia,2013-07-01,102.43,102.56,99.72,103.92,100.64,-0.0794596783960877,1.6328937817707612,-0.6034668888024619,4.064709361337471,-0.5930119939924872,4.415486295395787,0.24096397201534003,2.693389093122267,0.685562478450219,-1.5468655615177518,97.3,97,98.3,76.9,14.1,393,NA,NA,NA,NA,NA,NA,-0.0634980705114252,-2.081261835416548,NA,NA,NA,NA,99.2,-0.5328520122949598,1.595319105324755,129.9,114.4,3.286680808035225,-2.758795651882906,2013-07,99.99195,99.992,99.45476,101.02974,99.26287,NA,NA
Slovakia,2013-08-01,101.27,101.37,98.54,103.41,100.46,-0.17901546302319105,1.4033911161806856,-1.1389421104249564,3.7015188190824055,-1.1670803778051742,4.005365342120015,-1.1903701539540457,1.4721181818537765,-0.49197031654601986,-1.944040155731308,97.3,96.8,100.2,78.5,14,390,NA,NA,NA,NA,NA,NA,-0.29109478080835416,-2.770811150098762,NA,NA,NA,NA,99.32,0.12089463491387065,1.3277446358877398,133,110.3,2.358420454519994,-3.649715268624032,2013-08,99.99449,99.99453,99.40506,101.11185,99.55224,NA,NA
Slovakia,2013-09-01,100.86,100.95,98.3,103.49,100.43,-0.029867091665103374,1.0912657726043662,-0.40568006956140934,3.162717025904005,-0.4151844635461366,3.5080706409727824,-0.24385299626965562,1.2179670546857757,0.07733204831978924,-1.2578782206859707,97.5,101.2,104.9,80.1,14.1,391,NA,NA,NA,NA,NA,NA,0.08164876483398587,-2.1019402213092953,NA,NA,NA,NA,99.8,0.48212226774522193,1.0880623160340441,133.8,109.8,0.5997019472374632,-0.4543397184026965,2013-09,99.99901,99.99902,99.42413,101.12048,99.47099,NA,NA
Slovakia,2013-10-01,100.45,100.42,97.56,99.66,100.44,0.009956688413659265,0.7093999875607437,-0.407332538763594,1.85888296523542,-0.5263954152287198,1.9101817354222561,-0.7556453805401375,-0.39895710428305975,-3.7710596826823206,-4.675259763819906,97.1,99.6,101.8,79.9,14.1,391,NA,NA,NA,NA,NA,NA,-0.07391383310491051,-2.025723469876972,NA,NA,NA,NA,99.68,-0.12031282782754005,0.7350382990567894,131.7,110.1,-1.5819538944892741,0.2728514653203895,2013-10,100.00067,100.00067,99.24568,101.09841,99.54454,NA,NA
Slovakia,2013-11-01,99.97,100,97.54,103.04,100.28,-0.1594260999291386,0.4798089972674724,-0.47899502818538053,1.1671326772217938,-0.4191204618467559,1.3591953519467737,-0.0205023065812604,-1.4149979053224904,3.3352869502785154,0.9360442759564158,96.5,101.7,105.4,80.5,14.1,391,NA,NA,NA,NA,NA,NA,-0.28287974583527387,-2.3373008022515407,NA,NA,NA,NA,99.6,-0.08028904485906097,0.8469500113573503,130.3,109.2,-1.068712461843635,-0.8207980417829219,2013-11,100.00166,100.00165,99.64128,101.4107,99.82653,NA,NA
Slovakia,2013-12-01,99.1,99.35,97.34,101.65,100.12,-0.15968067265195174,0.3902932149796534,-0.8740699643147387,0.22224476265622073,-0.6521216990265977,0.5045419381199956,-0.20525458765980886,-0.39985699454359036,-1.358172228168808,1.0681537617966974,96.3,99.3,101.1,77.2,14,390,NA,NA,NA,NA,NA,NA,-0.4923322080998105,-2.5969064817667586,NA,NA,NA,NA,99.95,0.3507896355857021,0.8439716527791852,134.2,108.6,2.9491740406782263,-0.550965581096996,2013-12,100.00192,100.00191,99.82483,101.79498,100.31922,NA,NA
Slovakia,2014-01-01,101.87,101.96,97.8,102.14,100.38,0.2593517663213696,-0.04979831784606148,2.7568049266032624,0.8477968760882248,2.593161051008863,1.0847162859334958,0.47145726354633766,-0.814668456781753,0.48088811451423297,-3.945038658502842,95.7,100.1,103.5,81.7,13.9,389,NA,NA,NA,NA,NA,NA,-0.16564352987318287,-2.28518311458199,NA,NA,NA,NA,98.83,-1.1268858558317163,0.7617730200190742,131.2,106.5,-2.2608348027593372,-1.9526422350354622,2014-01,100.00188,100.00187,99.84572,101.90562,100.48553,NA,NA
Slovakia,2014-02-01,101.54,101.59,97.17,99.26,100.28,-0.09967109366941784,-0.11959339675362557,-0.3244681082726686,0.6025602268479702,-0.3635474404460659,0.7013413446789407,-0.646255518942418,-1.3086783233786647,-2.860175106020346,-8.262774839173215,95,101.3,105.2,78.5,13.9,387,NA,NA,NA,NA,NA,NA,-0.2936704123552403,-2.2756034461624886,NA,NA,NA,NA,99.14,0.3131790204335516,0.7085767069572313,134,108.3,2.1116923440922974,1.6760168857464564,2014-02,100.00352,100.00349,99.9059,101.91678,100.78106,NA,NA
Slovakia,2014-03-01,101.21,101.25,97.49,100.51,100.26,-0.01994614547360385,-0.1594578771202393,-0.32552433184385166,0.5250395933694918,-0.33523991168049605,0.6042913034518094,0.32877867898326585,-0.6339489534119558,1.25145548773542,-3.413367410472379,94.7,100.2,104.9,76.5,13.7,384,NA,NA,NA,NA,NA,NA,-0.4379217890106091,-2.9770134468726894,NA,NA,NA,NA,100.07,0.9336948509936605,0.47077765118119785,130.7,113.8,-2.49351793207353,4.953736768528572,2014-03,100.00353,100.0035,99.96148,102.10123,101.22337,NA,NA
Slovakia,2014-04-01,100.37,100.55,96.76,102.14,100.26,0,-0.19928264865418654,-0.8334208375100793,-0.7938912392090103,-0.6937589767987973,-0.545500980776481,-0.7516122899353661,-1.497617486927183,1.6087196182849262,-0.7024419127271919,94.6,104.2,106.7,77.5,13.5,378,NA,NA,NA,NA,NA,NA,0.24622435402692489,-2.6315552098892248,NA,NA,NA,NA,100.22,0.14978284292146427,0.7109627904507754,130.7,112.3,0,-1.326865994783244,2014-04,100.00124,100.00123,99.92729,101.90233,100.97444,NA,NA
Slovakia,2014-05-01,101.47,101.56,99.5,99.35,100.53,0.2689378581972157,-0.03978120390595308,1.0899830465282534,-0.42287519376875693,0.9994640617816408,-0.4813132419376309,2.792395842272022,0.29188285027359484,-2.7695452221672134,-4.737521099853126,94.8,102.9,105.9,80.7,13.4,374,NA,NA,NA,NA,NA,NA,0.39974044285129295,-2.1844349411235697,NA,NA,NA,NA,100.11,-0.10981881001868032,0.4906633786254666,132.3,112.1,1.216745049073431,-0.17825316662838375,2014-05,99.99891,99.99892,99.85859,101.66005,100.57161,NA,NA
Slovakia,2014-06-01,101.39,101.48,99.93,98.74,100.64,0.10936025348016187,-0.0794596783960877,-0.07887213265034276,-1.6239840371979675,-0.0788022105395747,-1.6516378381203012,0.431229670915112,0.4513321938493853,-0.6158836167108994,-4.427561474712505,94.4,100.9,103.7,77,13.2,368,NA,NA,NA,NA,NA,NA,0.35582199644865753,-1.0175188114379452,NA,NA,NA,NA,100.22,0.10981881001868032,0.49012351178019387,134.3,109,1.5004032408281631,-2.8043447848970615,2014-06,99.99755,99.99757,99.77648,101.45332,100.21439,NA,NA
Slovakia,2014-07-01,100.52,100.8,99.61,97.56,100.49,-0.14915728912638926,-0.14915728912638926,-0.8617754289097057,-1.8822925773052113,-0.6723379093813264,-1.7309637535091404,-0.32073797166241036,-0.11036974982836512,-1.2022559482997686,-6.315379901462492,94.2,100.3,104.4,78.9,13.1,365,NA,NA,NA,NA,NA,NA,0.015917144659560734,-0.9381035962669593,NA,NA,NA,NA,99.57,-0.6506855131585887,0.372290010916565,127.9,105.7,-4.88273949443947,-3.074298935295161,2014-07,100.00035,100.00035,99.88995,101.44755,100.19844,NA,NA
Slovakia,2014-08-01,99.62,99.73,99.79,97.69,100.28,-0.20919467707738448,-0.1793365031805827,-0.899376503025362,-1.6427269699056168,-1.0671821223491307,-1.631065498053097,0.18054167391472475,1.2605420780404053,0.13316263171319065,-5.690246953203282,93.8,98.4,100.9,82.1,12.9,362,NA,NA,NA,NA,NA,NA,-0.1829491692768137,-0.8299579847354188,NA,NA,NA,NA,99.68,0.11041406391498754,0.3618094399176819,122.4,103.8,-4.395433850657149,-1.8138922144403935,2014-08,100.00168,100.00167,100.11831,101.61698,100.38192,NA,NA
Slovakia,2014-09-01,99.35,99.39,99.85,95.48,100.34,0.05981457660135803,-0.0896548349141213,-0.2713978647311599,-1.5084447650753674,-0.34150294338628484,-1.5573839778932452,0.06010819656028232,1.5645032708703432,-2.2882398194221665,-8.055818820945237,93.6,101.5,103.2,80.5,12.6,353,NA,NA,NA,NA,NA,NA,0.2791346339964029,-0.6324721155730018,NA,NA,NA,NA,100.12,0.4404411524430607,0.32012832461552065,117.4,100.3,-4.170746268422931,-3.4300275763897936,2014-09,100.00102,100.00101,100.046,101.36227,100.10211,NA,NA
Slovakia,2014-10-01,98.92,98.92,99.16,94.19,100.43,0.0896548349141213,-0.009956688413659265,-0.4337526344610154,-1.5348648607727888,-0.47400623266984354,-1.504994795334369,-0.6934352694834445,1.6267133819270363,-1.360278263590331,-5.645037401853248,93.5,104.3,107.3,82.3,12.5,349,NA,NA,NA,NA,NA,NA,-0.16472591210163756,-0.7232841945697288,NA,NA,NA,NA,100.06,-0.05994605035146705,0.38049510209159365,106.8,99.5,-9.462898086790172,-0.8008050803343103,2014-10,100.00351,100.00348,100.02266,101.27428,100.26714,NA,NA
Slovakia,2014-11-01,98.8,98.78,99.53,96.69,100.26,-0.16941555698908317,-0.01994614547360385,-0.1213837899393333,-1.1772536225267416,-0.14162875407368603,-1.2275030875612991,0.3724399090982544,2.019655597606551,2.619596566073046,-6.3607277860587175,93.8,102.4,105.9,83.1,12.4,347,NA,NA,NA,NA,NA,NA,-0.49615836513918765,-0.9365628138736426,NA,NA,NA,NA,99.88,-0.18005406484862263,0.280730082102032,97.3,101.2,-9.31589373341355,1.6941112688818372,2014-11,100.00444,100.00441,100.06497,101.29545,100.76586,NA,NA
Slovakia,2014-12-01,98.63,98.81,99.06,91.97,99.99,-0.26966308475993017,-0.12992855758158228,-0.17221297879199682,-0.4753966370039997,0.03036590943930051,-0.5450154790954009,-0.4733379097880075,1.7515722754783525,-5.004754758085017,-10.007310315974927,92.8,105.4,106.3,81.3,12.3,345,NA,NA,NA,NA,NA,NA,-1.1711530308726736,-1.6153836366465057,NA,NA,NA,NA,99.78,-0.10017029786810738,-0.17022985135177748,79.8,99.7,-19.827548473619583,-1.4933079885572909,2014-12,100.00431,100.00428,100.16784,101.45819,101.95292,NA,NA
Slovakia,2015-01-01,99.88,99.75,100.22,96.91,99.87,-0.12008407327144255,-0.5093643971743944,1.2593990445670222,-1.9728025190402398,0.946824156310111,-2.191352373794153,1.1642042371486916,2.4443192490807064,5.232027583185239,-5.25617084730392,92,106.2,109.7,87.4,12.4,347,NA,NA,NA,NA,NA,NA,0.5541109454117787,-0.8956291613615441,NA,NA,NA,NA,98.24,-1.55542980340595,-0.5987737989260111,63.7,97.1,-22.53389418776459,-2.6424301670513017,2015-01,100.00589,100.00585,100.42102,100.78368,101.38955,NA,NA
Slovakia,2015-02-01,99.6,99.62,99.8,97.87,99.68,-0.19042852159003587,-0.6001218250950124,-0.280730082102032,-1.9290644928696032,-0.13041081248355013,-1.9582157458316374,-0.4199586214160611,2.6706161466070633,0.9857354691269471,-1.410260272156627,91.2,103.9,107.9,80.4,12.2,343,NA,NA,NA,NA,NA,NA,0.8633511161716179,0.261392367165314,NA,NA,NA,NA,98.85,0.619008521779385,-0.2929442975801777,73.8,94.3,14.717416902830927,-2.926018565786759,2015-02,100.00771,100.00766,100.0547,100.06371,100.51797,NA,NA
Slovakia,2015-03-01,99.92,99.8,100.11,95.23,99.87,0.19042852159003587,-0.3897471580313727,0.32077012267697214,-1.2827700383487795,0.18052356722808582,-1.4424522669230555,0.3101398113973808,2.651977279021178,-2.734504923177372,-5.396220683069419,92,108,113.1,78.8,12,337,NA,NA,NA,NA,NA,NA,1.4335136821123307,2.1328278382882537,NA,NA,NA,NA,100,1.1566636371465933,-0.0699755114272449,71.1,92.4,-3.727139479723185,-2.035421099177359,2015-03,100.00261,100.00259,99.80491,99.38973,99.08731,NA,NA
Slovakia,2015-04-01,100.49,100.44,100.88,97.19,100.13,0.26000014646685443,-0.1297470115645183,0.5688354243544858,0.11948622351578564,0.639235097196611,-0.10945819292764725,0.7662110225272301,4.169800591483774,2.03728073094247,-4.967659570411875,92,107.3,109.3,84.9,11.7,328,NA,NA,NA,NA,NA,NA,1.1084617565430221,2.995065240804351,NA,NA,NA,NA,100.43,0.42907814171559977,0.2093197873668906,73.4,91.5,3.183659881127543,-0.9788006366162172,2015-04,99.99807,99.99808,99.55622,99.062970000000007,97.99503,NA,NA
Slovakia,2015-05-01,101.62,101.64,100.95,99.67,100.44,0.3091192569672607,-0.08956561279447328,1.1182146104719237,0.14771778745945596,1.1876624162578509,0.07874016154856278,0.06936531021821679,1.4467700594299693,2.519690346398562,0.32157599815390014,92.5,107.3,109.4,82.1,11.4,321,NA,NA,NA,NA,NA,NA,-0.5959347623208266,1.9993900356322314,NA,NA,NA,NA,100.71,0.2784132254805449,0.5975518228661159,79.3,89.7,7.731419302033249,-1.9868203216725888,2015-05,99.99563,99.99566,99.76062,99.55871,98.58076,NA,NA
Slovakia,2015-06-01,101.7,101.83,100.58,98.8,100.55,0.10945819292764725,-0.08946767334698791,0.07869368889279471,0.30528360900259344,0.1867597731610715,0.344302145249209,-0.3671914015027866,0.6483489870120707,-0.8767124225542489,0.0607471923105507,92.2,108.2,111,83.3,11.4,320,NA,NA,NA,NA,NA,NA,-0.818404700239661,0.8251633389439128,NA,NA,NA,NA,100.72,0.009929007603837192,0.4976620204512727,76.7,88.9,-3.3336420267592537,-0.8958626544891324,2015-06,99.99666,99.99668,99.96426,99.95761,99.39086,NA,NA
Slovakia,2015-07-01,100.33,100.45,99.18,99.3,100.27,-0.2788568682826842,-0.21916725250328284,-1.3562550116992256,-0.18919597378692643,-1.3644664922630056,-0.34782643763247023,-1.4017049682831129,-0.43261800960863184,0.504796629730464,1.7677997703407833,92.1,109.8,115.9,83.4,11.4,321,NA,NA,NA,NA,NA,NA,0.157472395205005,0.9667185894893571,NA,NA,NA,NA,100.11,-0.607480830469953,0.5408667031399084,70,89.9,-9.140646632385074,1.1185798957716209,2015-07,99.99781,99.99782,99.92174,99.68245,99.23447,NA,NA
Slovakia,2015-08-01,99.61,99.62,99.52,103.41,100.06,-0.20965414757752043,-0.2196267230034188,-0.7202191780447897,-0.010038648806354189,-0.8297143615806135,-0.11035867686395306,0.342224792988155,-0.2709348905352016,4.055609814575689,5.690246953203282,91.8,99.7,104,82.8,11.3,319,NA,NA,NA,NA,NA,NA,-1.4496201534480946,-0.2999523946819238,NA,NA,NA,NA,100.12,0.009988513218139872,0.4404411524430607,60.3,84.7,-14.916313831621952,-5.958233981956607,2015-08,99.99552,99.99555,100.02465,100.18106,100.68347,NA,NA
Slovakia,2015-09-01,99.59,99.68,100.04,104.47,99.82,-0.2401442018595823,-0.5195855014643591,-0.020080321352544672,0.24127889457226104,0.060210739400545776,0.29135500592287755,0.5211477018549182,0.1901046147594343,1.019827965253306,8.998314737878754,91.1,109,111.1,87.6,11.2,316,NA,NA,NA,NA,NA,NA,-0.5657193072904576,-1.1448063359687843,NA,NA,NA,NA,100.32,0.19956103210372333,0.19956103210372333,60.3,82.9,0,-2.1480539516759656,2015-09,99.99802,99.99803,100.06502,100.5831,101.25467,NA,NA
Slovakia,2015-10-01,99.64,99.71,99.68,100.64,99.9,0.08011216130450194,-0.5291281750739785,0.05019324504313971,0.7252247740764162,0.03009178015584979,0.7954530187485709,-0.3605050970275414,0.5230347872153374,-3.7350155897286186,6.623577411740467,90.8,108.5,111.8,87.8,11,311,NA,NA,NA,NA,NA,NA,0.33234870905261005,-0.6477317148145367,NA,NA,NA,NA,100.45,0.1295014376332837,0.3890085200884741,60.5,84.2,0.331126130365611,1.5559859107032281,2015-10,100.00055,100.00055,100.10757,100.54925,100.91871,NA,NA
Slovakia,2015-11-01,99.33,99.19,99.69,104.35,99.88,-0.020022024293542273,-0.37973464237843757,-0.3116050166715567,0.5350035473441928,-0.5228770082799095,0.41420476454234745,0.01003159954695576,0.1606264776640387,3.620084057107853,7.624064902775274,90.5,108.3,112.1,84.1,10.8,305,NA,NA,NA,NA,NA,NA,0.9295366582317222,0.7779633085563731,NA,NA,NA,NA,100.01,-0.4389910272518449,0.1300715576852518,55.9,82.9,-7.907898487574272,-1.5559859107032281,2015-11,99.99949,99.99949,100.10342,99.87552,99.98498,NA,NA
Slovakia,2015-12-01,98.29,98.27,99.34,102.17,99.53,-0.35103591536005396,-0.46110747297856136,-1.0525347648726147,-0.3453182387364251,-0.9318410383566622,-0.5480021832536153,-0.3517061355408302,0.282258251911216,-2.1112540919877354,10.517565568872556,90,105,107.7,81.4,10.7,301,NA,NA,NA,NA,NA,NA,-1.041989707569435,0.9071266318596116,NA,NA,NA,NA,100.03,0.019996000866395747,0.25023785641975493,48.3,83,-14.613281950252643,0.12055456553490274,2015-12,100.00205,100.00204,100.21865,100.32703,101.03226,NA,NA
Slovakia,2016-01-01,97.59,97.27,97.56,101.01,99.24,-0.29179474343719036,-0.6328181431443092,-0.7147263425168582,-2.3194436258203055,-1.0228175492986935,-2.5176438888624197,-1.8080736331484992,-2.690019618385975,-1.1418570762239177,4.143680909463399,89.1,109,112.6,84.1,10.5,296,NA,NA,NA,NA,NA,NA,-1.015617862157736,-0.6626021757099032,NA,NA,NA,NA,98.56,-1.4804641211878966,0.32520353863780826,40.9,83.1,-16.630149760977098,0.1204094064804373,2016-01,100.0036,100.00357,100.47855,100.91384,102.06359,NA,NA
Slovakia,2016-02-01,97.93,97.68,97.53,100.97,99.37,0.13090984196715283,-0.3114797795871205,0.34779085793337217,-1.6909226857849013,0.42062129211002386,-1.9666117842688458,-0.030755036379570555,-2.3008160333494843,-0.03960788248633662,3.118337557850115,87.5,109.3,113.4,84.8,10.3,293,NA,NA,NA,NA,NA,NA,-0.42425527595915113,-1.9502085678406722,NA,NA,NA,NA,98.73,0.17233518381480906,-0.12146979932676771,42.8,83.8,4.54080395389953,0.8388305626634285,2016-02,100.0017,100.00169,100.42697,101.16329,102.49752,NA,NA
Slovakia,2016-03-01,97.81,97.6,96.69,102.08,99.38,0.010062893090267977,-0.49184540808688837,-0.12261164303017935,-2.134304451492053,-0.08193363834019252,-2.229068989837124,-0.8650038488466905,-3.4759596935935555,1.0933376580250176,6.946180139052505,87.2,105.4,105,85.3,10.1,287,NA,NA,NA,NA,NA,NA,0.7138959809011247,-2.669826269051878,NA,NA,NA,NA,99.96,1.238125434339299,-0.04000800213406208,48.7,85.8,12.914092750079309,2.3585999005879543,2016-03,99.99529,99.99533,100.18452,100.82803,101.7684,NA,NA
Slovakia,2016-04-01,98.01,97.74,97.44,100.2,99.74,0.361591394380234,-0.3902541601735088,0.20426929786871995,-2.4988705779778186,0.14333984229617514,-2.72496424473756,0.7726819466130408,-3.4694887695077448,-1.85886309457155,3.0500363135384845,87.3,106.5,113.8,84.9,9.9,281,NA,NA,NA,NA,NA,NA,-0.1379927970381445,-3.9162808226330448,NA,NA,NA,NA,100.17,0.20986366569220039,-0.25922247815746147,52.3,88.5,7.131734098233311,3.098354551996696,2016-04,99.98981,99.98989,100.19233,101.0328,101.90893,NA,NA
Slovakia,2016-05-01,97.45,97.38,96.84,100.82,99.69,-0.05014290833642576,-0.7495163254771953,-0.5730088327518423,-4.190094021201585,-0.3690041087454077,-4.2816307697408185,-0.617667189172888,-4.1565212688988495,0.6168560003720458,1.1472019675119682,87.5,105.2,111.1,79.2,9.7,276,NA,NA,NA,NA,NA,NA,-0.18038076604467435,-3.5007268263568925,NA,NA,NA,NA,100.59,0.4184106522573394,-0.11922505138066697,57.7,92.5,9.826080244317659,4.4206092504496475,2016-05,99.99008,99.99016,100.44151,101.25099,102.09292,NA,NA
Slovakia,2016-06-01,97.78,97.69,97.63,101.11,99.82,0.1303193006850556,-0.7286552177197869,0.3380631196929329,-3.9307245904014465,0.3178348910296336,-4.150555651872256,0.8124691167721743,-2.9768607506238887,0.2872284448823592,2.3111428349485763,87.8,109.4,112.5,84.7,9.6,273,NA,NA,NA,NA,NA,NA,0.09557628011549468,-2.5867458460017367,NA,NA,NA,NA,100.77,0.1787843146064283,0.049630255621924135,60.2,96.8,4.2415178800721876,4.543834976415173,2016-06,99.99199,99.99206,100.45843,101.20315,101.99539,NA,NA
Slovakia,2016-07-01,97.19,97.13,97.76,102.07,99.41,-0.4115851817409144,-0.8613835311780171,-0.6052231635120364,-3.1796927422142574,-0.5748912250611582,-3.360980384670409,0.13306721857055948,-1.4420885637702163,0.9449819312099095,2.7513281364280218,87.9,100.6,104,85.2,9.5,271,NA,NA,NA,NA,NA,NA,-0.09290220976740926,-2.837120450974151,NA,NA,NA,NA,100.28,-0.4874419002217856,0.1696691858700916,57.3,93.3,-4.937172859408179,-3.6826886429233596,2016-07,99.98966,99.98975,100.46704,101.45754,102.09019,NA,NA
Slovakia,2016-08-01,96.61,96.4,98.11,100.81,99.27,-0.14093016224236976,-0.7926595458428665,-0.5985569985960559,-3.0580305627655235,-0.7544085797739797,-3.285674602863775,0.35738027520144655,-1.4269330815569248,-1.2421295349557049,-2.5464112131033723,87.4,110.7,114.2,85.1,9.5,269,NA,NA,NA,NA,NA,NA,-0.0836752782415573,-1.4711755757676137,NA,NA,NA,NA,100.34,0.05981457660135803,0.21949524925330977,58.4,91.5,1.901526611348725,-1.9481135571822072,2016-08,99.98912,99.98921,100.22656,101.41865,102.17565,NA,NA
Slovakia,2016-09-01,96.26,96.24,97.92,98.77,99.3,0.03021604494968244,-0.5222992990336017,-0.3629391654455638,-3.4008894068585427,-0.16611299500759458,-3.5119983372719155,-0.19384794112839998,-2.141928724540243,-2.0443642145814067,-5.610603392938085,87.8,106.6,109.5,83.3,9.4,266,NA,NA,NA,NA,NA,NA,-0.0346206517503056,-0.9400769202274617,NA,NA,NA,NA,100.72,0.3779970679985034,0.39793128514808984,59.1,90.5,1.1915034577871353,-1.0989121575595284,2016-09,99.9903,99.99038,100.26857,101.46999,102.21103,NA,NA
Slovakia,2016-10-01,96.47,96.26,98.33,100.22,99.58,0.2815770162909459,-0.3208344440471578,0.21792153074988718,-3.233161121151795,0.020779220853928138,-3.521310896573837,0.4178350028048783,-1.3635886247078233,1.4573854611542814,-0.41820234205518503,88,108.9,111.4,89,9.2,261,NA,NA,NA,NA,NA,NA,0.028014599282588648,-1.244411029997483,NA,NA,NA,NA,100.96,0.23800090568109056,0.5064307531958967,64.4,89.4,8.588270869825543,-1.2229168526411982,2016-10,99.99084,99.99091,100.28492,101.69085,102.1824,NA,NA
Slovakia,2016-11-01,96.96,96.73,97.93,100.53,99.67,0.09033877653283895,-0.21047364322077655,0.5066443138542098,-2.4149117906260287,0.48707283194930895,-2.5113610563446187,-0.40762310593613904,-1.781243330190918,0.30884208857502315,-3.729444310588015,88.4,108.3,110,85.6,9,257,NA,NA,NA,NA,NA,NA,-0.02851356571280661,-2.202461253942012,NA,NA,NA,NA,100.6,-0.3572141127263784,0.5882076677213632,60.9,89.9,-5.588045839445677,0.5577259298106263,2016-11,99.99205,99.99212,100.51397,101.71531,102.21154,NA,NA
Slovakia,2016-12-01,97.1,97.04,97.88,97.74,99.75,0.08023267906080989,0.2207949512000873,0.14428529762753328,-1.2180917281258807,0.31996724413385635,-1.2595527738541001,-0.05106991582319864,-1.4806071104732865,-2.814529857532033,-4.432720076132313,88.7,105.8,111,91,8.9,253,NA,NA,NA,NA,NA,NA,0.427596611564951,-0.7328749348076258,NA,NA,NA,NA,101.13,0.5254560248440399,1.0936676916990073,69.6,90.3,13.353139262452274,0.443951894536454,2016-12,99.99369,99.99375,100.60069,101.61678,101.77542,NA,NA
Slovakia,2017-01-01,98.96,98.8,98.97,100.2,100.02,0.27031102207848434,0.782900716715762,1.8974352786953474,1.394069893086325,1.7974340118027676,1.560698787247361,1.1074535334128832,1.434920056088096,2.485729680875526,-0.8051333190328691,89.9,107.9,109.6,97.8,8.8,249,NA,NA,NA,NA,NA,NA,-0.018637341219562842,0.26410558613054747,NA,NA,NA,NA,100.26,-0.8640006078722173,1.7101312050146866,70.2,92.1,0.858374369139181,1.973748283832144,2017-01,99.99283,99.99289,100.38723,101.74608,101.79439,NA,NA
Slovakia,2017-02-01,100.25,100.36,99.24,101.81,100.55,0.5284950227903096,1.1804858975389187,1.2951338102445753,2.341412845397528,1.5666116744399439,2.706689169577281,0.27243849150000443,1.738113583967671,1.5940142468340746,0.8284888102875421,90.2,109.5,112.6,91,8.6,245,NA,NA,NA,NA,NA,NA,0.3468379431186719,1.0351988052083705,NA,NA,NA,NA,100.66,0.3981689512857045,1.935964972485582,70.1,91.7,-0.14255169912216203,-0.4352563998841319,2017-02,99.98602,99.98614,100.26816,101.46288,101.44194,NA,NA
Slovakia,2017-03-01,99.65,99.79,98.56,99.48,100.42,-0.1293725612101504,1.0410504432385004,-0.6003019527875075,1.8637225356401999,-0.5695743602000647,2.219048447717409,-0.6875659038390047,1.9155515289753566,-2.3151712183900663,-2.580020066127542,90.5,110.2,115,88.7,8.5,241,NA,NA,NA,NA,NA,NA,-0.17613282737309888,0.1451699969341469,NA,NA,NA,NA,101.49,0.8211770112512617,1.519016549397545,65.9,90.4,-6.178435253208292,-1.4278111864288512,2017-03,99.98399,99.98412,100.27145,101.63316,101.62077,NA,NA
Slovakia,2017-04-01,99.82,100.01,98.62,99.2,100.56,0.13931736754324575,0.8187764164015121,0.17045173826595317,1.829904976037433,0.22022030922039804,2.2959289146416317,0.06085810107698819,1.203727683439304,-0.28186046443767765,-1.0030174359936694,90.3,108.2,110.4,88.4,8.4,237,NA,NA,NA,NA,NA,NA,0.2532904487109633,0.5364532426832547,NA,NA,NA,NA,102.07,0.5698580954680565,1.879010979173401,67.4,89.4,2.2506576409799806,-1.1123585218662413,2017-04,99.98625,99.98636,100.16965,101.40365,101.3637,NA,NA
Slovakia,2017-05-01,100.88,100.87,98.8,99.16,100.82,0.2582184372492691,1.127137761987207,1.0563127615201395,3.459226570309415,0.8562378078319277,3.521170831218967,0.18235239578423545,2.0037472683964275,-0.04033071238378483,-1.6602041487495,90,110,112.1,88.6,8.2,233,NA,NA,NA,NA,NA,NA,-0.5992248941089073,0.11760911461902168,NA,NA,NA,NA,101.98,-0.08821367883973252,1.3723866480763292,64.9,91.8,-3.7797394208216595,2.649161544697609,2017-05,99.9847,99.98482,100.07723,101.73942,101.97292,NA,NA
Slovakia,2017-06-01,101.18,101.24,98.54,98.89,100.82,0,0.9968184613021513,0.2969417207125957,3.4181051713290778,0.3661376610178735,3.569473601207207,-0.2635047638005261,0.9277733878237271,-0.2726585885089783,-2.2200911821408376,89.9,106.4,109.7,86.3,8,226,NA,NA,NA,NA,NA,NA,-0.34974539955134887,-0.32771256504782187,NA,NA,NA,NA,102.08,0.09801039694696811,1.291612730416869,60.6,91.5,-6.855273063477529,-0.3273325344968825,2017-06,99.98292,99.98306,100.04365,101.9534,102.33019,NA,NA
Slovakia,2017-07-01,101.25,101.33,98.75,94.77,100.87,0.04958104122598783,1.4579846842690536,0.06915971228584894,4.092488047126963,0.08885817833030885,4.233223004598674,0.21288466654141303,1.0075908357945806,-4.25552177997961,-7.420594893330357,89.6,106,108.2,93.3,8,225,NA,NA,NA,NA,NA,NA,-0.5637251188979064,-0.798535474178319,NA,NA,NA,NA,101.62,-0.45164534308934634,1.3274092875493082,62.9,91.7,3.7251270631125877,0.21834069809436585,2017-07,99.98302,99.98316,99.99472,102.26802,102.90868,NA,NA
Slovakia,2017-08-01,100.87,100.91,99.15,95.67,100.88,0.009913258992000351,1.6088281055034237,-0.376014691990445,4.315030353732574,-0.4153486983788923,4.572282885993761,0.4042451184574247,1.0544556790505588,0.9451866207972337,-5.233278737577418,89.8,109.3,111.9,90.6,7.9,225,NA,NA,NA,NA,NA,NA,-0.556332566217943,-1.2711927621547048,NA,NA,NA,NA,101.89,0.26534338206074537,1.5329380930086955,66.4,88.5,5.41508927759935,-3.5519827248536195,2017-08,99.98251,99.98265,100.02695,102.73191,103.48279,NA,NA
Slovakia,2017-09-01,101.34,101.38,99.29,96.49,101.05,0.16837521929655708,1.7469872798502983,0.46486409810189144,5.142833617280029,0.4646802567766173,5.203076137777973,0.14110060796976853,1.3894042281487273,0.8534606342216478,-2.3354538887743637,89.7,110.8,112.6,94.3,7.9,223,NA,NA,NA,NA,NA,NA,0.10801829935678242,-1.1285538110476168,NA,NA,NA,NA,102.29,0.39181164827226667,1.5467526732824588,70.7,89.2,6.274851642013868,0.7878487572080317,2017-09,99.98737,99.98748,100.07566,102.73927,103.37107,NA,NA
Slovakia,2017-10-01,102.43,102.53,99.82,96.42,101.4,0.34576473074530156,1.811174994304654,1.0698438400679855,5.994755926598128,1.1279605637796841,6.310257480703729,0.5323702995959856,1.5039395249398346,-0.07257270548164385,-3.865412055410289,89.9,110.7,112.4,94.8,7.8,219,NA,NA,NA,NA,NA,NA,0.0830654577497647,-1.0735029525804407,NA,NA,NA,NA,102.34,0.048868690802983394,1.3576204584043516,73.3,88.6,3.611503599007815,-0.6749181974928575,2017-10,99.99107,99.99114,100.03659,102.74341,103.28524,NA,NA
Slovakia,2017-11-01,103.3,103.44,99.21,96.93,101.73,0.32491536485741435,2.0457515826292294,0.8457737677149524,6.33388538045887,0.88362957816015,6.70681422691457,-0.6129748379652078,1.2985877929107659,0.5275419527040803,-3.6467121912812317,90.2,113.9,114.2,96.1,7.6,215,NA,NA,NA,NA,NA,NA,-0.1311814655485577,-1.1761708524161918,NA,NA,NA,NA,102.14,-0.1956182157448083,1.5192163553859217,79,89.2,7.488724357441612,0.6749181974928575,2017-11,99.99458,99.99462,100.02858,102.85831,103.42082,NA,NA
Slovakia,2017-12-01,103.35,103.66,99.65,95.78,101.71,-0.01966181681520851,1.945857086753211,0.04839100021847287,6.23799108304981,0.212457829795909,6.599304812576623,0.44252309969925463,1.7921808084332191,-1.1935173590053694,-2.025699692754568,90,107.8,112.4,86.8,7.4,210,NA,NA,NA,NA,NA,NA,-0.07706309304431613,-1.680830557025459,NA,NA,NA,NA,102.49,0.3420811623973563,1.3358414929392382,80.8,88.2,2.252911306002847,-1.1274076573218217,2017-12,99.9936,99.99366,100.04026,102.91494,103.50055,NA,NA
Slovakia,2018-01-01,105.65,105.97,102.05,94.61,102.59,0.8614835462116055,2.537029610886332,2.2010457934288574,6.54160159778332,2.203972242518404,7.005843043292259,2.379884259705012,3.0646115347253478,-1.2290716198109841,-5.740500993441078,90.7,102.9,107.4,80.3,7.2,203,NA,NA,NA,NA,NA,NA,-0.054506591860814524,-1.7166998076667106,NA,NA,NA,NA,101.56,-0.911547600699425,1.2882945001120305,87.4,90.6,7.851831713443946,2.6847250036188264,2018-01,99.98386,99.98399,99.85913,102.95802,103.55698,NA,NA
Slovakia,2018-02-01,104.87,105.25,101.93,95.66,102.75,0.15583912767231922,2.164373715768342,-0.7410256215751865,4.505442165963558,-0.6817562624253704,4.757475106426945,-0.11765860755321711,2.674514435672126,1.1037059535797589,-6.2308092866953935,91.2,104.6,108.7,80.3,7,198,NA,NA,NA,NA,NA,NA,-0.14960271812594073,-2.213140468911323,NA,NA,NA,NA,101.78,0.21638643242090083,1.1065119812472268,82.1,92.9,-6.255726620310664,2.506943277085938,2018-02,99.98425,99.98437,99.89345,103.05428,103.71202,NA,NA
Slovakia,2018-03-01,105.3,105.79,101.5,96.47,102.95,0.19445800974544625,2.4882042867239385,0.4091931293615403,5.514937248112606,0.5117524436191623,5.838801910246172,-0.4227504698479656,2.9393298696631653,0.8431840930311019,-3.0724539752742253,91.4,105.1,107.4,84.5,6.9,193,NA,NA,NA,NA,NA,NA,-0.18387893681506284,-2.220886578353287,NA,NA,NA,NA,102.91,1.1041198687314235,1.3894548387273886,82.8,94,0.8490044932830898,1.1771136450210662,2018-03,99.98411,99.98424,100.05802,103.24852,103.9029,NA,NA
Slovakia,2018-04-01,105.61,106.06,102.92,92,103.56,0.5907721409537992,2.939659060134492,0.29396446184533076,5.638449971691983,0.2548974710300911,5.873479072055865,1.3893188931701772,4.267790661756354,-4.744350213342141,-7.534943724178689,91.5,102.9,107.5,79.9,6.7,190,NA,NA,NA,NA,NA,NA,-0.1862697144797032,-2.6604467415439537,NA,NA,NA,NA,103.32,0.39761483796389996,1.217211581223232,88.4,96.1,6.544390825238455,2.2094533706242814,2018-04,99.98245,99.98259,100.05586,103.25236,104.09662,NA,NA
Slovakia,2018-05-01,105.45,105.99,102.71,96.94,103.57,0.009655771745098463,2.6910963946303212,-0.15161568335990694,4.430521526811937,-0.06602216698201602,4.951219097241921,-0.20425042358303003,3.881187842389089,5.23036533681891,-2.2642476749759943,91.6,106.8,109.2,80.9,6.7,188,NA,NA,NA,NA,NA,NA,0.14927085553733122,-1.9119509918977151,NA,NA,NA,NA,103.97,0.6271427762238879,1.9325680362868525,94.6,96.8,6.7785506414233865,0.7257678306284987,2018-05,99.97962,99.97978,100.31493,103.32808,103.94135,NA,NA
Slovakia,2018-06-01,106,106.62,103.02,96.33,103.7,0.12544026346938963,2.816536658099711,0.5202187187283158,4.653798524827657,0.5926361355450993,5.177717571769147,0.30136609597262165,4.446058702162237,-0.6312433647697624,-2.6228324512367784,92,106.7,110.6,83.5,6.6,186,NA,NA,NA,NA,NA,NA,-0.06500592269444994,-1.6272115150408162,NA,NA,NA,NA,104.09,0.1153513537498263,1.9499089930897107,93.7,93.4,-0.9559286813455969,-3.575564904773465,2018-06,99.97876,99.97893,100.43195,103.39011,104.00894,NA,NA
Slovakia,2018-07-01,104.86,105.29,103.14,92.31,103.53,-0.16406894574600983,2.602886671127713,-1.0812966967680637,3.5033421157737443,-1.2552663525946528,3.8335930408441854,0.11641444853731642,4.34958848415814,-4.26273187674715,-2.630042548004319,92.5,102.9,105.2,82.5,6.4,182,NA,NA,NA,NA,NA,NA,-0.38675628376525495,-1.4502426799081647,NA,NA,NA,NA,103.85,-0.23083592052550728,2.1707184156535497,93,90,-0.7498696091119861,-3.708167490453196,2018-07,99.98018,99.98034,100.50372,103.58644,104.41198,NA,NA
Slovakia,2018-08-01,104.47,104.92,102.91,93.52,103.77,0.2315485839165632,2.824521996052276,-0.3726178294969351,3.5067389782672542,-0.352029286999489,3.8969124522235887,-0.22324687748120908,3.7220964882195062,1.3022839161752842,-2.2729452526262683,93.2,108.6,112.2,85.8,6.3,179,NA,NA,NA,NA,NA,NA,-0.3593219366597289,-1.2532320503499506,NA,NA,NA,NA,104.01,0.15394980429199734,2.0593248378848017,92,88.7,-1.0810916104215806,-1.4549781014730812,2018-08,99.98294,99.98308,100.41987,103.7848,104.78783,NA,NA
Slovakia,2018-09-01,105.12,105.5,103.65,96.28,103.81,0.03853935879671866,2.6946861355524376,0.6202605886883816,3.6621354688537444,0.5512797917448076,3.983511987191779,0.7165019033788411,4.297497783628579,2.908529575105767,-0.21787631174214894,93.2,106.3,110.4,84.5,6.3,177,NA,NA,NA,NA,NA,NA,-0.3548784021106144,-1.7161287518173474,NA,NA,NA,NA,104.42,0.39341796173646415,2.060931151348999,98.7,85.6,7.029636939039552,-3.557460616783814,2018-09,99.98326,99.98339,100.44815,104.00796,105.16036,NA,NA
Slovakia,2018-10-01,104.82,105.15,103.66,93.52,103.9,0.08665929000271078,2.435580694809847,-0.2857961362281003,2.3064954925576586,-0.3323050767412461,2.523246346670849,0.009647387977196331,3.7747748720097896,-2.908529575105767,-3.0538331813662722,93.9,107.1,109.5,82.2,6.1,172,NA,NA,NA,NA,NA,NA,0.4713146380262323,-1.3278795715408798,NA,NA,NA,NA,104.68,0.24868496795393824,2.260747428499954,100.2,86.4,1.5083242211328063,0.9302392662314141,2018-10,99.98279,99.98293,100.48432,103.70873,104.66589,NA,NA
Slovakia,2018-11-01,104.31,104.58,103.01,96.72,103.76,-0.13483580969930742,1.975829520253125,-0.4877358686139921,0.9729858562287141,-0.5435573388724357,1.096059429638263,-0.6290241865959167,3.7587255233790806,3.3644889142723677,-0.21688621979798484,93.4,103.5,107.2,85,6,169,NA,NA,NA,NA,NA,NA,0.26633403510984976,-0.9303640708824723,NA,NA,NA,NA,104.1,-0.5556102041022193,1.900755440142543,84.4,84.8,-17.16007870488525,-1.8692133012153,2018-11,99.98312,99.98326,100.46421,103.45105,104.3875,NA,NA
Slovakia,2018-12-01,104.24,104.72,104.5,94.83,103.61,-0.14466897445277738,1.8508223626155562,-0.06713018712902752,0.8574646688812138,0.13377928416602458,1.0173808840083787,1.436100050926381,4.752302474606207,-1.973439141090072,-0.9968080018826875,92.8,106.2,108.2,85.7,5.8,164,NA,NA,NA,NA,NA,NA,-0.08819962699835315,-0.9415006048365093,NA,NA,NA,NA,104.05,-0.0480422781279799,1.5106319996172068,74.9,86.1,-11.941351107873732,1.521386863582741,2018-12,99.98085,99.981,100.41801,103.51311,104.47961,NA,NA
Slovakia,2019-01-01,107.36,107.86,108.85,99.53,104.86,1.1992276880725683,2.188566504476519,2.9491740406782263,1.6055929161305826,2.954396830743633,1.7678054722336078,4.078371627569055,6.45078984247025,4.837329136233581,5.069592754161878,93.1,103,107.7,82.1,5.8,164,NA,NA,NA,NA,NA,NA,0.18979594376569153,-0.6971980692100033,NA,NA,NA,NA,102.97,-1.043386917098399,1.378792683218233,76.2,87,1.7207572169426477,1.0398707220899084,2019-01,99.98307,99.98321,100.38239,103.3784,104.2815,NA,NA
Slovakia,2019-02-01,107.48,108.17,107.24,101.46,105.09,0.21909987331190095,2.2518272501161007,0.11171105239187185,2.458329590097641,0.2869973733116815,2.7365591079706597,-1.490147431279798,5.0783010187436695,1.920552588057145,5.886439388639264,93.6,102.1,105.9,79.4,5.7,162,NA,NA,NA,NA,NA,NA,0.1953643525152593,-0.35223099856880324,NA,NA,NA,NA,103.3,0.31996924569330787,1.48237549649064,80.1,87.4,4.991439138171305,0.45871640069057307,2019-02,99.98185,99.98199,100.49954,103.3316,104.07797,NA,NA
Slovakia,2019-03-01,108.59,109.45,108.86,105.75,105.78,0.6544339760328199,2.7118032164034744,1.0274538481518825,3.076590308887983,1.1763760326673811,3.4011826970188785,1.4993339638295744,7.0003854524212095,4.141318578784414,9.184573874392576,94.3,104.5,109.1,85.9,5.7,161,NA,NA,NA,NA,NA,NA,0.19957839439195268,0.031226332638212284,NA,NA,NA,NA,104.35,1.0113257397616593,1.3895813675208757,82.2,86.2,2.5879447987820825,-1.3825104991841641,2019-03,99.98235,99.98249,100.43618,103.20649,103.87046,NA,NA
Slovakia,2019-04-01,108.65,109.4,109.25,107.87,106.01,0.21719636471724257,2.338227440166918,0.05523844736297079,2.837864294405623,-0.045693398099100335,3.100591827889687,0.3576180969645293,5.9686846562155615,1.9848980460950294,15.913822133829747,94.2,102.4,103.8,83,5.7,160,NA,NA,NA,NA,NA,NA,0.019160314214605734,0.23665636133252121,NA,NA,NA,NA,105.1,0.716164435969624,1.7081309655265997,86.4,86,4.983237374787564,-0.23228814161404543,2019-04,99.98304,99.98317,100.46682,103.26572,103.85056,NA,NA
Slovakia,2019-05-01,109.53,110.43,109.32,106.64,106.39,0.3578158243268348,2.686387492748654,0.8066777633215949,3.796157741087125,0.9370946071158848,4.103708601987588,0.06405270841680633,6.236987788215398,-1.146812251688445,9.536644545322392,94.4,102.7,104,92.3,5.7,161,NA,NA,NA,NA,NA,NA,-0.29383687207742426,-0.20645136628223426,NA,NA,NA,NA,105.24,0.13311782891864965,1.2141060182213614,85.2,85,-1.3986241974739855,-1.1696039763190669,2019-05,99.9822,99.98234,100.59403,103.46789,104.15616,NA,NA
Slovakia,2019-06-01,110.17,110.97,109.77,109.29,106.49,0.09394964990177002,2.6548968791810346,0.5826143016318674,3.8585533239906766,0.4878058453432921,3.9988783117857807,0.41079066393576724,6.3464123561785435,2.454622381812843,12.622510291904998,94.6,99.5,101.5,86.5,5.8,163,NA,NA,NA,NA,NA,NA,-0.03354975597025245,-0.17499519955803677,NA,NA,NA,NA,105.41,0.1614052095005647,1.2601598739720998,76.3,88.1,-11.032849554485935,3.582127645181732,2019-06,99.98119,99.98134,100.43355,103.42755,104.19111,NA,NA
Slovakia,2019-07-01,109.82,110.74,109.83,111.32,106.64,0.14075918431615264,2.959725009243197,-0.3181965501247497,4.621653470633991,-0.207478311765108,5.0466663526153255,0.054644810102999486,6.284642717744227,1.8404036969108084,18.725645865562957,94,97.6,98.5,79.7,5.8,164,NA,NA,NA,NA,NA,NA,0.22453205597701142,0.4362931401842296,NA,NA,NA,NA,104.91,-0.47546685237032094,1.0155289421272862,77,86.9,0.9132483563273119,-1.3714500670787722,2019-07,99.97959,99.97976,100.42588,103.32175,103.95743,NA,NA
Slovakia,2019-08-01,109.89,110.74,110.04,109.02,106.87,0.2154466666351773,2.943623091961811,0.06372036081065957,5.057991660941585,0,5.3986956396148145,0.19102202561187553,6.698911620837311,-2.0877585021555234,15.335603447232149,94.3,94.8,97.1,82.4,5.8,163,NA,NA,NA,NA,NA,NA,-0.4707085548758094,0.32490652196814906,NA,NA,NA,NA,105.06,0.14287757824211766,1.0044567160774065,71.6,84.7,-7.27103478870843,-2.5642430613337375,2019-08,99.97953,99.9797,100.69035,103.56838,104.44792,NA,NA
Slovakia,2019-09-01,110.32,111.15,110.79,110.75,106.97,0.09352787812337837,2.998611611288471,0.39053680262135515,4.828267874874559,0.3695529015383947,5.216968749408402,0.6792581476207538,6.661667865079224,1.5744057289110103,14.001479601037392,94.1,97.3,100,82.9,5.8,164,NA,NA,NA,NA,NA,NA,0.2728137965426036,0.9525987206213671,NA,NA,NA,NA,105.29,0.21868323428524405,0.8297219886261864,75.6,84.2,5.436120921888765,-0.5920680409727375,2019-09,99.98058,99.98074,100.76654,103.39746,104.16336,NA,NA
Slovakia,2019-10-01,109.8,110.57,110.21,109.4,106.87,-0.09352787812337837,2.8184244431623817,-0.4724704409616365,4.641593570141023,-0.52318358558949285,5.026090240560155,-0.5248880829130442,6.127132394188983,-1.2264518937364244,15.683557282406735,94.5,95.4,96.7,81.8,5.7,161,NA,NA,NA,NA,NA,NA,0.10676436018499658,0.5880484427801314,NA,NA,NA,NA,105.44,0.14236228855288857,0.7233993092251367,72.7,86.3,-3.911489864601414,2.4634676841100323,2019-10,99.98378,99.98391,100.65936,103.29875,104.05221,NA,NA
Slovakia,2019-11-01,109.83,110.75,110.62,110.19,107.05,0.1682872498886212,3.1215475027503103,0.027318672482490314,5.156648111237505,0.16266043709345368,5.732308016526044,0.37132678630813487,7.127483367093035,0.7195258511805136,13.03859421931488,93.8,93.5,96.6,78.4,5.7,159,NA,NA,NA,NA,NA,NA,0.24745106692307672,0.5691654745933583,NA,NA,NA,NA,105.1,-0.3229792871291437,0.9560302261982123,76.6,89.9,5.225569220707182,4.086834338819312,2019-11,99.98411,99.98423,100.59322,103.12329,103.79505,NA,NA
Slovakia,2019-12-01,109.67,110.73,110.35,109.65,106.89,-0.14957467498373234,3.1166418022193554,-0.14578590281377757,5.077992395552755,-0.018060321522828104,5.580468410837192,-0.24437718637866368,5.44700612978799,-0.49126736357889556,14.520765996826057,93.8,94.3,95.3,77.4,5.7,159,NA,NA,NA,NA,NA,NA,0.0695554383272956,0.7269205399190071,NA,NA,NA,NA,105.43,0.31349477059530173,1.317567274921494,79.1,92.2,3.2115798027063214,2.526218908497313,2019-12,99.98426,99.98438,100.50448,103.0471,103.72288,NA,NA
Slovakia,2020-01-01,112.07,113.03,111.21,110.1,108.23,1.2458324021200617,3.163246516266849,2.1647819291819026,4.293600284056431,2.055846449262333,4.6819180293558915,0.7763173128005008,2.1449518150194358,0.40955688647370536,10.092993747066181,94.7,100,102.7,85.4,5.9,165,NA,NA,NA,NA,NA,NA,0.2180873541616002,0.7552119503149157,NA,NA,NA,NA,104.37,-1.0104947756897964,1.3504594163300965,76.1,93.9,-3.8664609905968206,1.8270255651668954,2020-01,99.98438,99.9845,100.45089,102.97169,103.49692,NA,NA
Slovakia,2020-02-01,112.41,113.59,110.68,105.8,108.37,0.1292705627848889,3.073417205739837,0.3029225409769687,4.484811772641528,0.49422040406899015,4.8891410601132,-0.4777150912024908,3.157384155096743,-3.983852430443502,4.188588728565534,95.6,97.4,100,84.3,5.9,167,NA,NA,NA,NA,NA,NA,0.0999176072278729,0.6597652050275293,NA,NA,NA,NA,104.56,0.1818791484005544,1.212369319037343,66.3,90.5,-13.78583676758236,-3.6880535508336365,2020-02,99.98547,99.98559,100.49225,102.82049,103.39356,NA,NA
Slovakia,2020-03-01,112.61,113.84,110.12,108.57,108.34,-0.027686770515078507,2.3912964591919383,0.17776202352282056,3.6351199480124663,0.21984795382667954,3.9326129812724986,-0.5072474644318703,1.1508027268352983,2.584460681956191,2.631730831737311,95.3,82.8,83.9,77.6,5.9,163,NA,NA,NA,NA,NA,NA,-2.0188274979877185,-1.558640687352142,NA,NA,NA,NA,105.13,0.5436610271773112,0.744704606452995,42.6,88,-44.23356439164916,-2.8013036227673815,2020-03,99.99648,99.99649,101.30876,104.33492,105.50211,NA,NA
Slovakia,2020-04-01,113.37,114.73,111.23,112.74,108.26,-0.07386888609213216,2.1002312083825636,0.6726284320572873,4.252509932706783,0.7787588029454895,4.757065182317088,1.0029449329531204,1.7961295628238894,3.7689156409667746,4.415748426609056,93.8,60.7,57.1,78,6.5,181,NA,NA,NA,NA,NA,NA,-0.1284267756575197,-1.7062277772242673,NA,NA,NA,NA,105.43,0.28495460011193074,0.31349477059530173,31.6,85.6,-29.869713268245857,-2.7651531330510792,2020-04,99.99856,99.99856,101.746,104.56963,105.63769,NA,NA
Slovakia,2020-05-01,114.82,116.23,112.42,114.43,108.58,0.2951487108473039,2.0375640949030327,1.2708878709983829,4.716720040383571,1.298944484456488,5.118915059657692,1.0641727969990633,2.7962496514061463,1.487899967619466,7.050460645916967,93,72.1,68.4,88.6,6.7,185,NA,NA,NA,NA,NA,NA,0.07108891380083193,-1.3413019913460111,NA,NA,NA,NA,105.33,-0.09489467404080187,0.0854822676358502,39.2,85.4,21.551962620355035,-0.23391823531717648,2020-05,99.99688,99.99689,101.59862,104.50577,105.56262,NA,NA
Slovakia,2020-06-01,113.05,114.36,110.77,113.67,108.46,-0.11057870643904621,1.8330357385622165,-1.5535486015512134,2.58055713720049,-1.6219619201505608,3.0091472941638386,-1.478587804508713,0.906871182961666,-0.6663768631003819,3.929461401003742,92.8,85.9,84.9,92.1,6.8,187,NA,NA,NA,NA,NA,NA,-0.1479542685198787,-1.4557065038956374,NA,NA,NA,NA,105.69,0.34120021728050176,0.2652772754157873,48.5,88.3,21.28870511470207,3.33940068153904,2020-06,99.99626,99.99627,101.27862,104.56589,105.71892,NA,NA
Slovakia,2020-07-01,112.17,113.2,112.02,111.28,108.54,0.07373272223443195,1.7660092764804958,-0.7814621066846605,2.117291580640579,-1.0195201685028188,2.197105437426128,1.1221447252844463,1.9743710981431128,-2.1249966083431993,-0.03593890425026558,92.9,91.2,93.3,94,7,196,NA,NA,NA,NA,NA,NA,-0.40361529577879196,-2.0838538556514408,NA,NA,NA,NA,105.32,-0.3506946393146748,0.3900494884714334,51.6,89.2,6.195787454407986,1.014093197604904,2020-07,99.99262,99.99266,101.24702,104.77136,106.14648,NA,NA
Slovakia,2020-08-01,111.02,112.09,111.82,115.32,108.41,-0.11984329620577938,1.430719313639539,-1.0305212395116392,1.0230499803182802,-0.9854045736078731,1.2117008638182547,-0.17869911831871477,1.6046499542125225,3.566132515501419,5.617952113406677,93.2,95.8,97.8,93.8,7.1,197,NA,NA,NA,NA,NA,NA,-0.5192415265803163,-2.1323868273559476,NA,NA,NA,NA,104.88,-0.41864951726644506,-0.17147760703712933,54.3,91.2,5.100255445237245,2.2173857494322213,2020-08,99.99055,99.99061,101.0495,104.98052,106.69907,NA,NA
Slovakia,2020-09-01,110.49,111.56,110.13,112.45,108.45,0.0368901599682836,1.3740815954844443,-0.4785346136931601,0.15397856400376497,-0.47395572737158886,0.36819223490827113,-1.5228949421646654,-0.5975031355728966,-2.520219436487725,1.5233269480079414,92.9,97.3,97.2,93.6,6.9,193,NA,NA,NA,NA,NA,NA,-0.3332520683454021,-2.7384526922439534,NA,NA,NA,NA,104.96,0.07624857403341068,-0.3139122672889627,51.2,95.2,-5.87846948944275,4.2925044717033956,2020-09,99.99376,99.99379,101.45092,105.42011,107.05524,NA,NA
Slovakia,2020-10-01,110.88,111.84,111.71,113.92,108.61,0.14742470190611812,1.6150341755139408,0.35235163165090455,0.978800636616306,0.2506715726211972,1.1420473931189612,1.424474140590437,1.3518590879305847,1.298776925834133,4.048555767578499,93.2,96.6,98.5,90.5,6.9,193,NA,NA,NA,NA,NA,NA,-0.20234478178959847,-3.0475618342185484,NA,NA,NA,NA,105.15,0.1808576952930352,-0.2754168605488161,51.6,98.8,0.7782140442055052,3.711766295650243,2020-10,99.99686,99.99687,101.69466,105.69811,107.27208,NA,NA
Slovakia,2020-11-01,110.85,111.87,111.86,116.09,108.71,0.09203019239638621,1.5387771180217058,-0.027059937927287336,0.9244220262065284,0.026820437333885394,1.006207393359393,0.13418618106850744,1.1147184826909573,1.8869304686278454,5.215960385025831,92.9,98.7,100.9,90,6.9,193,NA,NA,NA,NA,NA,NA,0.4158175227357397,-2.8791953784058855,NA,NA,NA,NA,104.8,-0.3334130261767321,-0.28585059959640446,55.3,104,6.925123604077177,5.129329438755015,2020-11,99.9957,99.99572,101.38704,105.34891,106.82695,NA,NA
Slovakia,2020-12-01,110.33,111.38,111.66,111.81,108.65,-0.055207951346947226,1.633143841658491,-0.47020612901054193,0.600001800009764,-0.43897046973162546,0.5852972451505956,-0.17895495112272286,1.1801407179468981,-3.7564750190667517,1.9507527295379745,93.4,98.4,99.6,86.7,7,192,NA,NA,NA,NA,NA,NA,-0.23245179492716872,-3.18120261166035,NA,NA,NA,NA,105.15,0.3334130261767321,-0.2659323440149741,63.7,107.3,14.141165404982825,3.1237750495280103,2020-12,99.99376,99.99379,101.30154,105.53907,107.07556,NA,NA
Slovakia,2021-01-01,111.53,112.39,112.57,111.17,109,0.321617552670439,0.7089289922088682,1.081773823423049,-0.48300630574908965,0.90271873686536,-0.5678304672463774,0.8116710484498135,1.2154944535962109,-0.574044091375292,0.9671517516889772,93.5,100.6,102,90.3,7,191,NA,NA,NA,NA,NA,NA,0.1635509819032599,-3.23573898391869,NA,NA,NA,NA,105.32,0.1615432479399992,0.9061056796148215,69.9,115,9.288108666164696,6.930347872659759,2021-01,99.99614,99.99616,101.34676,105.38701,106.90058,NA,NA
Slovakia,2021-02-01,111.78,112.8,112.39,111.83,109.31,0.28400000766009015,0.8636584370840694,0.22390408351071756,-0.5620247632153408,0.3641373533782577,-0.6979135179371099,-0.1600284836536403,1.5331810611450614,0.5919299794573618,5.542934161589841,94.3,100,100.6,92.6,7.1,191,NA,NA,NA,NA,NA,NA,0.3699799887233013,-2.9656766024232617,NA,NA,NA,NA,105.54,0.20866933494128048,0.9328958661555475,80.4,116.6,13.994852694515636,1.3817145553141508,2021-02,99.99691,99.99692,101.21043,105.02584,106.5058,NA,NA
Slovakia,2021-03-01,111.55,112.56,111.58,109.66,109.93,0.5655917285028345,1.4569369361019824,-0.2059732963011207,-0.945760083039282,-0.21299262578251543,-1.1307540975463048,-0.7233143112793883,1.3171142142975434,-1.9595191064194495,0.9989543732142003,95.4,101.8,101.9,99.5,7.1,193,NA,NA,NA,NA,NA,NA,-0.1273110483285933,-1.0741601527641365,NA,NA,NA,NA,106.53,0.9336607645584749,1.3228956035367112,80.8,115.3,0.4962789342129348,-1.1211846641378642,2021-03,99.99745,99.99745,101.5533,105.2966,106.64148,NA,NA
Slovakia,2021-04-01,112.13,113.22,111.73,111.8,110.1,0.1545244137861168,1.6853302359802314,0.5185991594248485,-1.0997893556717209,0.58464158023801,-1.3248713202537843,0.1343424141864169,0.4485116955308399,1.932689074509586,-0.8372721932429883,96,100.3,98.2,113.5,7.1,193,NA,NA,NA,NA,NA,NA,-0.15960403156993763,-1.1053374086765544,NA,NA,NA,NA,107.14,0.5709754829707592,1.6089164863955396,80.8,119.8,0,3.8286258406335705,2021-04,99.9964,99.99642,101.40086,105.36289,106.81182,NA,NA
Slovakia,2021-05-01,113.92,115.22,113.68,111.8,110.78,0.6157208876324205,2.005902412765348,1.583753519087594,-0.7869237075825097,1.751051569572315,-0.8727642351379572,1.730223722959856,1.1145626214916327,0,-2.3251721608624543,97.5,96.2,97.9,98.3,7,193,NA,NA,NA,NA,NA,NA,0.06467667647989117,-1.1117496459974952,NA,NA,NA,NA,107.42,0.26099940244996844,1.96481056288631,86.3,127.6,6.585263256233187,6.307668522934051,2021-05,99.99183,99.99188,101.18801,105.33471,106.74276,NA,NA
Slovakia,2021-06-01,114.63,115.81,112.48,114.23,111.19,0.3694197110199582,2.4859008302243524,0.6213102463252795,1.3879351402939832,0.5107572892049106,1.2599549742175142,-1.0612055726490155,1.5319448533513302,2.150239902485751,0.4914446047236787,98,100.4,99.9,103.5,6.9,191,NA,NA,NA,NA,NA,NA,0.29935313300617494,-0.6644422444714415,NA,NA,NA,NA,107.7,0.26031996850290895,1.8839303141087171,93.9,123.4,8.44007881248352,-3.346925943940171,2021-06,99.98933,99.98941,101.07134,105.18264,106.4237,NA,NA
Slovakia,2021-07-01,115.11,116.33,113.87,114.18,111.7,0.4576256359997366,2.869793743989657,0.41786428000518683,2.5872615269838306,0.44800626323890924,2.7274814059592423,1.2282018760158664,1.6380020040827503,-0.04378092097425679,2.572660292092621,100,102.8,103.7,102.8,6.8,187,NA,NA,NA,NA,NA,NA,0.06047474076256165,-0.2003522079300879,NA,NA,NA,NA,107.6,-0.09289364346587448,2.1417313099575175,98.3,122.3,4.579364093890348,-0.8954068778161073,2021-07,99.98981,99.98988,101.30816,105.18315,106.35936,NA,NA
Slovakia,2021-08-01,114.98,116.29,114.62,116.82,111.97,0.2414272196950229,3.2310642598904593,-0.11299927318253467,3.504783493312935,-0.034390852372290226,3.678495127194825,0.6564862301077667,2.473187352509232,2.285813807604953,1.292341584196155,101.7,97.7,98.2,104.2,6.7,185,NA,NA,NA,NA,NA,NA,0.1765765729454749,0.4954658915957033,NA,NA,NA,NA,107.98,0.35253770624565917,2.9129185334696217,96.3,122.9,-2.0555708349040636,0.4893973878862923,2021-08,99.98912,99.9892,101.2352,105.01174,106.17172,NA,NA
Slovakia,2021-09-01,115.18,116.39,114.49,115.45,112.82,0.7562650039724339,3.9504391038946096,0.17379218833815102,4.157110295344246,0.08595496489327559,4.23840581945969,-0.11348261878705301,3.882599675886844,-1.1796752811658706,2.6328857395180094,103.3,94.9,92.6,108,6.6,184,NA,NA,NA,NA,NA,NA,0.0026466908384037424,0.8313646507795092,NA,NA,NA,NA,108.49,0.4711978044218412,3.3078677638580523,107.2,120.3,10.722792983262153,-2.1382393591355964,2021-09,99.98876,99.98884,101.22399,105.0535,106.16891,NA,NA
Slovakia,2021-10-01,115.25,116.67,115.72,116.28,113.4,0.5127762981822492,4.315790700170741,0.060755979823134965,3.8655146435164767,0.24028158818811818,4.228015835026611,1.0685997172213746,3.5267252525177817,0.7163539890171045,2.050462802700981,105.4,97.7,98,101.8,6.6,184,NA,NA,NA,NA,NA,NA,0.24096317668753642,1.274672609256644,NA,NA,NA,NA,109.41,0.8444290654339603,3.9714391339989774,123.4,121.9,14.073486283458614,1.3212413506592746,2021-10,99.9909,99.99096,101.33884,105.04251,105.91339,NA,NA
Slovakia,2021-11-01,115.85,117.24,117.44,117.22,113.96,0.4926118336055829,4.716372341379937,0.5192569001627234,4.411831481606487,0.4873679006925258,4.688563298385251,1.4754084758271446,4.867947547276419,0.8051435357607772,0.9686758698339126,107.2,103.2,102.2,101.3,6.6,184,NA,NA,NA,NA,NA,NA,0.0012463091074721433,0.8601013956283765,NA,NA,NA,NA,109.9,0.4468567920877575,4.751708952263467,115,122.9,-7.049898310803737,0.8169980084763218,2021-11,99.99151,99.99157,101.44104,105.22556,105.91207,NA,NA
Slovakia,2021-12-01,116.73,118.4,120.97,109.06,114.15,0.1665863346096863,4.938166627336571,0.7567324786187157,5.638770089235745,0.9845606607213675,6.112094428838244,2.9615016105551284,8.00840410895427,-7.215432155036794,-2.4902812661361295,107.6,102.3,105.1,94.3,6.6,182,NA,NA,NA,NA,NA,NA,-0.1607117587493434,0.9318414318062018,NA,NA,NA,NA,110.37,0.42674963752169504,4.84504556360843,112.4,122.9,-2.286819090365899,0,2021-12,99.99157,99.99163,101.42684,105.53574,106.08242,NA,NA
Slovakia,2022-01-01,120.55,121.87,122.85,122.46,117.37,2.7817965136227585,7.39834558828889,3.2201028962608014,7.7770991620734975,2.888618038550561,8.097993730523445,1.5421517995431344,8.738884860047591,11.588625655189322,9.672388480428484,113.3,103.6,105.4,99.7,6.4,178,NA,NA,NA,NA,NA,NA,0.26614719078486004,1.034437640687802,NA,NA,NA,NA,110.7,0.2985481929798084,4.982050508648239,121.3,128.7,7.620287849041318,4.611309803009167,2022-01,99.9921,99.99215,101.06003,105.10049,105.80046,NA,NA
Slovakia,2022-02-01,122.5,123.86,124.76,121.55,118.36,0.8399489419976369,7.954294522626437,1.6046425357601812,9.157837614322961,1.6196992674504251,9.353555644595613,1.5427792772413795,10.44169262094261,-0.7458745287675761,8.334583972203546,121,99.5,102,78.3,6.3,175,NA,NA,NA,NA,NA,NA,-0.13184064476856605,0.5326170071959346,NA,NA,NA,NA,111.74,0.9350904316411501,5.708471605348109,133.3,136.6,9.433541123465883,5.957283253460854,2022-02,99.99313,99.99317,101.07043,105.18608,105.94004,NA,NA
Slovakia,2022-03-01,124.66,126.06,127.16,123.81,120.43,1.7337843740380166,9.12248716816162,1.747900139592229,11.11171105021631,1.7606088575049306,11.327157127883059,1.9054244302999734,13.070431362521973,1.8422431670467532,12.136346245669749,121.9,94.5,97.4,72.7,6.3,173,NA,NA,NA,NA,NA,NA,-0.8600530985512833,-0.20012504302675538,NA,NA,NA,NA,114.46,2.4050672949953444,7.179878135784978,166.7,152,22.359356257208507,10.682357370958684,2022-03,99.99735,99.99735,101.76502,105.56232,106.85511,NA,NA
Slovakia,2022-04-01,127.68,129.37,130.07,125.97,122.06,1.3444055843960356,10.312368338771538,2.39371023207946,12.986822122870922,2.591853184484627,13.334368732129676,2.2626631033046962,15.198752051640252,1.7295650931611561,11.93322226432132,129.4,94.9,97.7,71.1,6.3,174,NA,NA,NA,NA,NA,NA,1.4354449431342786,1.3949239316774609,NA,NA,NA,NA,115.11,0.5662775946014165,7.175180247415636,153.2,152.9,-8.445153245025772,0.5903592088739806,2022-04,99.99584,99.99585,101.36626,105.0782,105.33222,NA,NA
Slovakia,2022-05-01,132.13,134.31,135.07,133.6,123.82,1.4316170974736586,11.128264548612776,3.425915272462632,14.82898387624596,3.7474044991173017,15.330721661674662,3.7720395497023773,17.240567878382773,5.880647773833392,17.81387003815471,127.3,98.4,104.3,67,6.2,173,NA,NA,NA,NA,NA,NA,0.2923032928785929,1.6225505480761626,NA,NA,NA,NA,116.07,0.8305264453561279,7.744707290321795,163.6,153.1,6.56801668621565,0.13071897286218714,2022-05,99.99333,99.99337,101.57048,105.33946,105.02478,NA,NA
Slovakia,2022-06-01,135.14,137.51,136.13,134.66,125.21,1.116342958977068,11.875187796569886,2.252499169790312,16.460172799710993,2.3546080813869885,17.17457245385674,0.781714895170893,19.08348834620268,0.7902822014589361,16.453912337127896,128.8,94.9,98.2,65.9,6.1,171,NA,NA,NA,NA,NA,NA,0.1158778763836743,1.439075291453662,NA,NA,NA,NA,117.01,0.8065943850334989,8.290981706852385,173.5,145.4,5.875317521826684,-5.16027375642194,2022-06,99.99216,99.99221,101.68761,105.6936,104.90315,NA,NA
Slovakia,2022-07-01,137.04,139.49,140.56,139.8,126.02,0.6448296833053035,12.062391843875453,1.3961575891835665,17.438466108889372,1.4296272369290541,18.156193427546885,3.2024132354459667,21.057699705632782,3.745974668257457,20.24366792635961,130.1,97,101.5,68.8,6,168,NA,NA,NA,NA,NA,NA,0.4289037200320145,1.8075042707231148,NA,NA,NA,NA,117.14,0.11103994307699594,8.494915293395255,171.8,132.7,-0.9846589836758568,-9.13976237612566,2022-07,99.99139,99.99145,101.92527,105.46427,104.45418,NA,NA
Slovakia,2022-08-01,139.1,141.46,142.7,139.11,126.95,0.7352683636778323,12.556232987858262,1.4920244913533054,19.043489873425212,1.4024077503700383,19.592992030289214,1.511008060394925,21.91222153591994,-0.4947842728230789,17.463069845931578,135.2,96.2,99.7,64.3,6,166,NA,NA,NA,NA,NA,NA,0.11165190597406394,1.7425796037517038,NA,NA,NA,NA,117.85,0.6042828720503657,8.746660459199962,172.8,131.5,0.5803846819800285,-0.9084089720342803,2022-08,99.99085,99.99092,101.78052,105.18787,104.33762,NA,NA
Slovakia,2022-09-01,142,144.43,145.5,147.63,128.14,0.9330108060187747,12.732978789904603,2.0633958671863795,20.93309355227344,2.0777969505231475,21.584834015919085,1.9431562128756852,23.96886036758268,5.944415647451784,24.587160774549233,140.6,91.4,95.2,62.3,6,166,NA,NA,NA,NA,NA,NA,-0.13251055186991323,1.6074223610433869,NA,NA,NA,NA,119.26,1.1893354312819682,9.464798086060089,158.2,131.2,-8.827480103640184,-0.2283975107831182,2022-09,99.99181,99.99187,101.90408,105.39217,104.47597,NA,NA
Slovakia,2022-10-01,145.29,147.99,147.54,148.11,129.81,1.2948426694027404,13.515045161125094,2.2904687481986485,23.162806320648954,2.4349742800680474,23.779526707799015,1.392323884460911,24.292584534822215,0.3246097392884728,24.1954165248206,141.7,90.5,95.2,57.8,6,167,NA,NA,NA,NA,NA,NA,-0.4358763993299597,0.9305827850258908,NA,NA,NA,NA,121.03,1.4732465055552701,10.093615526181399,146.2,132.2,-7.888450801787528,0.7593050907598098,2022-10,99.99267,99.99272,102.16471,105.71127,104.93235,NA,NA
Slovakia,2022-11-01,148.05,150.94,149.98,155.36,131.12,1.0041091530671231,14.026542480586635,1.8818309464353256,24.525380366921556,1.9737702942966173,25.265929101403106,1.6402626417086452,24.457438700703715,4.778976360413356,28.16924934947318,132.7,93.6,96.9,65.3,6.1,168,NA,NA,NA,NA,NA,NA,-0.32939328699095327,0.5999431889274653,NA,NA,NA,NA,120.95,-0.06612116944761937,9.580637564646022,139.4,131.7,-4.762804898925488,-0.37893186683506386,2022-11,99.99413,99.99416,101.8186,105.7125,105.27856,NA,NA
Slovakia,2022-12-01,149.53,152.76,152.63,156.08,131.31,0.14480054353391836,14.004756689510867,0.994698704815189,24.76334659311803,1.1985655500592607,25.479933990741,1.7514740053787392,23.247411095527326,0.46236917718411874,35.84705068169409,132,91.6,98.4,70.9,6.1,169,NA,NA,NA,NA,NA,NA,-0.7078707298937559,0.05278421778305287,NA,NA,NA,NA,120.52,-0.3561522793935623,8.797735647730764,130.9,129.5,-6.291382541056922,-1.6845727609642758,2022-12,99.99438,99.9944,101.80569,106.05381,106.02644,NA,NA
Slovakia,2023-01-01,153.75,156.74,156.6,158.61,135.05,2.808414036771101,14.031374212659209,2.783086509087518,24.326330205944746,2.572031926740337,25.163347878930775,2.567809162967194,24.273068458951386,1.607966260061211,25.86639128656598,138.5,98.3,98.6,99.7,6.1,169,NA,NA,NA,NA,NA,NA,-0.20476738204395772,-0.4181303550457649,NA,NA,NA,NA,120.27,-0.20764989395756217,8.291537560793394,119.3,130,-9.279234381198442,0.3853569315989347,2023-01,99.9931,99.99314,101.68667,106.18356,106.24377,NA,NA
Slovakia,2023-02-01,156.54,159.36,159.66,158.51,136.59,1.1338657776176042,14.325291048279176,1.79836616900646,24.520053839191025,1.6577412211569609,25.20138983263731,1.9351770660950507,24.665466247805057,-0.06306761056666943,26.54919820476689,145.9,103.5,102.9,102.8,6.1,169,NA,NA,NA,NA,NA,NA,-0.07143278833368072,-0.35772249861087957,NA,NA,NA,NA,121.24,0.8032836867077009,8.159730815859945,110.5,131,-7.662580814606201,0.7662872745568983,2023-02,99.9931,99.99314,101.57595,106.08492,106.31969,NA,NA
Slovakia,2023-03-01,159.8,162.69,161.73,160.48,138.31,1.2513804621816504,13.84288713642281,2.061146495548183,24.83330019514698,2.0680755684790775,25.508856543611458,1.288172391403375,24.04821420890846,1.2351641403824054,25.94211917810254,145.1,102.2,102.9,101.9,6,166,NA,NA,NA,NA,NA,NA,-0.17784266137503835,0.3244879385653654,NA,NA,NA,NA,122.34,0.9032001624817099,6.65786368334631,103.5,127.6,-6.544390825238455,-2.6296952290461917,2023-03,99.9931,99.99314,101.50298,106.09102,106.50894,NA,NA
Slovakia,2023-04-01,160.18,163.12,163.69,161.29,139.16,0.6126807647124366,13.111162316739211,0.23751495633623776,22.677104919403757,0.2639576745121275,23.180961033638958,1.2046117024576475,22.99016280806141,0.5034662715465821,24.716020356487967,142,99.3,99.6,92,5.9,163,NA,NA,NA,NA,NA,NA,-0.5180114653545509,-1.6289684699234641,NA,NA,NA,NA,123.12,0.635543571620456,6.72712966036535,109.3,130.9,5.45247824770696,2.5533302005165126,2023-04,99.9931,99.99314,101.27526,106.22346,107.0621,NA,NA
Slovakia,2023-05-01,160.82,163.79,164.02,164.6,139.07,-0.06469467932221917,11.614850539943333,0.3987544224466788,19.649944069387804,0.40989932280881547,19.843455857330472,0.20139764520017422,19.419520903559206,2.031430131387779,20.866802714042354,140.7,101.3,101.2,93.1,5.8,161,NA,NA,NA,NA,NA,NA,0.25966296207773354,-1.6616088007243235,NA,NA,NA,NA,123.15,0.024363503592361724,5.9209667186015835,96.9,126.9,-12.041687628577247,-3.1034298195512733,2023-05,99.9931,99.99314,101.13439,106.00481,106.78446,NA,NA
Slovakia,2023-06-01,160.73,163.72,163.38,164.47,139.39,0.2298356251276168,10.728343206093882,-0.05597885389541091,17.34146604570208,-0.04274678700859624,17.446100988934887,-0.39095956945418564,18.246846438934128,-0.0790105489791415,19.997509963604276,139.7,100.9,103.1,88.2,5.8,161,NA,NA,NA,NA,NA,NA,-0.43653455066863245,-2.2140212277766302,NA,NA,NA,NA,123.47,0.25950870131046244,5.373881034878547,95.2,122.6,-1.769957709940062,-3.4472351218230557,2023-06,99.9931,99.99314,101.08407,106.27128,107.25163,NA,NA
Slovakia,2023-07-01,159.63,162.54,163.02,160.63,139.06,-0.23702650709234163,9.846487015696237,-0.6867301304661844,15.25857832605233,-0.72335262991432,15.293121122091513,-0.22058832474112222,14.823844878747039,-2.362459918350268,13.889075376996551,140.2,96.5,97.8,84.5,5.8,162,NA,NA,NA,NA,NA,NA,-0.8187986746295728,-3.4617236224382175,NA,NA,NA,NA,123.36,-0.08913017646330346,5.173710915338248,100.9,123.9,5.81499855622436,1.0547765132985276,2023-07,99.9931,99.99314,101.16841,106.77272,108.13341,NA,NA
Slovakia,2023-08-01,157.93,160.71,161.57,161.04,139.18,0.08625647458320174,9.197475126601606,-1.0706740394423875,12.695879795256637,-1.1322626764080468,12.758450695313428,-0.8934407377572562,12.419396080594858,0.2549197761861244,14.638779426005755,140.2,97.1,98.3,86.6,5.9,162,NA,NA,NA,NA,NA,NA,-0.16645190266633136,-3.739827431078613,NA,NA,NA,NA,124.03,0.5416562012219295,5.1110842445098115,108.7,121.7,7.446186676760025,-1.7915788641614583,2023-08,99.9931,99.99314,101.34891,106.88494,108.31355,NA,NA
Slovakia,2023-09-01,157.96,160.75,164.2,154.67,139.62,0.3156387125551774,8.580103033138009,0.018993953648571704,10.65147788171883,0.024886455675066088,10.705540200465347,1.6146711729589036,12.090911040678076,-4.035896628148805,4.658467150405166,140.6,97.5,98.9,84.9,5.8,161,NA,NA,NA,NA,NA,NA,0.02862470765787606,-3.5786921715508235,NA,NA,NA,NA,124.43,0.3219836960301592,4.2437325092580025,117.7,124.5,7.954722013906768,2.274671591128019,2023-09,99.9931,99.99314,101.69715,107.01733,108.28255,NA,NA
Slovakia,2023-10-01,158.37,161.14,164.91,162.35,139.89,0.1931952946083726,7.478455658343641,0.2592231085185581,8.620232242038739,0.2423189231320677,8.512884843529367,0.43146735223507093,11.130054508452236,4.846068349880639,9.179925760997332,141,100.9,101.3,95,5.7,158,NA,NA,NA,NA,NA,NA,0.17478837592266316,-2.9680273962982007,NA,NA,NA,NA,124.54,0.08836406567658273,2.858850069379315,115.7,122.6,-1.7138380066600511,-1.5378692402650884,2023-10,99.9931,99.99314,101.55544,106.91835,108.09345,NA,NA
Slovakia,2023-11-01,159.59,162.49,167,159.02,140.14,0.17855234540480325,6.652898850681321,0.7673958907460587,7.505797186349472,0.8342909065635062,7.373405455796256,1.2593941876076542,10.749186054351245,-2.0724518075517118,2.328497593032264,138.7,99,97.7,95.7,5.6,157,NA,NA,NA,NA,NA,NA,-0.0011564001079378272,-2.6397905094151852,NA,NA,NA,NA,123.85,-0.5555793508936979,2.3693918879332365,106.2,123.7,-8.56765253917926,0.8932255896331398,2023-11,99.9931,99.99314,101.25562,107.02314,108.0947,NA,NA
Slovakia,2023-12-01,159.21,162.41,168.46,156.12,139.96,-0.1285255442899924,6.379572762857411,-0.2383940903182058,6.272704391216077,-0.04924592281732032,6.125593982919675,0.8704520470462107,9.868164096018717,-1.840503816092376,0.02562459975576914,138.3,101.5,103.8,97.5,5.6,156,NA,NA,NA,NA,NA,NA,0.14921200798863055,-1.7827077715327988,NA,NA,NA,NA,124.05,0.16135542024411365,2.8868995875709125,99.6,120,-6.416194421728605,-3.0367536616396684,2023-12,99.9931,99.99314,101.08442,106.78364,107.93353,NA,NA
Slovakia,2024-01-01,161.29,164.48,168.9,160.16,141.02,0.754505679140749,4.325664405227059,1.297990142117822,4.787608024246381,1.2664980080288935,4.820060064208231,0.26084909265371437,7.561204025705237,2.5548373254496326,0.9724956651441907,125.1,96.1,98.4,94.4,5.6,155,NA,NA,NA,NA,NA,NA,-0.16935897733008076,-1.7472993668189218,NA,NA,NA,NA,123.6,-0.3634165114219101,2.7311329701065645,101.2,118.4,1.5936592262812965,-1.3423020332140823,2024-01,99.9931,99.99314,101.23134,106.98245,108.11648,NA,NA
Slovakia,2024-02-01,161.45,164.58,168.78,159.26,141.82,0.5656923584955287,3.7574909861049832,0.09915102751927307,3.0883928827591944,0.06077919107658758,3.223098034127858,-0.07107320839345732,5.554953751216729,-0.5635228737611797,0.47204040194968044,122.4,97.2,98.2,94.1,5.5,153,NA,NA,NA,NA,NA,NA,-0.033143939697311,-1.7090105181825521,NA,NA,NA,NA,124.37,0.6210448642058886,2.548894147604752,102.2,116.9,0.9832920916238663,-1.2749853971881997,2024-02,99.9931,99.99314,101.35477,107.07205,108.15232,NA,NA
Slovakia,2024-03-01,160.75,163.62,168.3,164.26,142,0.12684097254105353,2.6329514964643863,-0.43451340865550137,0.5927329785555102,-0.5850108092014139,0.5700116564473667,-0.2847990533060063,3.981982306507348,3.0912451482747905,2.3281214098420655,122.4,96.9,95.8,101,5.4,151,NA,NA,NA,NA,NA,NA,-0.3188186406972271,-1.8499864975047409,NA,NA,NA,NA,125.31,0.752967351154421,2.3986613362774634,104.2,117.6,1.9380451549662503,0.5970166986503322,2024-03,99.9931,99.99314,101.40943,107.37921,108.49768,NA,NA
Slovakia,2024-04-01,160.29,163.01,167.32,157.95,142.53,0.37254462656788334,2.392815358319833,-0.2865688479939621,0.06864917422531036,-0.3735117467353888,-0.06745776480014953,-0.58399546227621,2.1933751417734904,-3.9172011063952183,-2.092545968099735,122.2,98.7,100.7,101.2,5.3,148,NA,NA,NA,NA,NA,NA,0.0881974495958282,-1.2437775825543618,NA,NA,NA,NA,126.04,0.5808649711879887,2.343982735844996,109.6,116.6,5.052524519464896,-0.8539761548134628,2024-04,99.9931,99.99314,101.4315,107.31968,108.40203,NA,NA
Slovakia,2024-05-01,161.95,164.71,169.54,161.53,142.72,0.1332164964759741,2.5907265341180263,1.0302970979548576,0.7001918497334891,1.0374803176386393,0.5601232300296743,1.3180740606261843,3.3100515571995004,2.241235667757291,-1.8827404317302232,122.6,99.6,99.7,102.1,5.3,147,NA,NA,NA,NA,NA,NA,0.04871944093371994,-1.4547211036983754,NA,NA,NA,NA,126.31,0.2139885896809801,2.5336078219336144,102.6,118.1,-6.599944177724648,1.2782449286924624,2024-05,99.9931,99.99314,101.21778,107.24024,108.34923,NA,NA
Slovakia,2024-06-01,161.61,164.46,169.26,158.38,142.79,0.04903506105042865,2.409925970040838,-0.2101620256786063,0.5460086779502937,-0.15189722518353932,0.45097279185473127,-0.16528929383001767,3.5357218328236684,-1.9693675143400924,-3.773097397091174,123.3,100.8,100.9,110.3,5.3,146,NA,NA,NA,NA,NA,NA,0.06712036715246228,-0.9510661858772806,NA,NA,NA,NA,126.58,0.21353165612758573,2.4876307767507377,103.8,115.1,1.1628037995119023,-2.573040747547939,2024-06,99.9931,99.99314,101.28564,107.21609,108.27653,NA,NA
Slovakia,2024-07-01,162.04,164.73,171.81,170.88,143.24,0.3146525688028312,2.961605045936011,0.26571929739374056,1.4984581058102187,0.16403904161412797,1.3383644633831793,1.4953220831915637,5.251632240756354,7.596434698956411,6.185797220215505,124.3,99.8,97.7,110.1,5.3,147,NA,NA,NA,NA,NA,NA,-0.2969453810014677,-0.4292128922491756,NA,NA,NA,NA,126.54,-0.031605562842074164,2.545155390371967,106,113.9,2.0973123380279013,-1.0480445274700045,2024-07,99.9931,99.99314,101.3913,107.46325,108.59853,NA,NA
Slovakia,2024-08-01,162.98,165.79,170.24,162.5,143.65,0.28582402950663166,3.161172600859441,0.5784275557584095,3.1475597010110157,0.6414157292483402,3.1120428690395663,-0.9180008920595562,5.227072086454054,-5.028355400203832,0.9025220438255488,124.2,99.5,99.7,109.9,5.3,147,NA,NA,NA,NA,NA,NA,-0.21515802485412294,-0.47791901443696716,NA,NA,NA,NA,126.72,0.14214643473771105,2.1456456238877486,102.6,111.2,-3.2601161375398036,-2.3990488636655094,2024-08,99.9931,99.99314,101.37957,107.62971,108.83244,NA,NA
Slovakia,2024-09-01,162.93,165.75,169.25,160.23,143.73,0.05567541378423968,2.9012093020885033,-0.03068331772100308,3.097882429641441,-0.024129818540252757,3.0630265948242474,-0.5832294360895496,3.029171477405601,-1.4067718750003344,3.5316467969740195,124.2,99.3,100.3,108.1,5.3,146,NA,NA,NA,NA,NA,NA,0.002710625601931582,-0.5038330964929116,NA,NA,NA,NA,126.6,-0.09474183560396199,1.7289200922536274,95.4,114.7,-7.275935428242786,3.098964231884338,2024-09,99.9931,99.99314,101.30876,107.58573,108.82949,NA,NA
Slovakia,2024-10-01,166.35,169.29,171.56,166.95,144.82,0.755505239753429,3.4635192472335596,2.077334174962253,4.915993496085136,2.113259158318659,4.933966830010839,1.3556147856295553,3.9533189108000855,4.108408336987512,2.793986784080893,123.4,101.3,100.3,111.3,5.3,146,NA,NA,NA,NA,NA,NA,0.08113224503869532,-0.5974892273768795,NA,NA,NA,NA,127.03,0.33907693252928084,1.9796329591063255,97.7,116.3,2.382298059449628,1.3853035389293389,2024-10,99.9931,99.99314,101.51205,107.57995,108.74123,NA,NA
Slovakia,2024-11-01,167.1,170.38,171.49,165.74,145.18,0.24827598960195374,3.53324289143071,0.44984331368622676,4.598440919025304,0.6418015965536483,4.741477520000981,-0.04081037806242804,2.653114345130003,-0.7274070968767532,4.1390314947558515,123.4,99.5,99.6,109,5.2,145,NA,NA,NA,NA,NA,NA,0.1628490975318364,-0.43348372973710525,NA,NA,NA,NA,126.62,-0.3232803919388516,2.211931918061172,96.5,116.2,-1.23585507037971,-0.08602151068073383,2024-11,99.9931,99.99314,101.6388,107.40681,108.56429,NA,NA
Slovakia,2024-12-01,163.04,166.26,169.81,164.72,144.48,-0.48332621880193827,3.1784422169187643,-2.459686612693357,2.3771483966501528,-2.4478408511752647,2.3428825916430362,-0.9844790909845358,0.7981832070992567,-0.6173232701361719,5.3622120407120555,124.1,103,99.4,115.4,5.2,144,NA,NA,NA,NA,NA,NA,0.2528702632734081,-0.3298254744523277,NA,NA,NA,NA,127.07,0.35476406004626426,2.4053405578633225,96.5,115.1,0,-0.9511528689974291,2024-12,99.9931,99.99314,101.48598,107.09227,108.29011,NA,NA
Slovakia,2025-01-01,165.3,166.98,167.67,166.84,147.01,1.7359522007200034,4.159888738498019,1.3766435352564166,2.4558017897887474,0.4321216662912519,1.5085062499053947,-1.2682403008493992,-0.7309061864038569,1.2788206609210206,4.0861953761834435,124.9,91.9,95.8,77.4,5.2,143,NA,NA,NA,NA,NA,NA,0.14416133925969632,-0.0163051578625506,NA,NA,NA,NA,126.72,-0.2758187650327315,2.492938304252501,103.5,114.4,7.002860436048319,-0.6100236782139667,2025-01,99.9931,99.99314,101.43967,107.07133,108.13411,NA,NA
Slovakia,2025-02-01,166,167.35,169.18,164.67,147.59,0.3937547517809392,3.9879511317834293,0.42257835295647084,2.779229115225945,0.2213382891480542,1.6690653479768613,0.8965474926152517,0.23671451460485216,-1.3091798098836982,3.340538440060925,123.7,98.9,100.8,87.5,5.2,144,NA,NA,NA,NA,NA,NA,0.32515272106863335,0.34199150290339375,NA,NA,NA,NA,127.26,0.425230973853008,2.2971244138996205,99.2,113.8,-4.243359841459604,-0.5258557253466911,2025-02,99.9931,99.99314,101.13419,106.79624,107.78308,NA,NA
Slovakia,2025-03-01,165.84,166.96,170.53,168.93,148.01,0.28416798554129485,4.145278144783671,-0.09643202290199326,3.1173105009794533,-0.23331648883901934,2.020759668339256,0.7947997448954247,1.3163133128062832,2.554095670472911,2.8033889622590458,124.3,99,101.9,85.6,5.3,146,NA,NA,NA,NA,NA,NA,-0.7006371647424459,-0.039827021141825014,NA,NA,NA,NA,128.04,0.6110477297016637,2.155204792446863,95.1,110.9,-4.220904473948295,-2.581362733590886,2025-03,99.9931,99.99314,101.04147,107.37242,108.5409,NA,NA
Slovakia,2025-04-01,166.11,167.06,169.97,166.07,148.15,0.09454349704771658,3.867277015263504,0.16267513754621987,3.5665544865196352,0.05987665588156332,2.454148070956208,-0.3289283435562673,1.5713804315262259,-1.7075041715974848,5.013085897056779,123.6,100.1,100.9,91.6,5.4,149,NA,NA,NA,NA,NA,NA,-1.0494677878158498,-1.177492258553503,NA,NA,NA,NA,128.77,0.5685152184030429,2.1428550396619173,87.9,110.3,-7.872916486021264,-0.5424968096864546,2025-04,99.9931,99.99314,101.28783,108.22212,109.686,NA,NA
Slovakia,2025-05-01,168.25,169.08,171.38,164.18,148.92,0.5183974984941386,4.252458017281668,1.2800749021851132,3.816332290749891,1.2018946370828232,2.618562390400392,0.8261362351712265,1.079442606071268,-1.1445999298541842,1.6272502994453042,123.1,96.4,97.6,94.5,5.5,150,NA,NA,NA,NA,NA,NA,0.15216793850232335,-1.0740437609848996,NA,NA,NA,NA,128.7,-0.054375268361184226,1.874491181619753,84,108.3,-4.53830058478184,-1.8298772252512308,2025-05,99.9931,99.99314,101.24152,108.19031,109.51922,NA,NA
Slovakia,2025-06-01,168.42,169.18,172.53,168.35,149.32,0.26824050418667866,4.471663460417918,0.10098910770093283,4.12748342412943,0.05912611772798115,2.8295857333119123,0.6687821152800311,1.9135140151813168,2.5081758686963163,6.104793682481713,123.3,95.6,96.2,93.9,5.5,151,NA,NA,NA,NA,NA,NA,-0.38613540098966226,-1.5272995291270242,NA,NA,NA,NA,129.09,0.3025720916537189,1.963531617145886,92.2,106.7,9.314333171923472,-1.488399569923704,2025-06,99.9931,99.99314,101.22378,108.53648,109.94293,NA,NA
Slovakia,2025-07-01,169.19,169.83,172.62,160.36,149.85,0.35431397162897227,4.5113248632440595,0.45614841688585983,4.317912543621549,0.3834699840809641,3.0490166757787485,0.052151239773845504,0.47034317176359863,-4.862385783277734,-6.3540267997524325,125.3,94.1,95.9,90.6,5.5,151,NA,NA,NA,NA,NA,NA,-0.3729520694162325,-1.603306217541789,NA,NA,NA,NA,129.12,0.023236900302059382,2.0183740802900196,91.7,107.8,-0.5437751300128468,1.0256500167189486,2025-07,99.9931,99.99314,101.1737,108.85316,110.35373,NA,NA
Slovakia,2025-08-01,169.27,169.85,172.94,160,150,0.10005003335828988,4.325550867095718,0.047272943030129966,3.7867579308932697,0.011775788991474911,2.419376735521883,0.1852066740773317,1.5735507379004865,-0.22474725404793006,-1.5504186535965303,126,96,97,90.8,5.5,150,NA,NA,NA,NA,NA,NA,0.043505953252243046,-1.344642239435423,NA,NA,NA,NA,129.31,0.14704177861215584,2.0232694241644644,88.1,106.8,-4.004984632028563,-0.9319731948802534,2025-08,99.9931,99.99314,101.11724,108.82787,110.30573,NA,NA
Slovakia,2025-09-01,168.82,169.18,172.62,157.1,150.29,0.19314668497472098,4.463022138286199,-0.26620146454323645,3.5512397840710364,-0.395245773072439,2.048260780989697,-0.1852066740773317,1.9715734999127044,-1.8291269972251278,-1.9727737758213237,125.6,100,100.8,92.5,5.5,151,NA,NA,NA,NA,NA,NA,-0.08271760033844444,-1.430070465375799,NA,NA,NA,NA,129.42,0.08503073213592671,2.203041991904353,87.6,107.2,-0.5691534999788139,0.3738322110606873,2025-09,99.9931,99.99314,100.98529,108.8546,110.39701,NA,NA
Slovakia,2025-10-01,168.74,169.13,172.95,157.45,150.44,0.09975726561330944,3.8072741641460794,-0.04739898180927682,1.4265066272995064,-0.029558688991837556,-0.09455706632079952,0.19098885916664088,0.80694757344979,0.2225402285458422,-5.858641884262994,124.9,96.6,97.9,93.6,5.5,152,NA,NA,NA,NA,NA,NA,0.17217271873422035,-1.339029991680274,NA,NA,NA,NA,129.7,0.21611616932784017,2.0800812287029125,84.3,106.3,-3.839913293453634,-0.8430963288799553,2025-10,99.9931,99.99314,100.94023,108.77598,110.2071,NA,NA
Slovakia,2025-11-01,168.54,169,173.66,161.55,150.86,0.27879208233487773,3.8377902568790034,-0.11859583932736228,0.8580674742859173,-0.07689350628767855,-0.8132521691621264,0.409682924932131,1.257440876444349,2.5706744723473562,-2.5605603150388845,124.9,96.2,99,88.9,5.6,153,NA,NA,NA,NA,NA,NA,0.11157045890524131,-1.390308630306869,NA,NA,NA,NA,129.33,-0.28568138952449473,2.1176802311172693,84,109,-0.35650661644961446,2.5082596881241592,2025-11,99.9931,99.99314,100.83897,108.72647,110.08421,NA,NA
Slovakia,2025-12-01,167.57,168,174.19,157.81,150.36,-0.33198357295072256,3.989132902730219,-0.5771935931575101,2.7405604938217643,-0.5934735519814716,1.0411151300316668,0.3047292856871664,2.546649253116051,-2.342291451046563,-4.285528495949276,124.6,94.5,93.7,86.1,5.7,156,NA,NA,NA,NA,NA,NA,-0.1559497644352703,-1.7991286580155474,NA,NA,NA,NA,129.56,0.17768168759753067,1.9405978586685357,82.9,109.4,-1.3181736702064129,0.366300775873718,2025-12,99.9931,99.99314,100.80998,108.87244,110.25602,NA,NA
Slovakia,2026-01-01,171.8,172.02,176.76,162.63,153.31,1.9429596626385326,4.196140364648748,2.4929835137522893,3.856900472317637,2.3646769720074623,2.973670435747877,1.4646222773168738,5.279511831282324,3.0085904180315204,-2.555758738838776,124.6,95.7,98.4,90.3,5.7,158,NA,NA,NA,NA,NA,NA,0.14288789037388838,-1.8004021069013554,NA,NA,NA,NA,128.84,-0.5572769840130221,1.6591396396882452,92.8,111,11.281157765090555,1.4519311324453277,2026-01,99.9931,99.99314,100.74066,108.79626,110.09859,NA,NA
Slovakia,2026-02-01,170.5,170.61,177.9,159.62,153.49,0.11734030029542097,3.91972591316323,-0.7595712826583778,2.6747508367027883,-0.8230499136515412,1.9292822329482817,0.6428714409250524,5.025835779592125,-1.8681691492494323,-3.11474807820451,124.5,96.1,97.8,86.2,5.8,159,NA,NA,NA,NA,NA,NA,0.06823486577438587,-2.057319962195603,NA,NA,NA,NA,129.67,0.6421437097794858,1.876052375614723,92.4,113.5,-0.4319661144516651,2.2272635609123625,2026-02,99.9931,99.99314,100.68071,108.72454,110.02349,NA,NA
Slovakia,2026-03-01,168.03,168.1,175.87,156.17,153.51,0.013029315979284917,3.64858724360122,-1.4592761833720935,1.311906676232688,-1.4821209572247973,0.6804777645625038,-1.1476508923516704,3.08338514234503,-2.185083294810841,-7.853927043488262,124.4,96.8,98.2,90.6,5.8,159,NA,NA,NA,NA,NA,NA,0.08973928064914816,-1.2669435168040089,NA,NA,NA,NA,131.31,1.256817831012036,2.521822476925095,130.6,116.7,34.60122381946924,2.7803702371052452,2026-03,99.9931,99.99314,100.9744,108.76413,109.9248,NA,NA
Slovakia,2026-04-01,167.74,167.57,176.24,156.5,154.27,0.4938602538738124,4.047904000427316,-0.17273733335851915,0.9764942053279491,-0.31578660019375704,0.3048145084871834,0.21016167458149937,3.6224751604827965,0.21108524804533957,-5.935337623845438,126.4,96.7,97.3,91,5.8,159,NA,NA,NA,NA,NA,NA,0.07125589493526263,-0.1462198340528964,NA,NA,NA,NA,132.66,1.022852422649656,2.9761596811717084,146.7,118.5,11.625046830660501,1.530642128267612,2026-04,99.9931,99.99314,100.72287,108.73662,109.8465,NA,NA
Slovakia,2026-05-01,168.69,168.63,177.65,158.6,154.83,0.3623426804897356,3.891849182422913,0.5647549415954245,0.26117424473826034,0.6305791269460848,-0.26650100164955504,0.7968619972947621,3.593200922606332,1.3329299220539603,-3.4578077719372935,127.3,96.7,97.7,91,5.7,158,NA,NA,NA,NA,NA,NA,0.24021399746452232,-0.05817377509069743,NA,NA,NA,NA,132.77,0.08288438104004925,3.113419330572942,133.7,120.7,-9.27912010410381,1.8395167528299616,2026-05,99.9931,99.99314,100.64703,108.58686,109.58295,NA,NA
Slovakia,2026-06-01,167.58,167.36,176.93,157.04,154.55,-0.18100722506195766,3.4426014531742766,-0.6601861787078889,-0.5000010416705614,-0.7559784805534875,-1.0816055999310237,-0.40611483421244543,2.5183039731138557,-0.9884759232541285,-6.954459563887738,128.1,96,96.7,91.5,5.7,158,NA,NA,NA,NA,NA,NA,0.1486463047090325,0.47660793060799733,NA,NA,NA,NA,132.64,-0.09796165208255658,2.7128855868366664,109.9,117.2,-19.60276226983213,-2.9426250960573164,2026-06,99.9931,99.99314,100.6264,108.51962,109.42018,NA,NA
Slovakia,2026-07-01,165.7,165.38,175.93,151.51,154.67,0.07761464719227007,3.1659021287375744,-1.128192475262324,-2.084341933818745,-1.1901324582537676,-2.6552080422657554,-0.5667985473956527,1.8993541859443575,-3.584892059646183,-5.676965840256187,128.5,95.3,97.7,95.1,5.7,158,NA,NA,NA,NA,NA,NA,-0.07780728387123403,0.7717527161529958,NA,NA,NA,NA,132.93,0.21839824925233842,2.9080469357869454,108.8,117.5,-1.0059526987733491,0.25564564413009805,2026-07,99.9931,99.99314,100.82348,108.65347,109.50535,NA,NA
Slovakia,2026-08-01,164.96,164.76,175.46,147.45,154.61,-0.03879979355447816,3.0270523018248063,-0.4475904163867561,-2.5792052932356313,-0.37559867261407476,-3.042582503871305,-0.26750919507172455,1.4466383167953012,-2.71624941104589,-8.168467997254147,NA,NA,NA,NA,NA,NA,NA,NA,NA,NA,NA,NA,NA,NA,NA,NA,NA,NA,133.5,0.42788039607959405,3.1888855532543836,118.4,119.1,8.455738802806234,1.3525142777040422,NA,NA,NA,NA,NA,NA,NA,NA
